<prefab version="1.2.0">
	<group pos="4.8 0.0 5.2">
		<vehicle name="SprinterNovaPoshta" pos="0.0 0.0 -5.2" rot="0.0 0.0 0.0" sound="small1" topspeed="300">
			<body pos="0.03 0.57 5.3" dynamic="true">
				<vox pos="-0.03 -0.35 -0.1" file="MOD/vehicles/SprinterNovaPoshta.vox" object="body">
					<location tags="player" pos="-0.55 1.55 -1.1"/>
					<location tags="vital" pos="0.0 0.85 -2.55"/>
					<location tags="exhaust" pos="0.4 0.05 2.7" rot="0.0 180.0 0.0"/>
					<light pos="-1.0 0.85 3.1" type="area" color="1.0 0.0 0.0" size="0.2" glare="0.2"/>
					<light pos="1.0 0.85 3.1" type="area" color="1.0 0.0 0.0" size="0.2" glare="0.2"/>
					<light pos="-0.85 0.85 -2.7" rot="0.0 -180.0 0.0" type="cone" scale="5" size="0.10" glare="0.3"/>
					<light pos="0.85 0.85 -2.7" rot="0.0 -180.0 0.0" type="cone" scale="5" size="0.10" glare="0.3"/>
				</vox>
				<vox pos="1.07 -0.15 -1.5" rot="0 0 0" prop="true" file="MOD/vehicles/SprinterNovaPoshta.vox" object="doorr">
					<joint pos="0.0 0.5 -0.6" rotstrength="0.1" collide="true"/>
					<joint pos="0.0 1.0 -0.6" rotstrength="0.1" collide="true"/>
				</vox>
				<vox pos="-1.23 -0.15 -1.5" rot="0 0 0" prop="true" file="MOD/vehicles/SprinterNovaPoshta.vox" object="doorl">
					<joint pos="0.1 0.5 -0.6" rotstrength="0.1" collide="true"/>
					<joint pos="0.1 1.0 -0.6" rotstrength="0.1" collide="true"/>
				</vox>
				<vox pos="0.37 0.05 3.4" rot="0 0 0" prop="true" file="MOD/vehicles/SprinterNovaPoshta.vox" object="reardoorr">
					<joint pos="0.5 0.2 0.0" rotstrength="0.2" collide="true"/>
					<joint pos="0.5 1.3 0.0" rotstrength="0.2" collide="true"/>
				</vox>
				<vox pos="-0.53 0.05 3.4" rot="0 0 0" prop="true" file="MOD/vehicles/SprinterNovaPoshta.vox" object="reardoorl">
					<joint pos="-0.4 0.2 0.0" rotstrength="0.2" collide="true"/>
					<joint pos="-0.4 1.3 0.0" rotstrength="0.2" collide="true"/>
				</vox>
				<wheel pos="0.92 -0.22 -2.35" drive="0" steer="1">
					<vox pos="-0.05 -0.35 0.05" file="MOD/vehicles/SprinterNovaPoshta.vox" object="wheel_fr"/>
				</wheel>
				<wheel pos="-0.98 -0.22 -2.35" drive="0" steer="1">
					<vox pos="-0.05 -0.35 0.05" file="MOD/vehicles/SprinterNovaPoshta.vox" object="wheel_fl"/>
				</wheel>
				<wheel pos="0.92 -0.22 2.05" drive="1">
					<vox pos="-0.05 -0.35 0.05" file="MOD/vehicles/SprinterNovaPoshta.vox" object="wheel_br"/>
				</wheel>
				<wheel pos="-0.98 -0.22 2.05" drive="1">
					<vox pos="-0.05 -0.35 0.05" file="MOD/vehicles/SprinterNovaPoshta.vox" object="wheel_bl"/>
				</wheel>
			</body>
		</vehicle>
	</group>
</prefab>

