<prefab version="0.8.0">
	<group id_="13042460" name="instance=MOD/DesertBuildings/2Bed1Chest.xml" pos="-22.4 6.5 32.9" rot="0.0 90.0 0.0">
		<group id_="296961728" name="SideWall" pos="4.7 0.0 0.0">
			<voxbox id_="2107504256" name="PlainSandstone" pos="-0.7 0.0 -4.0" rot="0.0 0.0 0.0" size="16 48 32" brush="MOD/brush/blocksExtended.vox" object="PlainSandstone"/>
			<voxbox id_="1772332672" name="PlainSandstone" pos="-0.7 0.0 -0.8" rot="0.0 0.0 0.0" size="16 16 16" brush="MOD/brush/blocksExtended.vox" object="PlainSandstone"/>
			<voxbox id_="1949815040" name="PlainSandstone" pos="-0.7 0.0 0.8" rot="0.0 0.0 0.0" size="16 48 32" brush="MOD/brush/blocksExtended.vox" object="PlainSandstone"/>
			<voxbox id_="215036736" name="SandstoneSlab" pos="-0.7 1.6 -0.8" rot="0.0 0.0 0.0" size="16 8 16" brush="MOD/brush/blocksExtended.vox" object="sandstone" offset="0 8 0"/>
			<voxbox id_="566724352" name="SandstoneSlab" pos="-0.7 4.0 -0.8" rot="0.0 0.0 0.0" size="16 8 16" brush="MOD/brush/blocksExtended.vox" object="sandstone" offset="0 8 0"/>
		</group>
		<group id_="1303459584" name="Roof" pos="-0.0 4.8 0.0">
			<voxbox id_="145498800" name="SmoothSandstone" pos="5.6 0.0 -4.0" rot="0.0 -90.0 0.0" size="80 16 112" brush="MOD/brush/blocksExtended.vox" object="smoothsandstone"/>
			<voxbox id_="196751072" name="SandstoneSlab" pos="-5.6 1.6 2.4" rot="0.0 0.0 0.0" size="16 8 16" brush="MOD/brush/blocksExtended.vox" object="sandstone" offset="0 8 0"/>
			<voxbox id_="75305456" name="SandstoneSlab" pos="-5.6 1.6 -0.8" rot="0.0 0.0 0.0" size="16 8 16" brush="MOD/brush/blocksExtended.vox" object="sandstone" offset="0 8 0"/>
			<voxbox id_="984148608" name="SandstoneSlab" pos="-5.6 1.6 -4.0" rot="0.0 0.0 0.0" size="16 8 16" brush="MOD/brush/blocksExtended.vox" object="sandstone" offset="0 8 0"/>
			<voxbox id_="941219968" name="SandstoneSlab" pos="-0.8 1.6 -4.0" rot="0.0 0.0 0.0" size="16 8 16" brush="MOD/brush/blocksExtended.vox" object="sandstone" offset="0 8 0"/>
			<voxbox id_="1675464576" name="SandstoneSlab" pos="4.0 1.6 -4.0" rot="0.0 0.0 0.0" size="16 8 16" brush="MOD/brush/blocksExtended.vox" object="sandstone" offset="0 8 0"/>
			<voxbox id_="222508304" name="SandstoneSlab" pos="4.0 1.6 -0.8" rot="0.0 0.0 0.0" size="16 8 16" brush="MOD/brush/blocksExtended.vox" object="sandstone" offset="0 8 0"/>
			<voxbox id_="1334001152" name="SandstoneSlab" pos="4.0 1.6 2.4" rot="0.0 0.0 0.0" size="16 8 16" brush="MOD/brush/blocksExtended.vox" object="sandstone" offset="0 8 0"/>
			<voxbox id_="1065549312" name="SandstoneSlab" pos="-0.8 1.6 2.4" rot="0.0 0.0 0.0" size="16 8 16" brush="MOD/brush/blocksExtended.vox" object="sandstone" offset="0 8 0"/>
		</group>
		<group id_="1901184256" name="SideWall" pos="-4.8 0.0 0.0">
			<voxbox id_="677618048" name="PlainSandstone" pos="-0.8 0.0 -4.0" rot="0.0 0.0 0.0" size="16 48 32" brush="MOD/brush/blocksExtended.vox" object="PlainSandstone"/>
			<voxbox id_="651729792" name="PlainSandstone" pos="-0.8 0.0 -0.8" rot="0.0 0.0 0.0" size="16 16 16" brush="MOD/brush/blocksExtended.vox" object="PlainSandstone"/>
			<voxbox id_="1091634176" name="PlainSandstone" pos="-0.8 0.0 0.8" rot="0.0 0.0 0.0" size="16 48 32" brush="MOD/brush/blocksExtended.vox" object="PlainSandstone"/>
			<voxbox id_="1868021120" name="SandstoneSlab" pos="-0.8 1.6 -0.8" rot="0.0 0.0 0.0" size="16 8 16" brush="MOD/brush/blocksExtended.vox" object="sandstone" offset="0 8 0"/>
			<voxbox id_="1187781376" name="SandstoneSlab" pos="-0.8 4.0 -0.8" rot="0.0 0.0 0.0" size="16 8 16" brush="MOD/brush/blocksExtended.vox" object="sandstone" offset="0 8 0"/>
		</group>
		<group id_="1789045376" name="BackWall" pos="-0.0 0.0 -3.2">
			<voxbox id_="2026234624" name="PlainSandstone" pos="2.4 0.0 -0.8" rot="0.0 0.0 0.0" size="16 48 16" brush="MOD/brush/blocksExtended.vox" object="PlainSandstone"/>
			<voxbox id_="599887616" name="SandstoneSlab" pos="0.8 4.0 -0.8" rot="0.0 0.0 0.0" size="16 8 16" brush="MOD/brush/blocksExtended.vox" object="sandstone" offset="0 8 0"/>
			<voxbox id_="2110846720" name="PlainSandstone" pos="-0.8 1.6 -0.8" rot="0.0 0.0 0.0" size="16 32 16" brush="MOD/brush/blocksExtended.vox" object="PlainSandstone"/>
			<voxbox id_="213004992" name="SandstoneSlab" pos="-2.4 4.0 -0.8" rot="0.0 0.0 0.0" size="16 8 16" brush="MOD/brush/blocksExtended.vox" object="sandstone" offset="0 8 0"/>
			<voxbox id_="821216192" name="PlainSandstone" pos="-4.0 0.0 -0.8" rot="0.0 0.0 0.0" size="16 48 16" brush="MOD/brush/blocksExtended.vox" object="PlainSandstone"/>
			<voxbox id_="974055488" name="PlainSandstone" pos="-2.4 0.0 -0.8" rot="0.0 0.0 0.0" size="48 16 16" brush="MOD/brush/blocksExtended.vox" object="PlainSandstone"/>
			<voxbox id_="993127616" name="SandstoneSlab" pos="-2.4 1.6 -0.8" rot="0.0 0.0 0.0" size="16 8 16" brush="MOD/brush/blocksExtended.vox" object="sandstone" offset="0 8 0"/>
			<voxbox id_="1723374336" name="SandstoneSlab" pos="0.8 1.6 -0.8" rot="0.0 0.0 0.0" size="16 8 16" brush="MOD/brush/blocksExtended.vox" object="sandstone" offset="0 8 0"/>
		</group>
		<group id_="22545760" name="FrontWall" pos="0.0 0.0 3.2">
			<voxbox id_="1240803328" name="PlainSandstone" pos="-0.8 3.2 -0.8" rot="0.0 0.0 0.0" size="16 16 16" brush="MOD/brush/blocksExtended.vox" object="PlainSandstone"/>
			<voxbox id_="464875232" name="SandstoneSlab" pos="2.4 1.6 -0.8" rot="0.0 0.0 0.0" size="16 8 16" brush="MOD/brush/blocksExtended.vox" object="sandstone" offset="0 8 0"/>
			<voxbox id_="1208295424" name="SandstoneSlab" pos="2.4 4.0 -0.8" rot="0.0 0.0 0.0" size="16 8 16" brush="MOD/brush/blocksExtended.vox" object="sandstone" offset="0 8 0"/>
			<voxbox id_="171845888" name="SandstoneSlab" pos="-4.0 4.0 -0.8" rot="0.0 0.0 0.0" size="16 8 16" brush="MOD/brush/blocksExtended.vox" object="sandstone" offset="0 8 0"/>
			<voxbox id_="1396854016" name="SandstoneSlab" pos="-4.0 1.6 -0.8" rot="0.0 0.0 0.0" size="16 8 16" brush="MOD/brush/blocksExtended.vox" object="sandstone" offset="0 8 0"/>
			<voxbox id_="834127552" name="PlainSandstone" pos="-2.4 1.6 -0.8" rot="0.0 0.0 0.0" size="16 32 16" brush="MOD/brush/blocksExtended.vox" object="PlainSandstone"/>
			<voxbox id_="619746240" name="PlainSandstone" pos="0.8 1.6 -0.8" rot="0.0 0.0 0.0" size="16 32 16" brush="MOD/brush/blocksExtended.vox" object="PlainSandstone"/>
			<voxbox id_="1887224320" name="PlainSandstone" pos="0.8 0.0 -0.8" rot="0.0 0.0 0.0" size="32 16 16" brush="MOD/brush/blocksExtended.vox" object="PlainSandstone"/>
			<voxbox id_="468086688" name="PlainSandstone" pos="-4.0 0.0 -0.8" rot="0.0 0.0 0.0" size="32 16 16" brush="MOD/brush/blocksExtended.vox" object="PlainSandstone"/>
		</group>
		<group id_="567969664" name="Door" pos="0.0 0.0 2.5" rot="0.0 -90.0 0.0">
			<vox id_="1865464960" name="frame" pos="0.0 0.0 0.0" rot="0.0 0.0 0.0" file="MOD/main/Jungle Wood.vox" object="Frame"/>
			<vox id_="1474649984" name="blade" pos="0.0 0.1 0.0" rot="0.0 0.0 0.0" prop="true" file="MOD/main/Jungle Wood.vox" object="Door">
				<joint id_="56495480" pos="0.0 2.6 0.7" rot="0.0 0.0 0.0" type="ball" size="0.1" rotstrength="0.01" rotspring="0"/>
				<joint id_="152314960" pos="0.0 1.5 0.7" rot="0.0 0.0 0.0" type="ball" size="0.1" rotstrength="0.01" rotspring="0"/>
				<joint id_="1958204160" pos="0.0 0.5 0.7" rot="0.0 0.0 0.0" type="ball" size="0.1" rotstrength="0.01" rotspring="0"/>
			</vox>
		</group>
		<group id_="174336400" name="Chest" pos="-3.2 0.0 1.6" rot="0.0 0.0 0.0">
			<vox id_="1237985024" name="frame" pos="0.0 0.0 0.0" rot="0.0 0.0 0.0" density="3.0" prop="true" file="MOD/main/mcobjects.vox" object="ChestBase"/>
			<vox id_="224277888" name="blade" pos="0.0 0.9 0.0" rot="0.0 0.0 0.0" prop="true" file="MOD/main/mcobjects.vox" object="ChestLid">
				<joint id_="1296446720" pos="-0.7 0.2 0.3" rot="0.0 0.0 0.0" type="ball" size="0.1" rotstrength="0.1" rotspring="0" collide="true"/>
				<joint id_="2110650112" pos="-0.7 0.2 -0.4" rot="0.0 0.0 0.0" type="ball" size="0.1" rotstrength="0.1" rotspring="0" collide="true"/>
			</vox>
			<vox id_="2030953472" name="Coal" pos="0.4 0.2 0.4" rot="0.0 0.0 0.0" prop="true" file="MOD/main/mcobjects.vox" object="Coal"/>
			<vox id_="420897888" name="Diamond" pos="-0.5 0.1 -0.4" rot="0.0 0.0 0.0" prop="true" file="MOD/main/mcobjects.vox" object="Diamond"/>
			<vox id_="957277248" name="Gold" pos="-0.4 0.1 0.4" rot="0.0 0.0 0.0" prop="true" file="MOD/main/mcobjects.vox" object="Gold"/>
			<vox id_="995421504" name="Iron" pos="0.0 0.1 0.4" rot="0.0 0.0 0.0" prop="true" file="MOD/main/mcobjects.vox" object="Iron"/>
			<vox id_="648387200" name="Shovel" pos="0.4 0.2 0.1" rot="4.5 163.2 -40.5" density="1.5" strength="5.0" prop="true" file="MOD/main/tools.vox" object="iron_shovel"/>
		</group>
		<voxbox id_="1306408832" name="PlainSandstoneFloor" pos="-5.6 -1.6 -4.0" rot="0.0 0.0 0.0" size="112 16 80" brush="MOD/brush/blocksExtended.vox" object="PlainSandstone"/>
		<voxbox id_="1420776064" name="Terracotta" pos="-0.8 0.0 -2.4" rot="0.0 0.0 0.0" size="16 16 16" brush="MOD/brush/blocksExtended.vox" object="terracotta"/>
		<vox id_="974383168" pos="1.6 2.0 3.9" rot="35 0 0" file="MOD/main/mcobjects.vox" object="torch">
			<light id_="1683001600" pos="0 1 0" rot="0.0 0.0 0.0" type="sphere" color="2 .9 .4" size="0.2 0.2" unshadowed="0.5" glare="0"/>
		</vox>
		<vox id_="1430869248" pos="-1.6 2.0 3.9" rot="35 0 0" file="MOD/main/mcobjects.vox" object="torch">
			<light id_="992078976" pos="0 1 0" rot="0.0 0.0 0.0" type="sphere" color="2 .9 .4" size="0.2 0.2" unshadowed="0.5" glare="0"/>
		</vox>
		<vox id_="2032460928" pos="-3.2 3.6 -2.5" rot="35 0 0" file="MOD/main/mcobjects.vox" object="torch">
			<light id_="2072243712" pos="0 1 0" rot="0.0 0.0 0.0" type="sphere" color="2 .9 .4" size="0.2 0.2" unshadowed="0.5" glare="0"/>
		</vox>
		<vox id_="1943326592" pos="3.2 3.6 -2.5" rot="35 0 0" file="MOD/main/mcobjects.vox" object="torch">
			<light id_="410345952" pos="0 1 0" rot="0.0 0.0 0.0" type="sphere" color="2 .9 .4" size="0.2 0.2" unshadowed="0.5" glare="0"/>
		</vox>
		<vox id_="1539010304" pos="0.0 3.5 2.5" rot="35.0 -180.0 0.0" file="MOD/main/mcobjects.vox" object="torch">
			<light id_="1211113600" pos="0 1 0" rot="0.0 0.0 0.0" type="sphere" color="2 .9 .4" size="0.2 0.2" unshadowed="0.5" glare="0"/>
		</vox>
		<vox id_="1377257600" pos="3.2 0.0 -0.8" rot="0.0 -90.0 0.0" prop="true" file="MOD/main/GreenBed.vox" object="bed"/>
		<vox id_="426993088" pos="-3.2 0.0 -0.8" rot="0.0 -90.0 0.0" prop="true" file="MOD/main/GreenBed.vox" object="bed"/>
		<vox id_="1082917376" name="CactusPlantPot" pos="0.0 1.6 -1.6" prop="true" file="MOD/Parts/PlantPot.vox" object="flowerpot">
			<vox id_="242825696" name="Cactus" pos="0.0 0.5 0.0" prop="false" file="MOD/Parts/PlantPot.vox" object="MiniCactus"/>
		</vox>
		<vox id_="182856608" name="CactusPlantPot" pos="-3.2 0.0 4.8" prop="true" file="MOD/Parts/PlantPot.vox" object="flowerpot">
			<vox id_="1672515200" name="Cactus" pos="0.0 0.5 0.0" prop="false" file="MOD/Parts/PlantPot.vox" object="MiniCactus"/>
		</vox>
	</group>
</prefab>

