<prefab version="0.8.0">
	<group id_="526286208" name="AnimalShed" pos="34.4 22.4 44.0">
		<group id_="869191488" name="SmallWall" pos="7.9 0.0 -0.8">
			<voxbox id_="1211179264" name="SmoothSandstone" pos="-0.7 0.0 -3.2" size="16 80 16" brush="MOD/brush/blocksExtended.vox" object="smoothsandstone"/>
			<voxbox id_="1528392832" name="PlainSandstone" pos="-0.7 0.0 -1.6" size="16 64 32" brush="MOD/brush/blocksExtended.vox" object="PlainSandstone"/>
			<voxbox id_="505772192" name="SmoothSandstone" pos="-0.7 0.0 1.6" size="16 80 16" brush="MOD/brush/blocksExtended.vox" object="smoothsandstone"/>
			<voxbox id_="705472576" name="PlainSandstone" pos="-0.7 6.4 -1.6" size="16 8 32" brush="MOD/brush/blocksExtended.vox" object="sandstone" offset="0 8 0"/>
		</group>
		<voxbox id_="1943392128" name="Roof" pos="-0.8 6.4 -4.0" rot="0.0 0.0 0.0" size="80 8 64" brush="MOD/brush/blocksExtended.vox" object="sandstone" offset="0 8 0"/>
		<group id_="158082480" name="BackWall" pos="3.2 0.0 -3.2">
			<voxbox id_="346378912" name="PlainSandstone" pos="2.4 1.6 -0.8" size="16 32 16" brush="MOD/brush/blocksExtended.vox" object="PlainSandstone"/>
			<voxbox id_="2060184320" name="PlainSandstone" pos="-4.0 0.0 -0.8" size="80 16 16" brush="MOD/brush/blocksExtended.vox" object="PlainSandstone"/>
			<voxbox id_="722709568" name="SandstoneSlab" pos="0.8 1.6 -0.8" size="16 8 16" brush="MOD/brush/blocksExtended.vox" object="sandstone" offset="0 8 0"/>
			<voxbox id_="50269180" name="PlainSandstone" pos="-0.8 1.6 -0.8" size="16 32 16" brush="MOD/brush/blocksExtended.vox" object="PlainSandstone"/>
			<voxbox id_="1933167872" name="SandstoneSlab" pos="-2.4 1.6 -0.8" size="16 8 16" brush="MOD/brush/blocksExtended.vox" object="sandstone" offset="0 8 0"/>
			<voxbox id_="1855371904" name="PlainSandstone" pos="-4.0 1.6 -0.8" size="16 32 16" brush="MOD/brush/blocksExtended.vox" object="PlainSandstone"/>
			<voxbox id_="1613857024" name="PlainSandstone" pos="-4.0 4.8 -0.8" size="80 16 16" brush="MOD/brush/blocksExtended.vox" object="PlainSandstone"/>
			<voxbox id_="1524067200" name="SandstoneSlab" pos="-2.4 4.0 -0.8" size="16 8 16" brush="MOD/brush/blocksExtended.vox" object="sandstone" offset="0 8 0"/>
			<voxbox id_="232798080" name="SandstoneSlab" pos="0.8 4.0 -0.8" size="16 8 16" brush="MOD/brush/blocksExtended.vox" object="sandstone" offset="0 8 0"/>
		</group>
		<group id_="2136407424" name="SmallWall" pos="-1.7 0.0 -0.8">
			<voxbox id_="2011553664" name="SmoothSandstone" pos="-0.7 0.0 -3.2" size="16 80 16" brush="MOD/brush/blocksExtended.vox" object="smoothsandstone"/>
			<voxbox id_="1083638400" name="PlainSandstone" pos="-0.7 3.2 -1.6" size="16 32 32" brush="MOD/brush/blocksExtended.vox" object="PlainSandstone"/>
			<voxbox id_="236009536" name="SmoothSandstone" pos="-0.7 0.0 1.6" size="16 80 16" brush="MOD/brush/blocksExtended.vox" object="smoothsandstone"/>
			<voxbox id_="853527424" name="PlainSandstone" pos="-0.7 6.4 -1.6" size="16 8 32" brush="MOD/brush/blocksExtended.vox" object="sandstone" offset="0 8 0"/>
		</group>
		<group id_="78648000" name="OuterPen" pos="-5.6 0.0 -0.8">
			<voxbox id_="931126784" name="SandstoneSlab" pos="-3.2 4.8 -1.6" rot="0.0 0.0 0.0" size="16 8 32" brush="MOD/brush/blocksExtended.vox" object="sandstone" offset="0 8 0"/>
			<voxbox id_="1182538240" name="SmoothSandstone" pos="-3.2 0.0 1.6" rot="0.0 0.0 0.0" size="16 64 16" brush="MOD/brush/blocksExtended.vox" object="smoothsandstone"/>
			<voxbox id_="1396919552" name="SandstoneSlab" pos="-1.6 4.8 -3.2" rot="0.0 0.0 0.0" size="48 8 64" brush="MOD/brush/blocksExtended.vox" object="sandstone" offset="0 8 0"/>
			<voxbox id_="1086784256" name="SandstoneWall" pos="-1.6 0.0 2.1" rot="0.0 0.0 0.0" size="48 13 6" brush="MOD/brush/blocksExtended.vox" object="sandstonewall"/>
			<voxbox id_="1627554816" name="SandstoneWall" pos="-2.1 0.0 -1.6" rot="0.0 -90.0 0.0" size="32 13 6" brush="MOD/brush/blocksExtended.vox" object="sandstonewall"/>
			<voxbox id_="285623328" name="SandstoneWall" pos="-1.6 0.0 -2.7" rot="0.0 0.0 0.0" size="48 13 6" brush="MOD/brush/blocksExtended.vox" object="sandstonewall"/>
			<voxbox id_="1330265344" name="SmoothSandstone" pos="-3.2 0.0 -3.2" rot="0.0 0.0 0.0" size="16 64 16" brush="MOD/brush/blocksExtended.vox" object="smoothsandstone"/>
		</group>
		<voxbox id_="287392896" name="SmoothSandstone" pos="-2.4 0.0 2.4" rot="0.0 0.0 0.0" size="16 16 16" brush="MOD/brush/blocksExtended.vox" object="smoothsandstone"/>
		<voxbox id_="1789635200" name="SmoothSandstone" pos="4.0 0.0 2.4" rot="0.0 0.0 0.0" size="16 16 16" brush="MOD/brush/blocksExtended.vox" object="smoothsandstone"/>
		<group id_="777632128" name="BackWall" pos="3.2 0.0 1.6">
			<voxbox id_="1209737344" name="PlainSandstone" pos="2.4 1.6 -0.8" size="16 32 16" brush="MOD/brush/blocksExtended.vox" object="PlainSandstone"/>
			<voxbox id_="333008736" name="PlainSandstone" pos="-0.8 0.0 -0.8" size="48 16 16" brush="MOD/brush/blocksExtended.vox" object="PlainSandstone"/>
			<voxbox id_="1971705344" name="SandstoneSlab" pos="0.8 1.6 -0.8" size="16 8 16" brush="MOD/brush/blocksExtended.vox" object="sandstone" offset="0 8 0"/>
			<voxbox id_="302073856" name="PlainSandstone" pos="-0.8 1.6 -0.8" size="16 32 16" brush="MOD/brush/blocksExtended.vox" object="PlainSandstone"/>
			<voxbox id_="1472618240" name="PlainSandstone" pos="-4.0 0.0 -0.8" size="16 48 16" brush="MOD/brush/blocksExtended.vox" object="PlainSandstone"/>
			<voxbox id_="1604091520" name="PlainSandstone" pos="-4.0 4.8 -0.8" size="80 16 16" brush="MOD/brush/blocksExtended.vox" object="PlainSandstone"/>
			<voxbox id_="1717868928" name="SandstoneSlab" pos="0.8 4.0 -0.8" size="16 8 16" brush="MOD/brush/blocksExtended.vox" object="sandstone" offset="0 8 0"/>
			<voxbox id_="421946528" name="PlainSandstone" pos="-2.4 3.2 -0.8" size="16 16 16" brush="MOD/brush/blocksExtended.vox" object="PlainSandstone"/>
		</group>
		<voxbox id_="1041823872" name="Floor" pos="0.8 -1.6 0.8" rot="0.0 0.0 0.0" size="16 16 16" brush="MOD/brush/blocksExtended.vox" object="PlainSandstone"/>
		<voxbox id_="699901632" name="Floor" pos="-2.4 -1.6 -2.4" rot="0.0 0.0 0.0" size="96 16 32" brush="MOD/brush/blocksExtended.vox" object="PlainSandstone"/>
		<vox id_="2083057792" name="CactusPlantPot" pos="-1.6 1.6 3.2" prop="true" file="MOD/Parts/PlantPot.vox" object="flowerpot">
			<vox id_="1850587392" name="Cactus" pos="0.0 0.5 0.0" prop="false" file="MOD/Parts/PlantPot.vox" object="MiniCactus"/>
		</vox>
		<vox id_="2050025600" name="CactusPlantPot" pos="4.8 1.6 3.2" prop="true" file="MOD/Parts/PlantPot.vox" object="flowerpot">
			<vox id_="637179904" name="Cactus" pos="0.0 0.5 0.0" prop="false" file="MOD/Parts/PlantPot.vox" object="MiniCactus"/>
		</vox>
		<group id_="1449417088" name="Door" pos="1.6 0.0 0.9" rot="0.0 -90.0 0.0">
			<vox id_="2051467520" name="frame" pos="0.0 0.0 0.0" rot="0.0 0.0 0.0" file="MOD/main/Jungle Wood.vox" object="Frame"/>
			<vox id_="1739693824" name="blade" pos="0.0 0.1 0.0" rot="0.0 0.0 0.0" prop="true" file="MOD/main/Jungle Wood.vox" object="Door">
				<joint id_="1064107456" pos="0.0 2.6 0.7" rot="0.0 0.0 0.0" type="ball" size="0.1" rotstrength="0.01" rotspring="0"/>
				<joint id_="380656320" pos="0.0 1.5 0.7" rot="0.0 0.0 0.0" type="ball" size="0.1" rotstrength="0.01" rotspring="0"/>
				<joint id_="2049632384" pos="0.0 0.5 0.7" rot="0.0 0.0 0.0" type="ball" size="0.1" rotstrength="0.01" rotspring="0"/>
			</vox>
		</group>
		<vox id_="1823191680" pos="0.0 0.0 -1.5" density="0.6" strength="0.8" prop="true" file="MOD/main/Hay.vox"/>
		<vox id_="903337792" pos="2.4 0.8 -1.5" rot="0.0 0.0 90.0" density="0.6" strength="0.8" prop="true" file="MOD/main/Hay.vox"/>
		<vox id_="1553166976" name="Loom" pos="6.4 0.0 -1.6" rot="0.0 -90.0 0.0" prop="true" file="MOD/main/Loom.vox"/>
		<vox id_="472740032" name="Loom" pos="6.4 0.0 0.0" rot="0.0 -90.0 0.0" prop="true" file="MOD/main/Loom.vox"/>
		<vox id_="802209600" pos="1.6 3.5 2.3" rot="35 0 0" file="MOD/main/mcobjects.vox" object="torch">
			<light id_="521436224" pos="0 1 0" rot="0.0 0.0 0.0" type="sphere" color="2 .9 .4" size="0.2 0.2" unshadowed="0.5" glare="0"/>
		</vox>
		<vox id_="2055072256" pos="7.3 3.5 -1.7" rot="35.0 -90.0 0.0" file="MOD/main/mcobjects.vox" object="torch">
			<light id_="1365525888" pos="0 1 0" rot="0.0 0.0 0.0" type="sphere" color="2 .9 .4" size="0.2 0.2" unshadowed="0.5" glare="0"/>
		</vox>
		<vox id_="1472683776" pos="7.3 3.5 -0.1" rot="35.0 -90.0 0.0" file="MOD/main/mcobjects.vox" object="torch">
			<light id_="1215111552" pos="0 1 0" rot="0.0 0.0 0.0" type="sphere" color="2 .9 .4" size="0.2 0.2" unshadowed="0.5" glare="0"/>
		</vox>
		<vox id_="684303168" pos="-0.9 3.5 -1.7" rot="35.0 90.0 0.0" file="MOD/main/mcobjects.vox" object="torch">
			<light id_="526089568" pos="0 1 0" rot="0.0 0.0 0.0" type="sphere" color="2 .9 .4" size="0.2 0.2" unshadowed="0.5" glare="0"/>
		</vox>
	</group>
</prefab>

