<prefab version="0.8.0">
	<group id_="1312897280" name="AnimalPen" pos="58.4 22.4 -12.8">
		<voxbox id_="936042304" name="SmoothSandstone" pos="-5.6 0.0 -8.0" rot="0.0 0.0 0.0" size="96 16 16" brush="MOD/brush/blocksExtended.vox" object="smoothsandstone"/>
		<voxbox id_="144515696" name="SmoothSandstone" pos="-5.6 0.0 -6.4" rot="0.0 0.0 0.0" size="16 16 128" brush="MOD/brush/blocksExtended.vox" object="smoothsandstone"/>
		<voxbox id_="1181948416" name="SmoothSandstone" pos="-5.6 0.0 6.4" rot="0.0 0.0 0.0" size="96 16 16" brush="MOD/brush/blocksExtended.vox" object="smoothsandstone"/>
		<voxbox id_="629642752" name="SmoothSandstone" pos="2.4 0.0 -6.4" rot="0.0 0.0 0.0" size="16 16 128" brush="MOD/brush/blocksExtended.vox" object="smoothsandstone"/>
		<voxbox id_="2085417216" name="SmoothSandstone" pos="-4.0 0.0 -6.4" rot="0.0 0.0 0.0" size="64 16 128" brush="MOD/brush/blocks.vox" object="GrassBlock"/>
		<voxbox id_="1670614656" name="SandstoneWall" pos="-4.5 1.6 -6.8" rot="0.0 -90.0 0.0" size="136 13 6" brush="MOD/brush/blocksExtended.vox" object="sandstonewall"/>
		<voxbox id_="456944896" name="SandstoneWall" pos="-4.4 1.6 6.9" rot="0.0 0.0 0.0" size="72 13 6" brush="MOD/brush/blocksExtended.vox" object="sandstonewall"/>
		<voxbox id_="1887355392" name="SandstoneWall" pos="-4.4 1.6 -7.5" rot="0.0 0.0 0.0" size="72 13 6" brush="MOD/brush/blocksExtended.vox" object="sandstonewall"/>
		<vox id_="1494115328" name="WallPillar" pos="-4.8 1.6 -7.2" file="MOD/brush/blocksExtended.vox" object="sandstonewallpost"/>
		<voxbox id_="1439913856" name="WallPillar" pos="-5.2 1.6 6.8" rot="0.0 0.0 0.0" size="8 48 8" brush="MOD/brush/blocksExtended.vox" object="sandstonewallpost"/>
		<voxbox id_="1812443136" name="WallPillar" pos="-5.2 1.6 3.6" rot="0.0 0.0 0.0" size="8 48 8" brush="MOD/brush/blocksExtended.vox" object="sandstonewallpost"/>
		<voxbox id_="2074668672" name="WallPillar" pos="-0.4 1.6 6.8" rot="0.0 0.0 0.0" size="8 48 8" brush="MOD/brush/blocksExtended.vox" object="sandstonewallpost"/>
		<voxbox id_="294995552" name="WallPillar" pos="-0.4 1.6 3.6" rot="0.0 0.0 0.0" size="8 48 8" brush="MOD/brush/blocksExtended.vox" object="sandstonewallpost"/>
		<vox id_="281297664" name="WallPillar" pos="3.2 1.6 -7.2" file="MOD/brush/blocksExtended.vox" object="sandstonewallpost"/>
		<vox id_="56626560" name="WallPillar" pos="3.2 1.6 7.2" file="MOD/brush/blocksExtended.vox" object="sandstonewallpost"/>
		<voxbox id_="1199054336" name="SandstoneWall" pos="3.5 1.6 -6.8" rot="0.0 -90.0 0.0" size="52 13 6" brush="MOD/brush/blocksExtended.vox" object="sandstonewall"/>
		<voxbox id_="878367104" name="SandstoneWall" pos="3.5 1.6 1.6" rot="0.0 -90.0 0.0" size="52 13 6" brush="MOD/brush/blocksExtended.vox" object="sandstonewall"/>
		<voxbox id_="781367872" name="PlainSandstone" pos="-5.6 6.4 3.2" rot="0.0 0.0 0.0" size="64 8 48" brush="MOD/brush/blocksExtended.vox" object="PlainSandstone"/>
		<voxagon id_="1571387008" name="PlainSandtsoneStairs" pos="4.6 0.6 -1.6" rot="0.0 -90.0 -90.0" brush="MOD/brush/blocksExtended.vox" object="PlainSandstone" offset="10 0 10" extrude="32">
			<vertex pos="-1.0 -0.2"/>
			<vertex pos="-0.2 -0.2"/>
			<vertex pos="-0.2 -1.0"/>
			<vertex pos="0.6 -1.0"/>
			<vertex pos="0.6 0.6"/>
			<vertex pos="-1.0 0.6"/>
		</voxagon>
		<voxbox id_="1021047680" name="PlainSandstone" pos="-1.6 2.4 -1.6" rot="0.0 0.0 0.0" size="16 8 8" brush="MOD/brush/blocksExtended.vox" object="PlainSandstone"/>
		<voxagon id_="554533952" name="PlainSandtsoneStairs" pos="-1.8 2.2 -1.6" rot="0.0 -90.0 -90.0" brush="MOD/brush/blocksExtended.vox" object="PlainSandstone" offset="10 0 10" extrude="32">
			<vertex pos="-1.0 -0.2"/>
			<vertex pos="-0.2 -0.2"/>
			<vertex pos="-0.2 -1.0"/>
			<vertex pos="0.6 -1.0"/>
			<vertex pos="0.6 0.6"/>
			<vertex pos="-1.0 0.6"/>
		</voxagon>
		<voxagon id_="509966752" name="PlainSandtsoneStairs" pos="0.2 2.2 1.6" rot="0.0 90.0 -90.0" brush="MOD/brush/blocksExtended.vox" object="PlainSandstone" offset="10 0 10" extrude="32">
			<vertex pos="-1.0 -0.2"/>
			<vertex pos="-0.2 -0.2"/>
			<vertex pos="-0.2 -1.0"/>
			<vertex pos="0.6 -1.0"/>
			<vertex pos="0.6 0.6"/>
			<vertex pos="-1.0 0.6"/>
		</voxagon>
		<voxbox id_="259931648" name="PlainSandstone" pos="-1.6 2.4 0.8" rot="0.0 0.0 0.0" size="16 8 8" brush="MOD/brush/blocksExtended.vox" object="PlainSandstone"/>
		<group id_="585731008" name="Gate" pos="3.2 1.8 0.8">
			<vox id_="2126707456" pos="0.0 0.1 -0.3" rot="0.0 90.0 0.0" prop="true" file="MOD/main/mcobjects.vox" object="FgateR">
				<joint id_="1831908480" pos="0.3 0.7 0.0" rot="90.0 0.0 0.0" type="hinge" rotstrength="0.01" rotspring="0"/>
			</vox>
			<vox id_="562660928" pos="0.0 0.1 0.3" rot="0.0 90.0 0.0" prop="true" file="MOD/main/mcobjects.vox" object="FgateL">
				<joint id_="636065728" pos="-0.3 0.7 0.0" rot="90.0 0.0 0.0" type="hinge" rotstrength="0.01" rotspring="0"/>
			</vox>
			<vox id_="1134825088" pos="0.0 0.0 0.0" rot="0.0 90.0 0.0" file="MOD/main/mcobjects.vox" object="Fgatepost"/>
		</group>
		<group id_="1371424512" name="Gate" pos="3.2 1.8 -0.8">
			<vox id_="1847244928" pos="0.0 0.1 -0.3" rot="0.0 90.0 0.0" prop="true" file="MOD/main/mcobjects.vox" object="FgateR">
				<joint id_="865914496" pos="0.3 0.7 0.0" rot="90.0 0.0 0.0" type="hinge" rotstrength="0.01" rotspring="0"/>
			</vox>
			<vox id_="440625408" pos="0.0 0.1 0.3" rot="0.0 90.0 0.0" prop="true" file="MOD/main/mcobjects.vox" object="FgateL">
				<joint id_="1810542464" pos="-0.3 0.7 0.0" rot="90.0 0.0 0.0" type="hinge" rotstrength="0.01" rotspring="0"/>
			</vox>
			<vox id_="613519936" pos="0.0 0.0 0.0" rot="0.0 90.0 0.0" file="MOD/main/mcobjects.vox" object="Fgatepost"/>
		</group>
	</group>
</prefab>

