<prefab version="0.8.0">
	<group id_="2086859136" name="instance=MOD/DesertBuildings/BasementHouse.xml" pos="-24.0 0.1 -21.6" rot="0.0 90.0 0.0">
		<voxbox id_="1814605952" hidden_="true" name="HoleCutter" pos="-0.8 1.6 -2.3" size="40 32 16" brush="MOD/brush/blocksExtended.vox" object="HoleCutter"/>
		<voxbox id_="793886016" hidden_="true" name="HoleCutter" pos="-5.6 1.6 -5.5" size="48 32 64" brush="MOD/brush/blocksExtended.vox" object="HoleCutter"/>
		<group id_="889312256" name="Steps" pos="-3.2 4.8 4.9">
			<voxbox id_="1923467904" name="PlainSandstone" pos="-4.0 0.0 -2.4" rot="0.0 0.0 0.0" size="80 8 48" brush="MOD/brush/blocksExtended.vox" object="PlainSandstone" offset="0 0 0"/>
			<voxbox id_="94443136" name="PlainSandstone" pos="-3.2 0.8 -2.4" rot="0.0 0.0 0.0" size="64 8 40" brush="MOD/brush/blocksExtended.vox" object="PlainSandstone" offset="0 0 8"/>
			<voxbox id_="1838397056" name="PlainSandstone" pos="-2.4 1.6 -2.4" rot="0.0 0.0 0.0" size="48 8 32" brush="MOD/brush/blocksExtended.vox" object="PlainSandstone"/>
			<voxbox id_="1656195840" name="PlainSandstone" pos="-1.6 2.4 -2.4" rot="0.0 0.0 0.0" size="32 8 24" brush="MOD/brush/blocksExtended.vox" object="PlainSandstone" offset="0 0 8"/>
		</group>
		<group id_="1165366784" name="StairRoom" pos="4.0 1.6 -0.7">
			<voxbox id_="148120400" name="PlainSandstone" pos="-3.2 7.2 -3.2" rot="0.0 0.0 0.0" size="48 8 48" brush="MOD/brush/blocksExtended.vox" object="PlainSandstone"/>
			<voxbox id_="1163138432" name="PlainSandstone" pos="-3.2 3.2 1.6" rot="0.0 0.0 0.0" size="16 48 16" brush="MOD/brush/blocksExtended.vox" object="PlainSandstone"/>
			<voxbox id_="1341013888" name="PlainSandstone" pos="-1.6 6.4 1.6" rot="0.0 0.0 0.0" size="16 24 16" brush="MOD/brush/blocksExtended.vox" object="PlainSandstone"/>
			<voxbox id_="309217728" name="PlainSandstone" pos="0.0 3.2 1.6" rot="0.0 0.0 0.0" size="16 48 16" brush="MOD/brush/blocksExtended.vox" object="PlainSandstone"/>
			<voxbox id_="503216128" name="Slab" pos="1.6 8.0 1.6" rot="0.0 0.0 0.0" size="16 8 16" brush="MOD/brush/blocksExtended.vox" object="PlainSandstone"/>
			<voxbox id_="323439904" name="PlainSandstone" pos="1.6 3.2 -4.8" rot="0.0 0.0 0.0" size="16 48 80" brush="MOD/brush/blocksExtended.vox" object="PlainSandstone"/>
			<voxbox id_="508787008" name="Slab" pos="1.6 8.0 -1.6" rot="0.0 0.0 0.0" size="16 8 16" brush="MOD/brush/blocksExtended.vox" object="PlainSandstone"/>
			<voxbox id_="69341320" name="Slab" pos="1.6 8.0 -4.8" rot="0.0 0.0 0.0" size="16 8 16" brush="MOD/brush/blocksExtended.vox" object="PlainSandstone"/>
			<voxbox id_="1322990464" name="PlainSandstone" pos="-3.2 3.2 -4.8" rot="0.0 0.0 0.0" size="48 48 16" brush="MOD/brush/blocksExtended.vox" object="PlainSandstone"/>
			<voxbox id_="181545792" name="PlainSandstone" pos="-3.2 1.6 -3.2" rot="0.0 0.0 0.0" size="32 16 16" brush="MOD/brush/blocksExtended.vox" object="PlainSandstone"/>
			<voxbox id_="289359104" name="PlainSandstone" pos="0.0 1.6 -3.2" rot="0.0 0.0 0.0" size="16 16 48" brush="MOD/brush/blocksExtended.vox" object="PlainSandstone"/>
			<voxbox id_="1899021440" name="PlainSandstone" pos="-3.2 1.6 0.0" rot="0.0 0.0 0.0" size="32 16 16" brush="MOD/brush/blocksExtended.vox" object="PlainSandstone"/>
			<voxbox id_="1285894784" name="PlainSandstone" pos="-1.6 1.6 1.6" rot="0.0 0.0 0.0" size="16 16 64" brush="MOD/brush/blocksExtended.vox" object="PlainSandstone"/>
			<voxagon id_="374561088" name="PlainSandtsoneStairs" pos="-0.6 2.2 0.0" rot="0.0 90.0 -90.0" brush="MOD/brush/blocksExtended.vox" object="PlainSandstone" offset="10 0 10" extrude="16">
				<vertex pos="-1.0 -0.2"/>
				<vertex pos="-0.2 -0.2"/>
				<vertex pos="-0.2 -1.0"/>
				<vertex pos="0.6 -1.0"/>
				<vertex pos="0.6 0.6"/>
				<vertex pos="-1.0 0.6"/>
			</voxagon>
			<voxagon id_="820757440" name="PlainSandtsoneStairs" pos="-2.2 0.6 0.0" rot="0.0 90.0 -90.0" brush="MOD/brush/blocksExtended.vox" object="PlainSandstone" offset="10 0 10" extrude="16">
				<vertex pos="-1.0 -0.2"/>
				<vertex pos="-0.2 -0.2"/>
				<vertex pos="-0.2 -1.0"/>
				<vertex pos="0.6 -1.0"/>
				<vertex pos="0.6 0.6"/>
				<vertex pos="-1.0 0.6"/>
			</voxagon>
			<voxbox id_="482636544" name="Sand" pos="-3.2 0.0 0.0" rot="0.0 0.0 0.0" density="2.0" strength="1.5" size="16 16 16" brush="MOD/brush/blocksExtended.vox" object="sand"/>
			<voxbox id_="1402097280" name="Sand" pos="-3.2 0.0 -3.2" rot="0.0 0.0 0.0" density="2.0" strength="1.5" size="16 16 16" brush="MOD/brush/blocksExtended.vox" object="sand"/>
			<voxbox id_="1231299968" name="Slab" pos="-1.6 8.0 -4.8" rot="0.0 0.0 0.0" size="16 8 16" brush="MOD/brush/blocksExtended.vox" object="PlainSandstone"/>
			<group id_="345264704" name="Door" pos="-0.8 3.2 1.7" rot="0.0 -90.0 0.0">
				<vox id_="1535405568" name="frame" pos="0.0 0.0 0.0" rot="0.0 0.0 0.0" file="MOD/main/Jungle Wood.vox" object="Frame"/>
				<vox id_="1386367616" name="blade" pos="0.0 0.1 0.0" rot="0.0 0.0 0.0" prop="true" file="MOD/main/Jungle Wood.vox" object="Door">
					<joint id_="742109440" pos="0.0 2.6 0.7" rot="0.0 0.0 0.0" type="ball" size="0.1" rotstrength="0.01" rotspring="0"/>
					<joint id_="981330432" pos="0.0 1.5 0.7" rot="0.0 0.0 0.0" type="ball" size="0.1" rotstrength="0.01" rotspring="0"/>
					<joint id_="1991760640" pos="0.0 0.4 0.7" rot="0.0 0.0 0.0" type="ball" size="0.1" rotstrength="0.01" rotspring="0"/>
				</vox>
			</group>
			<voxbox id_="22939000" name="Sand" pos="-1.6 0.0 -3.2" rot="0.0 0.0 0.0" density="2.0" strength="1.5" size="16 16 48" brush="MOD/brush/blocksExtended.vox" object="sand"/>
		</group>
		<group id_="1953616384" name="LargeArea" pos="-3.2 0.0 -2.3">
			<voxbox id_="803651456" name="PlainSandstone" pos="2.4 0.0 0.0" rot="0.0 0.0 0.0" size="16 16 16" brush="MOD/brush/blocksExtended.vox" object="PlainSandstone"/>
			<voxbox id_="570525696" name="PlainSandstone" pos="2.4 1.6 1.6" rot="0.0 0.0 0.0" size="16 112 32" brush="MOD/brush/blocksExtended.vox" object="PlainSandstone"/>
			<voxbox id_="731688576" name="PlainSandstone" pos="2.4 1.6 -3.2" rot="0.0 0.0 0.0" size="16 112 32" brush="MOD/brush/blocksExtended.vox" object="PlainSandstone"/>
			<voxbox id_="1576892416" name="PlainSandstone" pos="-2.4 1.6 3.2" rot="0.0 0.0 0.0" size="48 64 16" brush="MOD/brush/blocksExtended.vox" object="PlainSandstone"/>
			<voxbox id_="1274163200" name="PlainSandstone" pos="2.4 6.4 0.0" rot="0.0 0.0 0.0" size="16 64 16" brush="MOD/brush/blocksExtended.vox" object="PlainSandstone"/>
			<voxbox id_="1772594816" name="PlainSandstone" pos="-2.4 1.6 -4.8" rot="0.0 0.0 0.0" size="48 80 16" brush="MOD/brush/blocksExtended.vox" object="PlainSandstone"/>
			<voxbox id_="1392069632" name="Terracotta" pos="-2.4 9.6 -4.8" rot="0.0 0.0 0.0" size="48 16 16" brush="MOD/brush/blocksExtended.vox" object="terracotta"/>
			<voxbox id_="360142304" name="PlainSandstone" pos="-4.0 0.0 -3.2" rot="0.0 0.0 0.0" size="16 96 64" brush="MOD/brush/blocksExtended.vox" object="PlainSandstone"/>
			<voxbox id_="192294368" name="Terracotta" pos="-4.0 9.6 -3.2" rot="0.0 0.0 0.0" size="16 16 64" brush="MOD/brush/blocksExtended.vox" object="terracotta"/>
			<voxbox id_="1834988928" name="PlainSandstone" pos="-4.0 1.6 -4.8" rot="0.0 0.0 0.0" size="16 120 16" brush="MOD/brush/blocksExtended.vox" object="PlainSandstone"/>
			<voxbox id_="222836000" name="PlainSandstone" pos="-4.0 1.6 3.2" rot="0.0 0.0 0.0" size="16 120 16" brush="MOD/brush/blocksExtended.vox" object="PlainSandstone"/>
			<voxbox id_="1892401920" name="PlainSandstone" pos="-4.0 11.2 -3.2" rot="0.0 0.0 0.0" size="16 16 64" brush="MOD/brush/blocksExtended.vox" object="PlainSandstone"/>
			<voxbox id_="70521040" name="PlainSandstone" pos="-2.4 6.4 -3.2" rot="0.0 0.0 0.0" size="48 16 64" brush="MOD/brush/blocksExtended.vox" object="PlainSandstone"/>
			<voxbox id_="1780721792" name="PlainSandstone" pos="2.4 1.6 -4.8" rot="0.0 0.0 0.0" size="16 120 16" brush="MOD/brush/blocksExtended.vox" object="PlainSandstone"/>
			<voxbox id_="1080099200" name="PlainSandstone" pos="-2.4 11.2 -4.8" rot="0.0 0.0 0.0" size="48 16 16" brush="MOD/brush/blocksExtended.vox" object="PlainSandstone"/>
			<voxbox id_="354112608" name="PlainSandstone" pos="-2.4 8.0 3.2" rot="0.0 0.0 0.0" size="16 48 16" brush="MOD/brush/blocksExtended.vox" object="PlainSandstone"/>
			<voxbox id_="1415074176" name="PlainSandstone" pos="0.8 8.0 3.2" rot="0.0 0.0 0.0" size="16 48 16" brush="MOD/brush/blocksExtended.vox" object="PlainSandstone"/>
			<voxbox id_="197930800" name="PlainSandstone" pos="-0.8 11.2 3.2" rot="0.0 0.0 0.0" size="16 24 16" brush="MOD/brush/blocksExtended.vox" object="PlainSandstone"/>
			<voxbox id_="315181856" name="PlainSandstone" pos="2.4 12.8 3.2" rot="0.0 0.0 0.0" size="16 8 16" brush="MOD/brush/blocksExtended.vox" object="PlainSandstone"/>
			<voxbox id_="616928000" name="PlainSandstone" pos="2.4 12.8 -1.6" rot="0.0 0.0 0.0" size="16 8 32" brush="MOD/brush/blocksExtended.vox" object="PlainSandstone"/>
			<voxbox id_="1591901056" name="PlainSandstone" pos="-4.0 12.8 -1.6" rot="0.0 0.0 0.0" size="16 8 32" brush="MOD/brush/blocksExtended.vox" object="PlainSandstone"/>
			<voxbox id_="1481728256" name="PlainSandstone" pos="-0.8 12.8 -4.8" rot="0.0 0.0 0.0" size="16 8 16" brush="MOD/brush/blocksExtended.vox" object="PlainSandstone"/>
			<voxbox id_="1555001984" name="PlainSandstone" pos="-2.4 12.0 -3.2" rot="0.0 0.0 0.0" size="48 8 64" brush="MOD/brush/blocksExtended.vox" object="PlainSandstone"/>
			<group id_="183577536" name="Door" pos="0.0 8.0 3.3" rot="0.0 -90.0 0.0">
				<vox id_="1930873984" name="frame" pos="0.0 0.0 0.0" rot="0.0 0.0 0.0" file="MOD/main/Jungle Wood.vox" object="Frame"/>
				<vox id_="1838397056" name="blade" pos="0.0 0.1 0.0" rot="0.0 0.0 0.0" prop="true" file="MOD/main/Jungle Wood.vox" object="Door">
					<joint id_="1100023296" pos="0.0 2.6 0.7" rot="0.0 0.0 0.0" type="ball" size="0.1" rotstrength="0.01" rotspring="0"/>
					<joint id_="648649408" pos="0.0 1.5 0.7" rot="0.0 0.0 0.0" type="ball" size="0.1" rotstrength="0.01" rotspring="0"/>
					<joint id_="298927936" pos="0.0 0.4 0.7" rot="0.0 0.0 0.0" type="ball" size="0.1" rotstrength="0.01" rotspring="0"/>
				</vox>
			</group>
		</group>
		<voxbox id_="1901118720" name="PatternFloor" pos="-5.6 0.0 -5.5" size="48 16 64" brush="MOD/Parts/LightBlueTerracotta.vox" offset="16" pbr="0.5 0.2 0 0"/>
		<voxbox id_="1432507776" name="Sand" pos="-0.8 0.0 -7.1" rot="0.0 0.0 0.0" density="2.0" strength="1.5" size="16 16 48" brush="MOD/brush/blocksExtended.vox" object="sand"/>
		<voxbox id_="1606254336" name="Sand" pos="-0.8 0.0 -0.7" rot="0.0 0.0 0.0" density="2.0" strength="1.5" size="16 16 32" brush="MOD/brush/blocksExtended.vox" object="sand"/>
		<voxbox id_="1830728832" name="Sand" pos="-7.2 0.0 -7.1" rot="0.0 0.0 0.0" density="2.0" strength="1.5" size="64 16 16" brush="MOD/brush/blocksExtended.vox" object="sand"/>
		<voxbox id_="1599569280" name="Sand" pos="-7.2 0.0 0.9" rot="0.0 0.0 0.0" density="2.0" strength="1.5" size="64 16 16" brush="MOD/brush/blocksExtended.vox" object="sand"/>
		<group id_="1908066048" name="Bedrock" pos="-1.7 -0.1 -2.3">
			<voxbox id_="2050943232" name="Bedrock" pos="-5.6 0.0 -4.9" size="82 1 98" brush="MOD/brush/Solid.vox" object="Bedrock"/>
			<voxbox id_="419521536" name="Bedrock" pos="2.5 0.1 -1.6" size="32 16 48" brush="MOD/brush/Solid.vox" object="Bedrock"/>
			<voxbox id_="1304377088" name="Bedrock" pos="2.5 0.1 -1.7" size="32 32 1" brush="MOD/brush/Solid.vox" object="Bedrock"/>
			<voxbox id_="525237568" name="Bedrock" pos="2.5 0.1 -4.8" size="1 32 32" brush="MOD/brush/Solid.vox" object="Bedrock"/>
			<voxbox id_="1499751808" name="Bedrock" pos="5.7 0.1 -1.7" size="1 32 50" brush="MOD/brush/Solid.vox" object="Bedrock"/>
			<voxbox id_="756855936" name="Bedrock" pos="2.5 0.1 3.2" size="32 32 1" brush="MOD/brush/Solid.vox" object="Bedrock"/>
			<voxbox id_="176040448" name="Bedrock" pos="2.5 0.1 3.2" size="1 32 16" brush="MOD/brush/Solid.vox" object="Bedrock"/>
			<voxbox id_="1948700800" name="Bedrock" pos="-5.6 0.1 -4.9" size="82 32 1" brush="MOD/brush/Solid.vox" object="Bedrock"/>
			<voxbox id_="1903347200" name="Bedrock" pos="-5.6 0.1 4.8" size="82 32 1" brush="MOD/brush/Solid.vox" object="Bedrock"/>
			<voxbox id_="447179424" name="Bedrock" pos="-5.6 0.1 -4.9" size="1 32 98" brush="MOD/brush/Solid.vox" object="Bedrock"/>
		</group>
		<group id_="1531342080" name="Torches" pos="0.0 4.9 -1.3">
			<vox id_="709077248" pos="-3.2 0.2 -4.3" rot="35 0 0" file="MOD/main/mcobjects.vox" object="torch">
				<light id_="695969280" pos="0 1 0" rot="0.0 0.0 0.0" type="sphere" color="2 .9 .4" size="0.2 0.2" unshadowed="0.5" glare="0"/>
			</vox>
			<vox id_="32966620" pos="-3.2 0.2 2.3" rot="35.0 -180.0 0.0" file="MOD/main/mcobjects.vox" object="torch">
				<light id_="1125256320" pos="0 1 0" rot="0.0 0.0 0.0" type="sphere" color="2 .9 .4" size="0.2 0.2" unshadowed="0.5" glare="0"/>
			</vox>
			<vox id_="680501824" pos="3.2 1.8 -2.7" rot="35 0 0" file="MOD/main/mcobjects.vox" object="torch">
				<light id_="724479168" pos="0 1 0" rot="0.0 0.0 0.0" type="sphere" color="2 .9 .4" size="0.2 0.2" unshadowed="0.5" glare="0"/>
			</vox>
			<vox id_="660577664" pos="1.6 1.8 3.7" rot="35 0 0" file="MOD/main/mcobjects.vox" object="torch">
				<light id_="1933626624" pos="0 1 0" rot="0.0 0.0 0.0" type="sphere" color="2 .9 .4" size="0.2 0.2" unshadowed="0.5" glare="0"/>
			</vox>
			<vox id_="1718458752" pos="4.8 1.8 3.7" rot="35 0 0" file="MOD/main/mcobjects.vox" object="torch">
				<light id_="993717504" pos="0 1 0" rot="0.0 0.0 0.0" type="sphere" color="2 .9 .4" size="0.2 0.2" unshadowed="0.5" glare="0"/>
			</vox>
			<vox id_="648911552" pos="-1.6 5.0 3.7" rot="35 0 0" file="MOD/main/mcobjects.vox" object="torch">
				<light id_="1752277504" pos="0 1 0" rot="0.0 0.0 0.0" type="sphere" color="2 .9 .4" size="0.2 0.2" unshadowed="0.5" glare="0"/>
			</vox>
			<vox id_="1241786368" pos="-4.8 5.0 3.7" rot="35 0 0" file="MOD/main/mcobjects.vox" object="torch">
				<light id_="1949094016" pos="0 1 0" rot="0.0 0.0 0.0" type="sphere" color="2 .9 .4" size="0.2 0.2" unshadowed="0.5" glare="0"/>
			</vox>
			<vox id_="1140133888" pos="-3.2 5.0 -4.3" rot="35 0 0" file="MOD/main/mcobjects.vox" object="torch">
				<light id_="1704564352" pos="0 1 0" rot="0.0 0.0 0.0" type="sphere" color="2 .9 .4" size="0.2 0.2" unshadowed="0.5" glare="0"/>
			</vox>
		</group>
		<group id_="746959360" name="Buttons" pos="-3.5 3.8 -2.3">
			<vox id_="285164544" name="Button" pos="0.3 0.0 3.1" file="MOD/main/Jungle Wood.vox" object="Button"/>
			<vox id_="2144731008" name="Button" pos="1.9 0.0 3.1" file="MOD/main/Jungle Wood.vox" object="Button"/>
			<vox id_="826459392" name="Button" pos="-2.0 0.0 2.4" rot="0.0 -90.0 0.0" file="MOD/main/Jungle Wood.vox" object="Button"/>
			<vox id_="1169692416" name="Button" pos="-2.0 0.0 0.8" rot="0.0 -90.0 0.0" file="MOD/main/Jungle Wood.vox" object="Button"/>
			<vox id_="1995037568" name="Button" pos="-2.0 0.0 -0.8" rot="0.0 -90.0 0.0" file="MOD/main/Jungle Wood.vox" object="Button"/>
			<vox id_="283526048" name="Button" pos="-2.0 0.0 -2.4" rot="0.0 -90.0 0.0" file="MOD/main/Jungle Wood.vox" object="Button"/>
			<vox id_="1670811264" name="Button" pos="0.3 0.0 -3.1" rot="0.0 -180.0 0.0" file="MOD/main/Jungle Wood.vox" object="Button"/>
			<vox id_="1751163264" name="Button" pos="1.9 0.0 -3.1" rot="0.0 -180.0 0.0" file="MOD/main/Jungle Wood.vox" object="Button"/>
		</group>
		<vox id_="621319168" name="CactusPlantPot" pos="4.8 4.8 4.9" prop="true" file="MOD/Parts/PlantPot.vox" object="flowerpot">
			<vox id_="1433097600" name="Cactus" pos="0.0 0.5 0.0" prop="false" file="MOD/Parts/PlantPot.vox" object="MiniCactus"/>
		</vox>
		<vox id_="387669088" name="CactusPlantPot" pos="6.4 4.8 3.3" prop="true" file="MOD/Parts/PlantPot.vox" object="flowerpot">
			<vox id_="1929235456" name="Cactus" pos="0.0 0.5 0.0" prop="false" file="MOD/Parts/PlantPot.vox" object="MiniCactus"/>
		</vox>
		<vox id_="1507878784" pos="-4.8 8.0 -3.1" rot="0.0 90.0 0.0" prop="true" file="MOD/main/SmithingTable.vox" object="SmithingTable"/>
		<group id_="1668386304" name="Chest" pos="-4.8 8.0 -4.7" rot="0.0 0.0 0.0">
			<vox id_="796310976" name="frame" pos="0.0 0.0 0.0" rot="0.0 0.0 0.0" density="3.0" prop="true" file="MOD/main/mcobjects.vox" object="ChestBase"/>
			<vox id_="978446656" hidden_="true" name="blade" pos="-0.0 0.9 0.0" rot="0.0 0.0 0.0" prop="true" file="MOD/main/mcobjects.vox" object="ChestLid">
				<joint id_="1529441408" hidden_="true" pos="-0.7 0.2 0.3" rot="0.0 0.0 0.0" type="ball" size="0.1" rotstrength="0.1" rotspring="0" collide="true"/>
				<joint id_="1239426944" hidden_="true" pos="-0.7 0.2 -0.4" rot="0.0 0.0 0.0" type="ball" size="0.1" rotstrength="0.1" rotspring="0" collide="true"/>
			</vox>
			<vox id_="162801360" name="Coal" pos="0.4 0.2 0.4" rot="0.0 0.0 0.0" prop="true" file="MOD/main/mcobjects.vox" object="Coal"/>
			<vox id_="1731501312" name="Diamond" pos="-0.5 0.1 -0.4" rot="0.0 0.0 0.0" prop="true" file="MOD/main/mcobjects.vox" object="Diamond"/>
			<vox id_="1962005504" name="Gold" pos="-0.4 0.1 0.4" rot="0.0 0.0 0.0" prop="true" file="MOD/main/mcobjects.vox" object="Gold"/>
			<vox id_="562202112" name="Iron" pos="0.0 0.1 0.4" rot="0.0 0.0 0.0" prop="true" file="MOD/main/mcobjects.vox" object="Iron"/>
			<vox id_="18678900" name="Shovel" pos="0.4 0.2 0.05" rot="4.5 163.2 -40.5" density="1.5" strength="5.0" prop="true" file="MOD/main/tools.vox" object="iron_pickaxe"/>
		</group>
	</group>
</prefab>

