<prefab version="0.8.0">
	<group id_="1555198720" name="BlastFurnaceHouse" pos="37.6 24.0 -28.0">
		<group id_="1216422400" name="Door" pos="-0.0 0.0 4.1" rot="0.0 -90.0 0.0">
			<vox id_="667393792" name="frame" pos="0.0 0.0 0.0" rot="0.0 0.0 0.0" file="MOD/main/Jungle Wood.vox" object="Frame"/>
			<vox id_="167389152" name="blade" pos="0.0 0.1 0.0" rot="0.0 0.0 0.0" prop="true" file="MOD/main/Jungle Wood.vox" object="Door">
				<joint id_="888656832" pos="0.0 2.6 0.7" rot="0.0 0.0 0.0" type="ball" size="0.1" rotstrength="0.01" rotspring="0"/>
				<joint id_="170862784" pos="0.0 1.5 0.7" rot="0.0 0.0 0.0" type="ball" size="0.1" rotstrength="0.01" rotspring="0"/>
				<joint id_="1731107968" pos="0.0 0.5 0.7" rot="0.0 0.0 0.0" type="ball" size="0.1" rotstrength="0.01" rotspring="0"/>
			</vox>
		</group>
		<group id_="1573156608" name="SideWall" pos="4.7 0.0 -1.6">
			<voxbox id_="462646848" name="SmoothSandstone" pos="-0.7 0.0 2.4" size="16 80 16" brush="MOD/brush/blocksExtended.vox" object="smoothsandstone"/>
			<voxbox id_="1100416640" name="PlainSandstone" pos="-0.7 0.0 -2.4" size="16 72 48" brush="MOD/brush/blocksExtended.vox" object="PlainSandstone"/>
			<voxbox id_="557745408" name="PlainSandstone" pos="-0.7 7.2 -0.8" size="16 8 16" brush="MOD/brush/blocksExtended.vox" object="PlainSandstone"/>
			<voxbox id_="1021375360" name="SmoothSandstone" pos="-0.7 0.0 -4.0" size="16 80 16" brush="MOD/brush/blocksExtended.vox" object="smoothsandstone"/>
		</group>
		<group id_="445934144" name="BackWall" pos="-0.0 0.0 -4.8">
			<voxbox id_="726314304" name="PlainSandstone" pos="-4.0 0.0 -0.8" size="80 72 16" brush="MOD/brush/blocksExtended.vox" object="PlainSandstone"/>
			<voxbox id_="677683584" name="PlainSandstone" pos="-2.4 7.2 -0.8" size="16 8 16" brush="MOD/brush/blocksExtended.vox" object="PlainSandstone"/>
			<voxbox id_="1394953344" name="PlainSandstone" pos="0.8 7.2 -0.8" size="16 8 16" brush="MOD/brush/blocksExtended.vox" object="PlainSandstone"/>
		</group>
		<group id_="555189312" name="SideWall" pos="-4.9 0.0 -1.6">
			<voxbox id_="51973220" name="SmoothSandstone" pos="-0.7 0.0 2.4" size="16 80 16" brush="MOD/brush/blocksExtended.vox" object="smoothsandstone"/>
			<voxbox id_="1251158656" name="PlainSandstone" pos="-0.7 0.0 -2.4" size="16 72 48" brush="MOD/brush/blocksExtended.vox" object="PlainSandstone"/>
			<voxbox id_="907597952" name="PlainSandstone" pos="-0.7 7.2 -0.8" size="16 8 16" brush="MOD/brush/blocksExtended.vox" object="PlainSandstone"/>
			<voxbox id_="1315387776" name="SmoothSandstone" pos="-0.7 0.0 -4.0" size="16 80 16" brush="MOD/brush/blocksExtended.vox" object="smoothsandstone"/>
		</group>
		<group id_="256523552" name="FrontWall" pos="0.0 0.0 3.2">
			<group id_="278938240" name="Front" pos="-0.0 0.0 0.8">
				<voxbox id_="1002827520" name="PlainSandstone" pos="-0.8 3.2 0.0" size="16 32 16" brush="MOD/brush/blocksExtended.vox" object="PlainSandstone"/>
				<voxbox id_="287982752" name="SmoothSandstone" pos="-4.0 0.0 0.0" size="16 64 16" brush="MOD/brush/blocksExtended.vox" object="smoothsandstone"/>
				<voxbox id_="1538879232" name="FencePost" pos="-3.4 1.6 -1.0" size="4 16 4" brush="MOD/main/Jungle Wood.vox" object="FencePost"/>
				<voxbox id_="1070923584" name="Fence" pos="-3.3 2.2 -1.6" rot="0.0 0.0 0.0" size="2 9 16" brush="MOD/main/Jungle Wood.vox" object="Fence"/>
				<voxbox id_="1308506112" name="SmoothSandstone" pos="2.4 0.0 0.0" size="16 64 16" brush="MOD/brush/blocksExtended.vox" object="smoothsandstone"/>
				<voxbox id_="62918400" name="PlainSandstone" pos="2.4 0.0 -1.6" size="16 16 16" brush="MOD/brush/blocksExtended.vox" object="PlainSandstone"/>
				<voxbox id_="1847703680" name="FencePost" pos="3.0 1.6 -1.0" size="4 16 4" brush="MOD/main/Jungle Wood.vox" object="FencePost"/>
				<voxbox id_="1748476160" name="Fence" pos="3.1 2.2 -1.6" rot="0.0 0.0 0.0" size="2 9 16" brush="MOD/main/Jungle Wood.vox" object="Fence"/>
				<voxbox id_="2043143936" name="PlainSandstone" pos="2.4 3.2 -1.6" size="16 24 16" brush="MOD/brush/blocksExtended.vox" object="PlainSandstone"/>
				<voxbox id_="818397952" name="PlainSandstone" pos="-2.4 4.8 -1.6" size="48 8 16" brush="MOD/brush/blocksExtended.vox" object="PlainSandstone"/>
				<voxbox id_="1999035520" name="PlainSandstone" pos="-2.4 0.0 0.0" size="16 56 16" brush="MOD/brush/blocksExtended.vox" object="PlainSandstone"/>
				<voxbox id_="193474080" name="PlainSandstone" pos="0.8 0.0 0.0" size="16 56 16" brush="MOD/brush/blocksExtended.vox" object="PlainSandstone"/>
				<voxbox id_="461336064" name="PlainSandstone" pos="-4.0 3.2 -1.6" size="16 24 16" brush="MOD/brush/blocksExtended.vox" object="PlainSandstone"/>
				<voxbox id_="1739693824" name="PlainSandstone" pos="-4.0 0.0 -1.6" size="16 16 16" brush="MOD/brush/blocksExtended.vox" object="PlainSandstone"/>
			</group>
			<voxbox id_="592940352" name="PlainSandstone" pos="-4.0 0.0 -2.4" size="16 72 16" brush="MOD/brush/blocksExtended.vox" object="PlainSandstone"/>
			<voxbox id_="2004409856" name="PlainSandstone" pos="2.4 0.0 -2.4" size="16 72 16" brush="MOD/brush/blocksExtended.vox" object="PlainSandstone"/>
			<voxbox id_="1421759232" name="PlainSandstone" pos="-2.4 4.8 -2.4" size="48 24 16" brush="MOD/brush/blocksExtended.vox" object="PlainSandstone"/>
			<voxbox id_="154608864" name="PlainSandstone" pos="-2.4 7.2 -2.4" size="16 8 16" brush="MOD/brush/blocksExtended.vox" object="PlainSandstone"/>
			<voxbox id_="1362248960" name="PlainSandstone" pos="0.8 7.2 -2.4" size="16 8 16" brush="MOD/brush/blocksExtended.vox" object="PlainSandstone"/>
		</group>
		<group id_="1064435136" name="Furnace" pos="0.0 -0.1 -3.2">
			<voxbox id_="614503040" name="Granite" pos="-0.4 6.5 -0.4" size="8 32 8" brush="MOD/Parts/Granite.vox" object="GraniteWallPost"/>
			<voxbox id_="944300288" name="Granite" pos="-2.4 0.1 -0.8" size="48 40 16" brush="MOD/Parts/Granite.vox" object="Granite"/>
			<voxbox id_="823510080" name="Granite" pos="-1.6 4.1 -0.8" size="32 8 16" brush="MOD/Parts/Granite.vox" object="Granite"/>
			<voxbox id_="727887232" name="Granite" pos="-0.8 4.9 -0.8" size="16 16 16" brush="MOD/Parts/Granite.vox" object="Granite"/>
			<vox id_="386751552" name="BlastFurnace" pos="0.0 0.1 0.0" prop="false" file="MOD/main/BlastFurnace.vox" object="Body">
				<vox id_="650550016" name="Door" pos="0.0 0.3 0.8" prop="true" file="MOD/main/BlastFurnace.vox" object="Door">
					<joint id_="1593342976" pos="-0.4 0.3 0.0" rot="-90.0 0.0 0.0" type="hinge" rotstrength="0.05" rotspring="0" collide="false" limits="-110 0"/>
				</vox>
			</vox>
			<voxbox id_="1459248128" name="StoneButton" pos="-1.9 2.3 0.8" size="6 4 2" brush="MOD/brush/blocks.vox" object="Stone"/>
			<voxbox id_="1602584064" name="StoneButton" pos="-0.3 2.3 0.8" size="6 4 2" brush="MOD/brush/blocks.vox" object="Stone"/>
			<voxbox id_="1365853568" name="StoneButton" pos="1.3 2.3 0.8" size="6 4 2" brush="MOD/brush/blocks.vox" object="Stone"/>
		</group>
		<voxbox id_="947118528" name="Floor" pos="-4.0 -1.6 2.4" size="80 16 32" brush="MOD/brush/blocksExtended.vox" object="PlainSandstone"/>
		<voxbox id_="262094464" name="Floor" pos="-5.6 -1.6 -5.6" size="112 16 80" brush="MOD/brush/blocksExtended.vox" object="PlainSandstone"/>
		<voxbox id_="1276653696" name="Roof" pos="-4.0 6.4 -2.4" size="80 8 32" brush="MOD/brush/blocksExtended.vox" object="PlainSandstone"/>
		<voxbox id_="495351328" name="Roof" pos="-4.0 6.4 -4.0" size="32 8 16" brush="MOD/brush/blocksExtended.vox" object="PlainSandstone"/>
		<voxbox id_="1879359488" name="Roof" pos="0.8 6.4 -4.0" size="32 8 16" brush="MOD/brush/blocksExtended.vox" object="PlainSandstone"/>
		<vox id_="1751163264" pos="-2.3 2.0 -3.2" rot="35.0 -90.0 0.0" file="MOD/main/mcobjects.vox" object="torch">
			<light id_="1531997440" pos="0 1 0" rot="0.0 0.0 0.0" type="sphere" color="2 .9 .4" size="0.2 0.2" unshadowed="0.5" glare="0"/>
		</vox>
		<vox id_="1292383232" pos="2.3 2.0 -3.2" rot="35.0 90.0 0.0" file="MOD/main/mcobjects.vox" object="torch">
			<light id_="646552128" pos="0 1 0" rot="0.0 0.0 0.0" type="sphere" color="2 .9 .4" size="0.2 0.2" unshadowed="0.5" glare="0"/>
		</vox>
	</group>
</prefab>

