<prefab version="0.8.0">
	<group id_="1307260800" open_="true" name="instance=MOD/Buildings/CactusGarden.xml" pos="28.8 6.5 -16.7" rot="0.0 90.0 0.0">
		<group id_="1098319360" name="SideWall" pos="4.7 0.0 0.0">
			<voxbox id_="1517382144" name="PlainSandstone" pos="-0.7 0.0 -4.0" rot="0.0 0.0 0.0" size="16 56 16" brush="MOD/brush/blocksExtended.vox" object="PlainSandstone"/>
			<voxbox id_="1488216832" name="PlainSandstone" pos="-0.7 0.0 0.8" rot="0.0 0.0 0.0" size="16 56 16" brush="MOD/brush/blocksExtended.vox" object="PlainSandstone"/>
			<voxbox id_="907466816" name="PlainSandstone" pos="-0.7 0.0 -2.4" rot="0.0 0.0 0.0" size="16 24 32" brush="MOD/brush/blocksExtended.vox" object="PlainSandstone"/>
			<voxbox id_="868863808" name="PlainSandstone" pos="-0.7 3.2 -2.4" rot="0.0 0.0 0.0" size="16 16 32" brush="MOD/brush/blocksExtended.vox" object="PlainSandstone"/>
		</group>
		<voxbox id_="2070211968" name="PlainSandstone" pos="-0.8 0.0 -4.0" rot="0.0 0.0 0.0" size="32 48 16" brush="MOD/brush/blocksExtended.vox" object="PlainSandstone"/>
		<group id_="1216946688" name="BackWall" pos="0.0 0.0 1.6">
			<voxbox id_="1256729472" name="PlainSandstone" pos="0.8 3.2 -0.8" rot="0.0 0.0 0.0" size="16 24 16" brush="MOD/brush/blocksExtended.vox" object="PlainSandstone"/>
			<voxbox id_="1532259712" name="PlainSandstone" pos="-4.0 0.0 -0.8" rot="0.0 0.0 0.0" size="16 48 16" brush="MOD/brush/blocksExtended.vox" object="PlainSandstone"/>
			<voxbox id_="2119104768" name="PlainSandstone" pos="-2.4 0.0 -0.8" rot="0.0 0.0 0.0" size="16 24 16" brush="MOD/brush/blocksExtended.vox" object="PlainSandstone"/>
			<voxbox id_="391142720" name="PlainSandstone" pos="-0.8 0.0 -0.8" rot="0.0 0.0 0.0" size="16 48 16" brush="MOD/brush/blocksExtended.vox" object="PlainSandstone"/>
			<voxbox id_="2069687680" name="PlainSandstone" pos="0.8 0.0 -0.8" rot="0.0 0.0 0.0" size="16 24 16" brush="MOD/brush/blocksExtended.vox" object="PlainSandstone"/>
			<voxbox id_="2011684736" name="PlainSandstone" pos="2.4 0.0 -0.8" rot="0.0 0.0 0.0" size="16 48 16" brush="MOD/brush/blocksExtended.vox" object="PlainSandstone"/>
			<voxbox id_="141763024" name="PlainSandstone" pos="-2.4 3.2 -0.8" rot="0.0 0.0 0.0" size="16 24 16" brush="MOD/brush/blocksExtended.vox" object="PlainSandstone"/>
		</group>
		<voxbox id_="1952043392" name="Roof" pos="-4.0 4.0 -2.4" rot="0.0 0.0 0.0" size="80 8 32" brush="MOD/brush/blocksExtended.vox" object="PlainSandstone"/>
		<group id_="2106979968" name="SideWall" pos="-4.9 0.0 0.0">
			<voxbox id_="393174464" name="PlainSandstone" pos="-0.7 0.0 -4.0" rot="0.0 0.0 0.0" size="16 56 16" brush="MOD/brush/blocksExtended.vox" object="PlainSandstone"/>
			<voxbox id_="377117152" name="PlainSandstone" pos="-0.7 0.0 0.8" rot="0.0 0.0 0.0" size="16 56 16" brush="MOD/brush/blocksExtended.vox" object="PlainSandstone"/>
			<voxbox id_="1689883392" name="PlainSandstone" pos="-0.7 0.0 -2.4" rot="0.0 0.0 0.0" size="16 24 32" brush="MOD/brush/blocksExtended.vox" object="PlainSandstone"/>
			<voxbox id_="1145901312" name="PlainSandstone" pos="-0.7 3.2 -2.4" rot="0.0 0.0 0.0" size="16 16 32" brush="MOD/brush/blocksExtended.vox" object="PlainSandstone"/>
		</group>
		<voxbox id_="904910784" name="PlainSandstone" pos="-4.0 0.0 -4.0" rot="0.0 0.0 0.0" size="16 48 16" brush="MOD/brush/blocksExtended.vox" object="PlainSandstone"/>
		<voxbox id_="503937056" name="PlainSandstone" pos="2.4 3.2 -4.0" rot="0.0 0.0 0.0" size="16 16 16" brush="MOD/brush/blocksExtended.vox" object="PlainSandstone"/>
		<voxbox id_="2065951872" name="PlainSandstone" pos="-2.4 3.2 -4.0" rot="0.0 0.0 0.0" size="16 24 16" brush="MOD/brush/blocksExtended.vox" object="PlainSandstone"/>
		<voxbox id_="493712832" name="PlainSandstone" pos="0.8 4.8 -4.0" rot="0.0 0.0 0.0" size="16 8 16" brush="MOD/brush/blocksExtended.vox" object="PlainSandstone"/>
		<group id_="2013650944" name="Door" pos="3.2 0.0 -2.5" rot="0.0 -90.0 0.0">
			<vox id_="1979373568" name="frame" pos="0.0 0.0 0.0" rot="0.0 0.0 0.0" file="MOD/main/Jungle Wood.vox" object="Frame"/>
			<vox id_="1639941888" name="blade" pos="0.0 0.1 0.0" rot="0.0 0.0 0.0" prop="true" file="MOD/main/Jungle Wood.vox" object="Door">
				<joint id_="485585856" pos="0.0 2.6 0.7" rot="0.0 0.0 0.0" type="ball" size="0.1" rotstrength="0.01" rotspring="0"/>
				<joint id_="562398720" pos="0.0 1.5 0.7" rot="0.0 0.0 0.0" type="ball" size="0.1" rotstrength="0.01" rotspring="0"/>
				<joint id_="472871104" pos="0.0 0.5 0.7" rot="0.0 0.0 0.0" type="ball" size="0.1" rotstrength="0.01" rotspring="0"/>
			</vox>
		</group>
		<group id_="1082262016" name="Door" pos="-1.6 0.0 -2.5" rot="0.0 90.0 0.0">
			<vox id_="1650231680" name="frame" pos="0.0 0.0 0.0" rot="0.0 0.0 0.0" file="MOD/main/Jungle Wood.vox" object="Frame"/>
			<vox id_="1206787968" name="blade" pos="0.0 0.1 0.0" rot="0.0 0.0 0.0" prop="true" file="MOD/main/Jungle Wood.vox" object="Door">
				<joint id_="1909311232" pos="-0.0 2.6 0.7" rot="0.0 0.0 0.0" type="ball" size="0.1" rotstrength="0.01" rotspring="0"/>
				<joint id_="1889583744" pos="-0.0 1.5 0.7" rot="0.0 0.0 0.0" type="ball" size="0.1" rotstrength="0.01" rotspring="0"/>
				<joint id_="440690944" pos="-0.0 0.5 0.7" rot="0.0 0.0 0.0" type="ball" size="0.1" rotstrength="0.01" rotspring="0"/>
			</vox>
		</group>
		<voxbox id_="246430400" name="Floor" pos="-4.0 -1.6 -2.4" rot="0.0 0.0 0.0" size="80 16 32" brush="MOD/brush/blocksExtended.vox" object="PlainSandstone"/>
		<voxbox id_="1946537984" name="Floor" pos="-2.4 -1.6 -4.0" rot="0.0 0.0 0.0" size="16 16 16" brush="MOD/brush/blocksExtended.vox" object="PlainSandstone"/>
		<voxbox id_="760788352" name="Path" pos="2.4 -1.6 -10.4" rot="0.0 0.0 0.0" size="16 16 80" brush="MOD/brush/blocksExtended.vox" object="PlainSandstone"/>
		<group id_="1035073216" name="Garden" pos="-0.1 -0.1 -7.0">
			<vox id_="102570096" name="Cactus" pos="-1.5 0.1 0.6" density="1.0" strength="2.0" file="MOD/Parts/DesertPlants.vox" object="cactus"/>
			<group id_="1102448384" name="WallSegmant" pos="4.8 0.0 -0.1">
				<vox id_="1189354368" pos="0.1 0.1 -2.5" file="MOD/brush/blocksExtended.vox" object="sandstonewallpost"/>
				<voxbox id_="993520832" name="SandstoneWall" pos="0.4 0.1 -2.1" rot="0.0 -90.0 0.0" size="24 13 6" brush="MOD/brush/blocksExtended.vox" object="sandstonewall"/>
				<voxbox id_="449014528" name="SandstoneWall" pos="0.4 0.1 1.1" rot="0.0 -90.0 0.0" size="20 13 6" brush="MOD/brush/blocksExtended.vox" object="sandstonewall"/>
				<vox id_="1252338304" pos="0.1 0.1 0.7" file="MOD/brush/blocksExtended.vox" object="sandstonewallpost"/>
			</group>
			<group id_="384654272" name="WallSegmant" pos="1.6 0.0 -0.1">
				<vox id_="1137184512" pos="0.1 0.1 -2.5" file="MOD/brush/blocksExtended.vox" object="sandstonewallpost"/>
				<voxbox id_="1687851648" name="SandstoneWall" pos="0.4 0.1 -2.1" rot="0.0 -90.0 0.0" size="24 13 6" brush="MOD/brush/blocksExtended.vox" object="sandstonewall"/>
				<voxbox id_="200486864" name="SandstoneWall" pos="0.4 0.1 1.1" rot="0.0 -90.0 0.0" size="20 13 6" brush="MOD/brush/blocksExtended.vox" object="sandstonewall"/>
				<vox id_="950002304" pos="0.1 0.1 0.7" file="MOD/brush/blocksExtended.vox" object="sandstonewallpost"/>
			</group>
			<group id_="1057553408" name="WallSegmant" pos="-4.8 0.0 -0.1">
				<vox id_="858705088" pos="0.1 0.1 -2.5" file="MOD/brush/blocksExtended.vox" object="sandstonewallpost"/>
				<voxbox id_="1325022208" name="SandstoneWall" pos="0.4 0.1 -2.1" rot="0.0 -90.0 0.0" size="24 13 6" brush="MOD/brush/blocksExtended.vox" object="sandstonewall"/>
				<voxbox id_="1406553984" name="SandstoneWall" pos="0.4 0.1 1.1" rot="0.0 -90.0 0.0" size="20 13 6" brush="MOD/brush/blocksExtended.vox" object="sandstonewall"/>
				<vox id_="968353472" pos="0.1 0.1 0.7" file="MOD/brush/blocksExtended.vox" object="sandstonewallpost"/>
			</group>
			<group id_="225588672" name="WallSegmant" pos="-1.2 0.0 -2.7" rot="0.0 -90.0 0.0">
				<voxbox id_="2012471296" name="SandstoneWall" pos="0.4 0.1 -2.5" rot="0.0 -90.0 0.0" size="24 13 6" brush="MOD/brush/blocksExtended.vox" object="sandstonewall"/>
				<voxbox id_="891540608" name="SandstoneWall" pos="0.4 0.1 0.7" rot="0.0 -90.0 0.0" size="24 13 6" brush="MOD/brush/blocksExtended.vox" object="sandstonewall"/>
				<vox id_="316885888" pos="0.1 0.1 0.3" file="MOD/brush/blocksExtended.vox" object="sandstonewallpost"/>
			</group>
			<vox id_="570525696" pos="1.7 1.7 0.6" rot="0 0 0" file="MOD/main/mcobjects.vox" object="torch">
				<light id_="826852608" pos="0 1 0" rot="0.0 0.0 0.0" type="sphere" color="2 .9 .4" size="0.2 0.2" unshadowed="0.5" glare="0"/>
			</vox>
			<vox id_="1958138624" pos="4.9 1.7 0.6" rot="0 0 0" file="MOD/main/mcobjects.vox" object="torch">
				<light id_="1420776064" pos="0 1 0" rot="0.0 0.0 0.0" type="sphere" color="2 .9 .4" size="0.2 0.2" unshadowed="0.5" glare="0"/>
			</vox>
		</group>
		<voxagon id_="413033088" name="PlainSandtsoneStairs" pos="3.4 0.6 0.8" rot="0.0 90.0 -90.0" brush="MOD/brush/blocksExtended.vox" object="PlainSandstone" offset="10 0 10" extrude="16">
			<vertex pos="-1.0 -0.2"/>
			<vertex pos="-0.2 -0.2"/>
			<vertex pos="-0.2 -1.0"/>
			<vertex pos="0.6 -1.0"/>
			<vertex pos="0.6 0.6"/>
			<vertex pos="-1.0 0.6"/>
		</voxagon>
		<voxbox id_="852151104" name="SmoothSandstone" pos="0.8 0.0 -0.8" rot="0.0 0.0 0.0" size="16 16 16" brush="MOD/brush/blocksExtended.vox" object="smoothsandstone"/>
		<voxagon id_="649960192" name="PlainSandtsoneStairs" pos="-0.2 0.6 -0.8" rot="0.0 -90.0 -90.0" brush="MOD/brush/blocksExtended.vox" object="PlainSandstone" offset="10 0 10" extrude="16">
			<vertex pos="-1.0 -0.2"/>
			<vertex pos="-0.2 -0.2"/>
			<vertex pos="-0.2 -1.0"/>
			<vertex pos="0.6 -1.0"/>
			<vertex pos="0.6 0.6"/>
			<vertex pos="-1.0 0.6"/>
		</voxagon>
		<vox id_="1821749888" pos="1.6 1.6 0.0" rot="0 0 0" file="MOD/main/mcobjects.vox" object="torch">
			<light id_="1208426496" pos="0 1 0" rot="0.0 0.0 0.0" type="sphere" color="2 .9 .4" size="0.2 0.2" unshadowed="0.5" glare="0"/>
		</vox>
		<vox id_="788904960" name="DeadBushPlantPot" pos="-1.6 1.6 -9.6" prop="true" file="MOD/Parts/PlantPot.vox" object="flowerpot">
			<vox id_="303450208" name="DeadBush" pos="0.0 0.5 0.08" rot="0.0 45.0 0.0" prop="false" file="MOD/Parts/DesertPlants.vox" object="deadbush"/>
		</vox>
		<vox id_="1714854144" name="DeadBushPlantPot" pos="-4.8 1.6 -6.4" prop="true" file="MOD/Parts/PlantPot.vox" object="flowerpot">
			<vox id_="822985792" name="DeadBush" pos="0.0 0.5 0.08" rot="0.0 45.0 0.0" prop="false" file="MOD/Parts/DesertPlants.vox" object="deadbush"/>
		</vox>
		<vox id_="125443560" pos="-2.4 0.0 0.0" rot="0.0 0.0 0.0" prop="true" file="MOD/main/GreenBed.vox" object="bed"/>
	</group>
</prefab>

