<prefab version="0.8.0">
	<group id_="641308928" name="Cartographer" pos="16.8 22.3 61.59999" rot="0.0 0.0 0.0">
		<voxbox id_="162080416" name="PlainSandstone" pos="-0.8 0.1 4.0" size="16 16 16" brush="MOD/brush/blocksExtended.vox" object="PlainSandstone"/>
		<group id_="1817424256" name="Balcony" pos="2.3 0.1 2.3">
			<voxbox id_="1805627008" name="PlainSandstone" pos="-3.1 0.0 0.1" size="48 56 16" brush="MOD/brush/blocksExtended.vox" object="PlainSandstone"/>
			<voxbox id_="82973640" name="SmoothSandstone" pos="1.7 0.0 0.1" size="16 64 16" brush="MOD/brush/blocksExtended.vox" object="smoothsandstone"/>
			<voxbox id_="332615488" name="PlainSandstone" pos="1.7 0.0 -1.5" size="16 56 16" brush="MOD/brush/blocksExtended.vox" object="PlainSandstone"/>
			<voxbox id_="1188633472" name="PlainSandstone" pos="-1.5 3.2 -1.5" size="32 16 16" brush="MOD/brush/blocksExtended.vox" object="PlainSandstone"/>
			<voxagon id_="1078132992" name="PlainSandtsoneStairs" pos="-2.1 3.8 0.1" rot="0.0 -270.0 -90.0" brush="MOD/brush/blocksExtended.vox" object="PlainSandstone" offset="10 0 10" extrude="16">
				<vertex pos="-1.0 -0.2"/>
				<vertex pos="-0.2 -0.2"/>
				<vertex pos="-0.2 -1.0"/>
				<vertex pos="0.6 -1.0"/>
				<vertex pos="0.6 0.6"/>
				<vertex pos="-1.0 0.6"/>
			</voxagon>
		</group>
		<group id_="1216619008" name="Lower" pos="-3.2 0.1 0.8">
			<voxbox id_="1951387904" name="PlainSandstone" pos="-2.4 0.0 -1.6" size="16 88 32" brush="MOD/brush/blocksExtended.vox" object="PlainSandstone"/>
			<voxbox id_="200486864" name="SmoothSandstone" pos="-2.4 0.0 -3.2" size="16 96 16" brush="MOD/brush/blocksExtended.vox" object="smoothsandstone"/>
			<voxbox id_="1010692352" name="PlainSandstone" pos="-0.8 0.0 -3.2" size="16 88 16" brush="MOD/brush/blocksExtended.vox" object="PlainSandstone"/>
			<voxbox id_="559711616" name="SmoothSandstone" pos="0.8 4.8 -3.2" size="16 48 16" brush="MOD/brush/blocksExtended.vox" object="smoothsandstone"/>
			<voxbox id_="1057815616" name="PlainSandstone" pos="0.8 0.0 -1.6" size="16 32 32" brush="MOD/brush/blocksExtended.vox" object="PlainSandstone"/>
			<voxbox id_="796114368" name="PlainSandstone" pos="-0.8 0.0 -1.6" size="16 32 48" brush="MOD/brush/blocksExtended.vox" object="PlainSandstone"/>
			<voxbox id_="1129450880" name="PlainSandstone" pos="0.8 0.0 -3.2" size="16 48 16" brush="MOD/brush/blocksExtended.vox" object="PlainSandstone"/>
			<voxbox id_="399007520" name="SmoothSandstone" pos="0.8 0.0 1.6" size="16 96 16" brush="MOD/brush/blocksExtended.vox" object="smoothsandstone"/>
			<voxbox id_="151725104" name="SmoothSandstone" pos="-2.4 0.0 1.6" size="16 96 16" brush="MOD/brush/blocksExtended.vox" object="smoothsandstone"/>
			<voxbox id_="113908520" name="PlainSandstone" pos="-0.8 6.4 1.6" size="16 24 16" brush="MOD/brush/blocksExtended.vox" object="PlainSandstone"/>
			<voxbox id_="1536847488" name="PlainSandstone" pos="-0.8 8.0 -1.6" size="32 8 32" brush="MOD/brush/blocksExtended.vox" object="PlainSandstone" offset="0 8 0"/>
		</group>
		<voxbox id_="1096811904" name="PlainSandstone" pos="-4.0 0.1 4.0" size="32 32 16" brush="MOD/brush/blocksExtended.vox" object="PlainSandstone"/>
		<voxagon id_="31131500" name="PlainSandtsoneStairs" pos="1.4 0.7 4.0" rot="0.0 -90.0 -90.0" brush="MOD/brush/blocksExtended.vox" object="PlainSandstone" offset="10 0 10" extrude="16">
			<vertex pos="-1.0 -0.2"/>
			<vertex pos="-0.2 -0.2"/>
			<vertex pos="-0.2 -1.0"/>
			<vertex pos="0.6 -1.0"/>
			<vertex pos="0.6 0.6"/>
			<vertex pos="-1.0 0.6"/>
		</voxagon>
		<voxagon id_="2138832384" name="PlainSandtsoneStairs" pos="-0.2 2.3 4.0" rot="0.0 -90.0 -90.0" brush="MOD/brush/blocksExtended.vox" object="PlainSandstone" offset="10 0 10" extrude="16">
			<vertex pos="-1.0 -0.2"/>
			<vertex pos="-0.2 -0.2"/>
			<vertex pos="-0.2 -1.0"/>
			<vertex pos="0.6 -1.0"/>
			<vertex pos="0.6 0.6"/>
			<vertex pos="-1.0 0.6"/>
		</voxagon>
		<group id_="698066560" name="Upper" pos="2.3 0.1 -1.6">
			<voxbox id_="1907345024" name="PlainSandstone" pos="-3.1 3.2 -2.4" size="48 16 48" brush="MOD/brush/blocksExtended.vox" object="PlainSandstone"/>
			<voxbox id_="1864481920" name="SmoothSandstone" pos="-3.1 4.8 0.8" size="16 64 16" brush="MOD/brush/blocksExtended.vox" object="smoothsandstone"/>
			<voxbox id_="624465152" name="PlainSandstone" pos="-1.5 8.0 0.8" size="32 24 16" brush="MOD/brush/blocksExtended.vox" object="PlainSandstone"/>
			<voxbox id_="1085145728" name="PlainSandstone" pos="0.1 4.8 0.8" size="16 32 16" brush="MOD/brush/blocksExtended.vox" object="PlainSandstone"/>
			<voxbox id_="1409896448" name="SmoothSandstone" pos="1.7 0.0 0.8" size="16 112 16" brush="MOD/brush/blocksExtended.vox" object="smoothsandstone"/>
			<voxbox id_="1994775424" name="PlainSandstone" pos="-1.5 9.6 -2.4" size="32 8 32" brush="MOD/brush/blocksExtended.vox" object="PlainSandstone" offset="0 8 0"/>
			<voxbox id_="1565881728" name="PlainSandstone" pos="-3.1 8.0 -2.4" size="16 24 32" brush="MOD/brush/blocksExtended.vox" object="PlainSandstone"/>
			<voxbox id_="967829184" name="SmoothSandstone" pos="-3.1 0.0 -4.0" size="16 112 16" brush="MOD/brush/blocksExtended.vox" object="smoothsandstone"/>
			<voxbox id_="1935134080" name="PlainSandstone" pos="-1.5 0.0 -4.0" size="32 104 16" brush="MOD/brush/blocksExtended.vox" object="PlainSandstone"/>
			<voxbox id_="333336448" name="SmoothSandstone" pos="1.7 0.0 -4.0" size="16 112 16" brush="MOD/brush/blocksExtended.vox" object="smoothsandstone"/>
			<voxbox id_="1153831680" name="PlainSandstone" pos="1.7 0.0 -2.4" size="16 104 32" brush="MOD/brush/blocksExtended.vox" object="PlainSandstone"/>
			<voxbox id_="118824016" name="PlainSandstone" pos="-3.1 0.0 -2.4" size="16 32 32" brush="MOD/brush/blocksExtended.vox" object="PlainSandstone"/>
			<voxbox id_="1728748544" name="PlainSandstone" pos="-3.1 0.0 2.4" size="16 32 16" brush="MOD/brush/blocksExtended.vox" object="PlainSandstone"/>
			<voxbox id_="929160576" name="PlainSandstone" pos="0.1 0.0 2.4" size="16 32 16" brush="MOD/brush/blocksExtended.vox" object="PlainSandstone"/>
		</group>
		<voxbox id_="1832039680" name="PlainSandstone" pos="-0.8 1.7 -2.4" rot="0.0 180.0 0.0" size="16 16 16" brush="MOD/brush/blocksExtended.vox" object="PlainSandstone"/>
		<voxagon id_="506493120" name="PlainSandtsoneStairs" pos="-3.0 2.3 -2.4" rot="0.0 -270.0 -90.0" brush="MOD/brush/blocksExtended.vox" object="PlainSandstone" offset="10 0 10" extrude="16">
			<vertex pos="-1.0 -0.2"/>
			<vertex pos="-0.2 -0.2"/>
			<vertex pos="-0.2 -1.0"/>
			<vertex pos="0.6 -1.0"/>
			<vertex pos="0.6 0.6"/>
			<vertex pos="-1.0 0.6"/>
		</voxagon>
		<voxagon id_="1371490048" name="PlainSandtsoneStairs" pos="-1.4 3.9 -2.4" rot="0.0 -270.0 -90.0" brush="MOD/brush/blocksExtended.vox" object="PlainSandstone" offset="10 0 10" extrude="16">
			<vertex pos="-1.0 -0.2"/>
			<vertex pos="-0.2 -0.2"/>
			<vertex pos="-0.2 -1.0"/>
			<vertex pos="0.6 -1.0"/>
			<vertex pos="0.6 0.6"/>
			<vertex pos="-1.0 0.6"/>
		</voxagon>
		<voxbox id_="398155488" name="PlainSandstone" pos="-5.6 0.1 -4.0" rot="0.0 0.0 0.0" size="48 16 16" brush="MOD/brush/blocksExtended.vox" object="PlainSandstone"/>
		<voxbox id_="1036515072" name="PlainSandstone" pos="-4.0 0.1 -5.6" rot="0.0 0.0 0.0" size="32 8 16" brush="MOD/brush/blocksExtended.vox" object="PlainSandstone"/>
		<voxagon id_="705210368" name="PlainSandtsoneStairs" pos="-5.6 0.7 -4.6" rot="0.0 360.0 -90.0" brush="MOD/brush/blocksExtended.vox" object="PlainSandstone" offset="10 0 10" extrude="16">
			<vertex pos="-1.0 -0.2"/>
			<vertex pos="-0.2 -0.2"/>
			<vertex pos="-0.2 -1.0"/>
			<vertex pos="0.6 -1.0"/>
			<vertex pos="0.6 0.6"/>
			<vertex pos="-1.0 0.6"/>
		</voxagon>
		<group id_="1429755136" name="Door" pos="1.6 4.9 -0.7" rot="0.0 -90.0 0.0">
			<vox id_="1365460352" name="frame" pos="0.0 0.0 0.0" rot="0.0 0.0 0.0" file="MOD/main/Jungle Wood.vox" object="Frame"/>
			<vox id_="1553822336" name="blade" pos="0.0 0.1 0.0" rot="0.0 0.0 0.0" prop="true" file="MOD/main/Jungle Wood.vox" object="Door">
				<joint id_="1387481856" pos="0.0 2.6 0.7" rot="0.0 0.0 0.0" type="ball" size="0.1" rotstrength="0.01" rotspring="0"/>
				<joint id_="609259840" pos="0.0 1.5 0.7" rot="0.0 0.0 0.0" type="ball" size="0.1" rotstrength="0.01" rotspring="0"/>
				<joint id_="1648724224" pos="0.0 0.4 0.7" rot="0.0 0.0 0.0" type="ball" size="0.1" rotstrength="0.01" rotspring="0"/>
			</vox>
		</group>
		<group id_="1724029696" name="Door" pos="-3.2 3.3 2.5" rot="0.0 -90.0 0.0">
			<vox id_="1470389888" name="frame" pos="0.0 0.0 0.0" rot="0.0 0.0 0.0" file="MOD/main/Jungle Wood.vox" object="Frame"/>
			<vox id_="1428247680" name="blade" pos="0.0 0.1 0.0" rot="0.0 0.0 0.0" prop="true" file="MOD/main/Jungle Wood.vox" object="Door">
				<joint id_="330321600" pos="0.0 2.6 0.7" rot="0.0 0.0 0.0" type="ball" size="0.1" rotstrength="0.01" rotspring="0"/>
				<joint id_="2090660480" pos="0.0 1.5 0.7" rot="0.0 0.0 0.0" type="ball" size="0.1" rotstrength="0.01" rotspring="0"/>
				<joint id_="922082240" pos="0.0 0.4 0.7" rot="0.0 0.0 0.0" type="ball" size="0.1" rotstrength="0.01" rotspring="0"/>
			</vox>
		</group>
		<vox id_="976021696" name="CactusPlantPot" pos="-4.8 0.1 4.8" density="0.7" prop="true" file="MOD/Parts/PlantPot.vox" object="flowerpot">
			<vox id_="1501849088" name="Cactus" pos="0.0 0.5 -0.02" prop="false" file="MOD/Parts/PlantPot.vox" object="MiniCactus"/>
		</vox>
		<vox id_="1677692928" name="CactusPlantPot" pos="3.2 4.9 1.6" density="0.7" prop="true" file="MOD/Parts/PlantPot.vox" object="flowerpot">
			<vox id_="1863957632" name="Cactus" pos="0.0 0.5 -0.02" prop="false" file="MOD/Parts/PlantPot.vox" object="MiniCactus"/>
		</vox>
		<vox id_="1523608320" pos="0.7 8.4 -3.2" rot="35.0 90.0 0.0" file="MOD/main/mcobjects.vox" object="torch">
			<light id_="298403616" pos="0 1 0" rot="0.0 0.0 0.0" type="sphere" color="2 .9 .4" size="0.2 0.2" unshadowed="0.5" glare="0"/>
		</vox>
		<vox id_="563578432" pos="-0.7 5.2 0.0" rot="35.0 -90.0 0.0" file="MOD/main/mcobjects.vox" object="torch">
			<light id_="575572288" pos="0 1 0" rot="0.0 0.0 0.0" type="sphere" color="2 .9 .4" size="0.2 0.2" unshadowed="0.5" glare="0"/>
		</vox>
		<vox id_="284378048" pos="0.7 2.0 1.6" rot="35.0 90.0 0.0" file="MOD/main/mcobjects.vox" object="torch">
			<light id_="55053600" pos="0 1 0" rot="0.0 0.0 0.0" type="sphere" color="2 .9 .4" size="0.2 0.2" unshadowed="0.5" glare="0"/>
		</vox>
		<vox id_="1108740224" pos="-1.6 3.3 0.0" prop="true" file="MOD/main/CartographyTable.vox" object="CartographyTable"/>
	</group>
</prefab>

