<prefab version="0.8.0">
	<group id_="1653836416" name="Librarian" pos="36.0 22.4 60.0">
		<voxbox id_="1327185024" name="Roof" pos="-5.6 6.4 -2.4" rot="0.0 0.0 0.0" size="112 16 48" brush="MOD/brush/blocksExtended.vox" object="PlainSandstone"/>
		<group id_="1697223808" name="SideWall" pos="6.3 1.6 0.0">
			<voxbox id_="186199136" name="PlainSandstone" pos="-0.7 0.0 -2.4" size="16 64 48" brush="MOD/brush/blocksExtended.vox" object="PlainSandstone"/>
			<voxbox id_="349655904" name="SmoothSandstone" pos="-0.7 0.0 2.4" size="16 96 16" brush="MOD/brush/blocksExtended.vox" object="smoothsandstone"/>
			<voxbox id_="28116660" name="SmoothSandstone" pos="-0.7 6.4 -2.4" size="16 16 48" brush="MOD/brush/blocksExtended.vox" object="smoothsandstone"/>
			<voxbox id_="428369440" name="SmoothSandstone" pos="-0.7 0.0 -4.0" size="16 96 16" brush="MOD/brush/blocksExtended.vox" object="smoothsandstone"/>
		</group>
		<group id_="1342193664" name="BackWall" pos="0.0 1.6 -3.2">
			<voxbox id_="1136725760" name="PlainSandstone" pos="-5.6 0.0 -0.8" size="112 16 16" brush="MOD/brush/blocksExtended.vox" object="PlainSandstone"/>
			<voxbox id_="1193024640" name="PlainSandstone" pos="4.0 1.6 -0.8" size="16 32 16" brush="MOD/brush/blocksExtended.vox" object="PlainSandstone"/>
			<voxbox id_="153232512" name="PlainSandstone" pos="-5.6 4.8 -0.8" size="112 16 16" brush="MOD/brush/blocksExtended.vox" object="PlainSandstone"/>
			<voxbox id_="919329600" name="SmoothSandstone" pos="-5.6 6.4 -0.8" size="112 16 16" brush="MOD/brush/blocksExtended.vox" object="smoothsandstone"/>
			<voxbox id_="1706923776" name="PlainSandstone" pos="2.4 4.0 -0.8" size="16 8 16" brush="MOD/brush/blocksExtended.vox" object="sandstone" offset="0 8 0"/>
			<voxbox id_="45615840" name="PlainSandstone" pos="-2.4 1.6 -0.8" size="48 32 16" brush="MOD/brush/blocksExtended.vox" object="PlainSandstone"/>
			<voxbox id_="740208768" name="PlainSandstone" pos="-5.6 1.6 -0.8" size="16 32 16" brush="MOD/brush/blocksExtended.vox" object="PlainSandstone"/>
			<voxbox id_="1972491776" name="PlainSandstone" pos="-4.0 4.0 -0.8" size="16 8 16" brush="MOD/brush/blocksExtended.vox" object="sandstone" offset="0 8 0"/>
		</group>
		<voxbox id_="1790159616" name="Floor" pos="-7.2 0.0 -4.0" rot="0.0 0.0 0.0" size="144 16 80" brush="MOD/brush/blocksExtended.vox" object="PlainSandstone"/>
		<group id_="2140929664" name="FrontWall" pos="0.0 1.6 3.2">
			<voxbox id_="819184448" name="PlainSandstone" pos="-5.6 0.0 -0.8" size="48 16 16" brush="MOD/brush/blocksExtended.vox" object="PlainSandstone"/>
			<voxbox id_="1796058112" name="PlainSandstone" pos="4.0 1.6 -0.8" size="16 32 16" brush="MOD/brush/blocksExtended.vox" object="PlainSandstone"/>
			<voxbox id_="123805056" name="PlainSandstone" pos="-5.6 4.8 -0.8" size="112 16 16" brush="MOD/brush/blocksExtended.vox" object="PlainSandstone"/>
			<voxbox id_="1934937472" name="SmoothSandstone" pos="-5.6 6.4 -0.8" size="112 16 16" brush="MOD/brush/blocksExtended.vox" object="smoothsandstone"/>
			<voxbox id_="1188895616" name="PlainSandstone" pos="2.4 4.0 -0.8" size="16 8 16" brush="MOD/brush/blocksExtended.vox" object="sandstone" offset="0 8 0"/>
			<voxbox id_="932830848" name="PlainSandstone" pos="-2.4 1.6 -0.8" size="16 32 16" brush="MOD/brush/blocksExtended.vox" object="PlainSandstone"/>
			<voxbox id_="1326267392" name="PlainSandstone" pos="-5.6 1.6 -0.8" size="16 32 16" brush="MOD/brush/blocksExtended.vox" object="PlainSandstone"/>
			<voxbox id_="144908944" name="PlainSandstone" pos="-4.0 4.0 -0.8" size="16 8 16" brush="MOD/brush/blocksExtended.vox" object="sandstone" offset="0 8 0"/>
			<voxbox id_="815186496" name="PlainSandstone" pos="0.8 0.0 -0.8" size="48 16 16" brush="MOD/brush/blocksExtended.vox" object="PlainSandstone"/>
			<voxbox id_="1983240448" name="PlainSandstone" pos="0.8 1.6 -0.8" size="16 32 16" brush="MOD/brush/blocksExtended.vox" object="PlainSandstone"/>
			<voxbox id_="1044445440" name="PlainSandstone" pos="-0.8 3.2 -0.8" size="16 16 16" brush="MOD/brush/blocksExtended.vox" object="sandstone"/>
		</group>
		<group id_="1476943872" name="SideWall" pos="-6.5 1.6 0.0">
			<voxbox id_="685024064" name="PlainSandstone" pos="-0.7 0.0 -2.4" size="16 64 48" brush="MOD/brush/blocksExtended.vox" object="PlainSandstone"/>
			<voxbox id_="172239120" name="SmoothSandstone" pos="-0.7 0.0 2.4" size="16 96 16" brush="MOD/brush/blocksExtended.vox" object="smoothsandstone"/>
			<voxbox id_="853396352" name="SmoothSandstone" pos="-0.7 6.4 -2.4" size="16 16 48" brush="MOD/brush/blocksExtended.vox" object="smoothsandstone"/>
			<voxbox id_="956687360" name="SmoothSandstone" pos="-0.7 0.0 -4.0" size="16 96 16" brush="MOD/brush/blocksExtended.vox" object="smoothsandstone"/>
			<voxbox id_="1245325568" name="Bookshelf" pos="0.9 0.0 -2.4" size="16 48 48" brush="MOD/main/Bookshelf.vox" object="bookshelf"/>
		</group>
		<voxagon id_="778025344" name="PlainSandtsoneStairs" pos="5.0 2.2 2.4" rot="0.0 -270.0 -90.0" brush="MOD/brush/blocksExtended.vox" object="PlainSandstone" offset="10 0 10" extrude="16">
			<vertex pos="-1.0 -0.2"/>
			<vertex pos="-0.2 -0.2"/>
			<vertex pos="-0.2 -1.0"/>
			<vertex pos="0.6 -1.0"/>
			<vertex pos="0.6 0.6"/>
			<vertex pos="-1.0 0.6"/>
		</voxagon>
		<voxagon id_="1460755456" name="PlainSandtsoneStairs" pos="5.0 2.2 -0.8" rot="0.0 -270.0 -90.0" brush="MOD/brush/blocksExtended.vox" object="PlainSandstone" offset="10 0 10" extrude="16">
			<vertex pos="-1.0 -0.2"/>
			<vertex pos="-0.2 -0.2"/>
			<vertex pos="-0.2 -1.0"/>
			<vertex pos="0.6 -1.0"/>
			<vertex pos="0.6 0.6"/>
			<vertex pos="-1.0 0.6"/>
		</voxagon>
		<group id_="23463320" name="Carpet" pos="0.0 1.6 0.0">
			<voxbox id_="1465671040" name="Carpet" pos="-0.8 0.0 -0.8" density="0.5" strength="0.5" prop="true" size="16 1 16" brush="MOD/main/GreenWool.vox" object="Lime">
				<joint id_="9437760" pos="0.0 0.1 0.8" type="hinge" collide="true"/>
			</voxbox>
			<voxbox id_="1605664512" name="Carpet" pos="0.8 0.0 -0.8" density="0.5" strength="0.5" prop="true" size="16 1 16" brush="MOD/main/WhiteWool.vox" object="white_wool">
				<joint id_="1445615744" pos="0.0 0.1 0.8" type="hinge" collide="true"/>
			</voxbox>
			<voxbox id_="159655440" name="Carpet" pos="-2.4 0.0 -0.8" density="0.5" strength="0.5" prop="true" size="16 1 16" brush="MOD/main/WhiteWool.vox" object="white_wool"/>
		</group>
		<instance id_="285885472" pos="4.7 1.5 -0.1" rot="0.0 0.0 0.0" file="MOD/Parts/Lectern.xml"/>
		<vox id_="413754016" pos="5.7 3.5 0.0" rot="35.0 -90.0 0.0" file="MOD/main/mcobjects.vox" object="torch">
			<light id_="808239296" pos="0 1 0" rot="0.0 0.0 0.0" type="sphere" color="2 .9 .4" size="0.2 0.2" unshadowed="0.5" glare="0"/>
		</vox>
		<vox id_="1783474432" pos="-0.0 3.5 -2.5" rot="35.0 0.0 0.0" file="MOD/main/mcobjects.vox" object="torch">
			<light id_="1713281152" pos="0 1 0" rot="0.0 0.0 0.0" type="sphere" color="2 .9 .4" size="0.2 0.2" unshadowed="0.5" glare="0"/>
		</vox>
		<vox id_="1276850304" name="CactusPlantPot" pos="-3.2 3.2 -3.2" density="0.7" prop="true" file="MOD/Parts/PlantPot.vox" object="flowerpot">
			<vox id_="521370688" name="DeadBush" pos="0.0 0.5 -0.02" prop="false" file="MOD/Parts/PlantPot.vox" object="MiniCactus"/>
		</vox>
		<vox id_="1701156224" name="CactusPlantPot" pos="3.2 3.2 -3.2" density="0.7" prop="true" file="MOD/Parts/PlantPot.vox" object="flowerpot">
			<vox id_="772323328" name="DeadBush" pos="0.0 0.5 -0.02" prop="false" file="MOD/Parts/PlantPot.vox" object="MiniCactus"/>
		</vox>
		<vox id_="640522432" name="CactusPlantPot" pos="3.2 3.2 3.2" density="0.7" prop="true" file="MOD/Parts/PlantPot.vox" object="flowerpot">
			<vox id_="1326201856" name="DeadBush" pos="0.0 0.5 -0.02" prop="false" file="MOD/Parts/PlantPot.vox" object="MiniCactus"/>
		</vox>
		<vox id_="843106560" name="CactusPlantPot" pos="-3.2 3.2 3.2" density="0.7" prop="true" file="MOD/Parts/PlantPot.vox" object="flowerpot">
			<vox id_="86643880" name="DeadBush" pos="0.0 0.5 -0.02" prop="false" file="MOD/Parts/PlantPot.vox" object="MiniCactus"/>
		</vox>
		<group id_="432891712" name="Door" pos="0.0 1.6 2.5" rot="0.0 -90.0 0.0">
			<vox id_="52104300" name="frame" pos="0.0 0.0 0.0" rot="0.0 0.0 0.0" file="MOD/main/Jungle Wood.vox" object="Frame"/>
			<vox id_="822264832" name="blade" pos="0.0 0.1 0.0" rot="0.0 0.0 0.0" prop="true" file="MOD/main/Jungle Wood.vox" object="Door">
				<joint id_="1623884544" pos="0.0 2.6 0.7" rot="0.0 0.0 0.0" type="ball" size="0.1" rotstrength="0.01" rotspring="0"/>
				<joint id_="2883760" pos="0.0 1.5 0.7" rot="0.0 0.0 0.0" type="ball" size="0.1" rotstrength="0.01" rotspring="0"/>
				<joint id_="1145704704" pos="0.0 0.5 0.7" rot="0.0 0.0 0.0" type="ball" size="0.1" rotstrength="0.01" rotspring="0"/>
			</vox>
		</group>
	</group>
</prefab>

