<prefab version="0.8.0">
	<group id_="1400786432" name="ManyDoorHouse" pos="57.6 22.4 60.8">
		<group id_="351359936" name="SideWall" pos="-4.0 0.0 0.0">
			<voxbox id_="281166592" name="PlainSandstone" pos="-0.8 0.0 -4.8" rot="0.0 0.0 0.0" size="16 48 96" brush="MOD/brush/blocksExtended.vox" object="PlainSandstone"/>
			<voxbox id_="1792519040" name="SmoothSandstone" pos="-0.8 4.8 -4.8" rot="0.0 0.0 0.0" size="16 16 96" brush="MOD/brush/blocksExtended.vox" object="smoothsandstone"/>
			<voxbox id_="2098525312" name="PlainSandstone" pos="-0.8 6.4 -4.8" rot="0.0 0.0 0.0" size="16 32 64" brush="MOD/brush/blocksExtended.vox" object="PlainSandstone"/>
			<voxbox id_="1077739776" name="SmoothSandstone" pos="-0.8 9.6 -4.8" rot="0.0 0.0 0.0" size="16 16 64" brush="MOD/brush/blocksExtended.vox" object="smoothsandstone"/>
		</group>
		<group id_="980085184" name="BackWall" pos="0.8 0.0 -4.0">
			<voxbox id_="1702073856" name="PlainSandstone" pos="-4.0 0.0 -0.8" rot="0.0 0.0 0.0" size="80 48 16" brush="MOD/brush/blocksExtended.vox" object="PlainSandstone"/>
			<voxbox id_="287130752" name="SmoothSandstone" pos="-4.0 4.8 -0.8" rot="0.0 0.0 0.0" size="80 16 16" brush="MOD/brush/blocksExtended.vox" object="smoothsandstone"/>
			<voxbox id_="917887680" name="PlainSandstone" pos="-4.0 6.4 -0.8" rot="0.0 0.0 0.0" size="16 8 16" brush="MOD/brush/blocksExtended.vox" object="PlainSandstone"/>
			<voxbox id_="1765057792" name="PlainSandstone" pos="-2.4 6.4 -0.8" rot="0.0 0.0 0.0" size="16 32 16" brush="MOD/brush/blocksExtended.vox" object="PlainSandstone"/>
			<voxbox id_="865128000" name="PlainSandstone" pos="-0.8 6.4 -0.8" rot="0.0 0.0 0.0" size="16 8 16" brush="MOD/brush/blocksExtended.vox" object="PlainSandstone"/>
			<voxbox id_="1625588608" name="PlainSandstone" pos="0.8 6.4 -0.8" rot="0.0 0.0 0.0" size="16 32 16" brush="MOD/brush/blocksExtended.vox" object="PlainSandstone"/>
			<voxbox id_="671064064" name="PlainSandstone" pos="2.4 6.4 -0.8" rot="0.0 0.0 0.0" size="16 8 16" brush="MOD/brush/blocksExtended.vox" object="PlainSandstone"/>
			<voxbox id_="322194624" name="SandstoneSlab" pos="2.4 8.8 -0.8" rot="0.0 0.0 0.0" size="16 8 16" brush="MOD/brush/blocksExtended.vox" object="sandstone" offset="0 8 0"/>
			<voxbox id_="995028288" name="SandstoneSlab" pos="-0.8 8.8 -0.8" rot="0.0 0.0 0.0" size="16 8 16" brush="MOD/brush/blocksExtended.vox" object="sandstone" offset="0 8 0"/>
			<voxbox id_="450325344" name="SandstoneSlab" pos="-4.0 8.8 -0.8" rot="0.0 0.0 0.0" size="16 8 16" brush="MOD/brush/blocksExtended.vox" object="sandstone" offset="0 8 0"/>
			<voxbox id_="882758272" name="PlainSandstone" pos="-4.0 9.6 -0.8" rot="0.0 0.0 0.0" size="80 16 16" brush="MOD/brush/blocksExtended.vox" object="PlainSandstone"/>
		</group>
		<group id_="157885856" name="Middle" pos="0.8 0.0 0.8">
			<voxbox id_="508918112" name="SmoothSandstone" pos="-4.0 9.6 -0.8" rot="0.0 0.0 0.0" size="80 16 16" brush="MOD/brush/blocksExtended.vox" object="smoothsandstone"/>
			<voxbox id_="934469312" name="PlainSandstone" pos="-4.0 0.0 -4.0" rot="0.0 0.0 0.0" size="80 16 80" brush="MOD/brush/blocksExtended.vox" object="PlainSandstone"/>
			<voxbox id_="135864416" name="PlainSandstone" pos="-2.4 1.6 2.4" rot="0.0 0.0 0.0" size="16 32 16" brush="MOD/brush/blocksExtended.vox" object="PlainSandstone"/>
			<voxbox id_="1842919296" name="PlainSandstone" pos="0.8 1.6 2.4" rot="0.0 0.0 0.0" size="16 32 16" brush="MOD/brush/blocksExtended.vox" object="PlainSandstone"/>
			<voxbox id_="172435744" name="PlainSandstone" pos="-2.4 1.6 -0.8" rot="0.0 0.0 0.0" size="16 32 16" brush="MOD/brush/blocksExtended.vox" object="PlainSandstone"/>
			<voxbox id_="2069753216" name="PlainSandstone" pos="0.8 1.6 -0.8" rot="0.0 0.0 0.0" size="16 32 16" brush="MOD/brush/blocksExtended.vox" object="PlainSandstone"/>
			<voxbox id_="679453184" name="PlainSandstone" pos="-4.0 4.8 -2.4" rot="0.0 0.0 0.0" size="80 16 48" brush="MOD/brush/blocksExtended.vox" object="PlainSandstone"/>
			<voxbox id_="1508534144" name="SmoothSandstone" pos="-4.0 4.8 2.4" rot="0.0 0.0 0.0" size="80 16 16" brush="MOD/brush/blocksExtended.vox" object="smoothsandstone"/>
			<voxbox id_="73470336" name="PlainSandstone" pos="2.4 4.8 -4.0" rot="0.0 0.0 0.0" size="16 16 16" brush="MOD/brush/blocksExtended.vox" object="PlainSandstone"/>
			<voxbox id_="1490838400" name="PlainSandstone" pos="-4.0 6.4 -0.8" rot="0.0 0.0 0.0" size="16 32 16" brush="MOD/brush/blocksExtended.vox" object="PlainSandstone"/>
			<voxbox id_="1596750976" name="PlainSandstone" pos="2.4 6.4 -0.8" rot="0.0 0.0 0.0" size="16 32 16" brush="MOD/brush/blocksExtended.vox" object="PlainSandstone"/>
			<voxbox id_="577145216" name="PlainSandstone" pos="-0.8 6.4 -0.8" rot="0.0 0.0 0.0" size="16 32 16" brush="MOD/brush/blocksExtended.vox" object="PlainSandstone"/>
		</group>
		<group id_="541622528" name="Stairs" pos="-0.8 1.5 -2.4">
			<voxagon id_="1629258880" name="PlainSandtsoneStairs" pos="1.4 0.7 -0.8" rot="0.0 -90.0 -90.0" brush="MOD/brush/blocksExtended.vox" object="PlainSandstone" offset="10 0 10" extrude="16">
				<vertex pos="-1.0 -0.2"/>
				<vertex pos="-0.2 -0.2"/>
				<vertex pos="-0.2 -1.0"/>
				<vertex pos="0.6 -1.0"/>
				<vertex pos="0.6 0.6"/>
				<vertex pos="-1.0 0.6"/>
			</voxagon>
			<voxbox id_="1444829312" name="PlainSandstone" pos="-2.4 0.1 -0.8" rot="0.0 0.0 0.0" size="16 32 16" brush="MOD/brush/blocksExtended.vox" object="PlainSandstone"/>
			<voxagon id_="271663296" name="PlainSandtsoneStairs" pos="-0.2 2.3 -0.8" rot="0.0 -90.0 -90.0" brush="MOD/brush/blocksExtended.vox" object="PlainSandstone" offset="10 0 10" extrude="16">
				<vertex pos="-1.0 -0.2"/>
				<vertex pos="-0.2 -0.2"/>
				<vertex pos="-0.2 -1.0"/>
				<vertex pos="0.6 -1.0"/>
				<vertex pos="0.6 0.6"/>
				<vertex pos="-1.0 0.6"/>
			</voxagon>
			<voxagon id_="291521920" name="PlainSandtsoneStairs" pos="-1.8 3.9 -0.8" rot="0.0 -90.0 -90.0" brush="MOD/brush/blocksExtended.vox" object="PlainSandstone" offset="10 0 10" extrude="16">
				<vertex pos="-1.0 -0.2"/>
				<vertex pos="-0.2 -0.2"/>
				<vertex pos="-0.2 -1.0"/>
				<vertex pos="0.6 -1.0"/>
				<vertex pos="0.6 0.6"/>
				<vertex pos="-1.0 0.6"/>
			</voxagon>
		</group>
		<group id_="1189157760" name="SideWall" pos="5.6 0.0 0.0">
			<voxbox id_="569018304" name="PlainSandstone" pos="-0.8 0.0 -4.8" rot="0.0 0.0 0.0" size="16 48 96" brush="MOD/brush/blocksExtended.vox" object="PlainSandstone"/>
			<voxbox id_="1136660224" name="SmoothSandstone" pos="-0.8 4.8 -4.8" rot="0.0 0.0 0.0" size="16 16 96" brush="MOD/brush/blocksExtended.vox" object="smoothsandstone"/>
			<voxbox id_="928374080" name="PlainSandstone" pos="-0.8 6.4 -4.8" rot="0.0 0.0 0.0" size="16 32 64" brush="MOD/brush/blocksExtended.vox" object="PlainSandstone"/>
			<voxbox id_="998501888" name="SmoothSandstone" pos="-0.8 9.6 -4.8" rot="0.0 0.0 0.0" size="16 16 64" brush="MOD/brush/blocksExtended.vox" object="smoothsandstone"/>
		</group>
		<group id_="646158848" name="Roof" pos="0.7 11.2 -1.7">
			<voxbox id_="947184064" name="PlainSandstone" pos="2.5 0.0 -3.1" rot="0.0 0.0 0.0" size="16 16 16" brush="MOD/brush/blocksExtended.vox" object="PlainSandstone"/>
			<voxbox id_="420504640" name="PlainSandstone" pos="-0.7 0.0 -3.1" rot="0.0 0.0 0.0" size="16 16 16" brush="MOD/brush/blocksExtended.vox" object="PlainSandstone"/>
			<voxbox id_="1623491328" name="PlainSandstone" pos="-3.9 0.0 -3.1" rot="0.0 0.0 0.0" size="16 16 16" brush="MOD/brush/blocksExtended.vox" object="PlainSandstone"/>
			<voxbox id_="1675136896" name="PlainSandstone" pos="-5.5 0.0 -1.5" rot="0.0 0.0 0.0" size="112 16 32" brush="MOD/brush/blocksExtended.vox" object="PlainSandstone"/>
			<voxbox id_="1972164096" name="PlainSandstone" pos="2.5 0.0 1.7" rot="0.0 0.0 0.0" size="16 16 16" brush="MOD/brush/blocksExtended.vox" object="PlainSandstone"/>
			<voxbox id_="312429184" name="PlainSandstone" pos="-0.7 0.0 1.7" rot="0.0 0.0 0.0" size="16 16 16" brush="MOD/brush/blocksExtended.vox" object="PlainSandstone"/>
			<voxbox id_="2070539648" name="PlainSandstone" pos="-3.9 0.0 1.7" rot="0.0 0.0 0.0" size="16 16 16" brush="MOD/brush/blocksExtended.vox" object="PlainSandstone"/>
			<voxbox id_="58789380" name="PlainSandstone" pos="-3.9 1.6 -1.5" rot="0.0 0.0 0.0" size="16 16 32" brush="MOD/brush/blocksExtended.vox" object="PlainSandstone"/>
			<voxbox id_="982968896" name="PlainSandstone" pos="2.5 1.6 -1.5" rot="0.0 0.0 0.0" size="16 16 32" brush="MOD/brush/blocksExtended.vox" object="PlainSandstone"/>
			<voxbox id_="407658816" name="PlainSandstone" pos="-2.3 1.6 1.7" rot="0.0 0.0 0.0" size="16 16 16" brush="MOD/brush/blocksExtended.vox" object="PlainSandstone"/>
			<voxbox id_="243874336" name="PlainSandstone" pos="0.9 1.6 1.7" rot="0.0 0.0 0.0" size="16 16 16" brush="MOD/brush/blocksExtended.vox" object="PlainSandstone"/>
			<voxbox id_="1423987584" name="PlainSandstone" pos="0.9 1.6 -3.1" rot="0.0 0.0 0.0" size="16 16 16" brush="MOD/brush/blocksExtended.vox" object="PlainSandstone"/>
			<voxbox id_="1389644672" name="PlainSandstone" pos="-2.3 1.6 -3.1" rot="0.0 0.0 0.0" size="16 16 16" brush="MOD/brush/blocksExtended.vox" object="PlainSandstone"/>
			<voxbox id_="1602190848" name="Terracotta" pos="-2.3 0.0 1.7" rot="0.0 0.0 0.0" size="16 16 16" brush="MOD/brush/blocksExtended.vox" object="terracotta"/>
			<voxbox id_="93197880" name="Terracotta" pos="-5.5 0.0 1.7" rot="0.0 0.0 0.0" size="16 16 16" brush="MOD/brush/blocksExtended.vox" object="terracotta"/>
			<voxbox id_="1838593664" name="Terracotta" pos="0.9 0.0 1.7" rot="0.0 0.0 0.0" size="16 16 16" brush="MOD/brush/blocksExtended.vox" object="terracotta"/>
			<voxbox id_="1633125760" name="Terracotta" pos="4.1 0.0 1.7" rot="0.0 0.0 0.0" size="16 16 16" brush="MOD/brush/blocksExtended.vox" object="terracotta"/>
			<voxbox id_="190655856" name="Terracotta" pos="-3.9 1.6 1.7" rot="0.0 0.0 0.0" size="16 16 16" brush="MOD/brush/blocksExtended.vox" object="terracotta"/>
			<voxbox id_="1192172544" name="Terracotta" pos="-0.7 1.6 1.7" rot="0.0 0.0 0.0" size="16 16 16" brush="MOD/brush/blocksExtended.vox" object="terracotta"/>
			<voxbox id_="601526144" name="Terracotta" pos="2.5 1.6 1.7" rot="0.0 0.0 0.0" size="16 16 16" brush="MOD/brush/blocksExtended.vox" object="terracotta"/>
			<voxbox id_="959767744" name="Terracotta" pos="2.5 1.6 -3.1" rot="0.0 0.0 0.0" size="16 16 16" brush="MOD/brush/blocksExtended.vox" object="terracotta"/>
			<voxbox id_="1282290048" name="Terracotta" pos="4.1 0.0 -3.1" rot="0.0 0.0 0.0" size="16 16 16" brush="MOD/brush/blocksExtended.vox" object="terracotta"/>
			<voxbox id_="1509058560" name="Terracotta" pos="0.9 0.0 -3.1" rot="0.0 0.0 0.0" size="16 16 16" brush="MOD/brush/blocksExtended.vox" object="terracotta"/>
			<voxbox id_="1691259648" name="Terracotta" pos="-0.7 1.6 -3.1" rot="0.0 0.0 0.0" size="16 16 16" brush="MOD/brush/blocksExtended.vox" object="terracotta"/>
			<voxbox id_="1328692480" name="Terracotta" pos="-2.3 0.0 -3.1" rot="0.0 0.0 0.0" size="16 16 16" brush="MOD/brush/blocksExtended.vox" object="terracotta"/>
			<voxbox id_="1065942528" name="Terracotta" pos="-3.9 1.6 -3.1" rot="0.0 0.0 0.0" size="16 16 16" brush="MOD/brush/blocksExtended.vox" object="terracotta"/>
			<voxbox id_="782809728" name="Terracotta" pos="-5.5 0.0 -3.1" rot="0.0 0.0 0.0" size="16 16 16" brush="MOD/brush/blocksExtended.vox" object="terracotta"/>
		</group>
		<group id_="1638172288" name="Doors" pos="0.8 1.5 0.1">
			<group id_="1572894464" name="Door" pos="-1.6 4.9 0.0" rot="0.0 -90.0 0.0">
				<vox id_="873582656" name="frame" pos="0.0 0.0 0.0" rot="0.0 0.0 0.0" file="MOD/main/Jungle Wood.vox" object="Frame"/>
				<vox id_="1473863552" name="blade" pos="0.0 0.1 0.0" rot="0.0 0.0 0.0" prop="true" file="MOD/main/Jungle Wood.vox" object="Door">
					<joint id_="784579328" pos="0.0 2.6 0.7" rot="0.0 0.0 0.0" type="ball" size="0.1" rotstrength="0.01" rotspring="0"/>
					<joint id_="2146762752" pos="0.0 1.5 0.7" rot="0.0 0.0 0.0" type="ball" size="0.1" rotstrength="0.01" rotspring="0"/>
					<joint id_="1954402816" pos="0.0 0.4 0.7" rot="0.0 0.0 0.0" type="ball" size="0.1" rotstrength="0.01" rotspring="0"/>
				</vox>
			</group>
			<group id_="454847616" name="Door" pos="0.0 0.1 0.0" rot="0.0 -90.0 0.0">
				<vox id_="893441280" name="frame" pos="0.0 0.0 0.0" rot="0.0 0.0 0.0" file="MOD/main/Jungle Wood.vox" object="Frame"/>
				<vox id_="1563194496" name="blade" pos="0.0 0.1 0.0" rot="0.0 0.0 0.0" prop="true" file="MOD/main/Jungle Wood.vox" object="Door">
					<joint id_="639277184" pos="0.0 2.6 0.7" rot="0.0 0.0 0.0" type="ball" size="0.1" rotstrength="0.01" rotspring="0"/>
					<joint id_="1579972736" pos="0.0 1.5 0.7" rot="0.0 0.0 0.0" type="ball" size="0.1" rotstrength="0.01" rotspring="0"/>
					<joint id_="1049426496" pos="0.0 0.4 0.7" rot="0.0 0.0 0.0" type="ball" size="0.1" rotstrength="0.01" rotspring="0"/>
				</vox>
			</group>
			<group id_="91035056" name="Door" pos="-3.2 0.1 0.0" rot="0.0 -90.0 0.0">
				<vox id_="1717148032" name="frame" pos="0.0 0.0 0.0" rot="0.0 0.0 0.0" file="MOD/main/Jungle Wood.vox" object="Frame"/>
				<vox id_="656317568" name="blade" pos="0.0 0.1 0.0" rot="0.0 0.0 0.0" prop="true" file="MOD/main/Jungle Wood.vox" object="Door">
					<joint id_="678142400" pos="0.0 2.6 0.7" rot="0.0 0.0 0.0" type="ball" size="0.1" rotstrength="0.01" rotspring="0"/>
					<joint id_="1326988416" pos="0.0 1.5 0.7" rot="0.0 0.0 0.0" type="ball" size="0.1" rotstrength="0.01" rotspring="0"/>
					<joint id_="990374912" pos="0.0 0.4 0.7" rot="0.0 0.0 0.0" type="ball" size="0.1" rotstrength="0.01" rotspring="0"/>
				</vox>
			</group>
			<group id_="57413040" name="Door" pos="3.2 0.1 0.0" rot="0.0 -90.0 0.0">
				<vox id_="1761518592" name="frame" pos="0.0 0.0 0.0" rot="0.0 0.0 0.0" file="MOD/main/Jungle Wood.vox" object="Frame"/>
				<vox id_="1001189056" name="blade" pos="0.0 0.1 0.0" rot="0.0 0.0 0.0" prop="true" file="MOD/main/Jungle Wood.vox" object="Door">
					<joint id_="1579907200" pos="0.0 2.6 0.7" rot="0.0 0.0 0.0" type="ball" size="0.1" rotstrength="0.01" rotspring="0"/>
					<joint id_="2030035968" pos="0.0 1.5 0.7" rot="0.0 0.0 0.0" type="ball" size="0.1" rotstrength="0.01" rotspring="0"/>
					<joint id_="1808641792" pos="0.0 0.4 0.7" rot="0.0 0.0 0.0" type="ball" size="0.1" rotstrength="0.01" rotspring="0"/>
				</vox>
			</group>
			<group id_="1383090560" name="Door" pos="1.6 4.9 0.0" rot="0.0 90.0 0.0">
				<vox id_="901699328" name="frame" pos="0.0 0.0 0.0" rot="0.0 0.0 0.0" file="MOD/main/Jungle Wood.vox" object="Frame"/>
				<vox id_="1078001920" name="blade" pos="0.0 0.1 0.0" rot="0.0 0.0 0.0" prop="true" file="MOD/main/Jungle Wood.vox" object="Door">
					<joint id_="123346280" pos="0.0 2.6 0.7" rot="0.0 0.0 0.0" type="ball" size="0.1" rotstrength="0.01" rotspring="0"/>
					<joint id_="845007232" pos="0.0 1.5 0.7" rot="0.0 0.0 0.0" type="ball" size="0.1" rotstrength="0.01" rotspring="0"/>
					<joint id_="1406095104" pos="0.0 0.4 0.7" rot="0.0 0.0 0.0" type="ball" size="0.1" rotstrength="0.01" rotspring="0"/>
				</vox>
			</group>
		</group>
		<vox id_="926670080" name="CactusPlantPot" pos="-2.4 6.4 4.0" density="0.7" prop="true" file="MOD/Parts/PlantPot.vox" object="flowerpot">
			<vox id_="1985796480" name="Cactus" pos="0.0 0.5 -0.02" prop="false" file="MOD/Parts/PlantPot.vox" object="MiniCactus"/>
		</vox>
		<vox id_="612405760" name="CactusPlantPot" pos="4.0 6.4 2.4" density="0.7" prop="true" file="MOD/Parts/PlantPot.vox" object="flowerpot">
			<vox id_="576293248" name="Cactus" pos="0.0 0.5 -0.02" prop="false" file="MOD/Parts/PlantPot.vox" object="MiniCactus"/>
		</vox>
		<vox id_="369711136" pos="2.4 3.5 1.5" rot="35 0 0" file="MOD/main/mcobjects.vox" object="torch">
			<light id_="1328495744" pos="0 1 0" rot="0.0 0.0 0.0" type="sphere" color="2 .9 .4" size="0.2 0.2" unshadowed="0.5" glare="0"/>
		</vox>
		<vox id_="1551856128" pos="-0.8 3.5 1.5" rot="35 0 0" file="MOD/main/mcobjects.vox" object="torch">
			<light id_="1677365248" pos="0 1 0" rot="0.0 0.0 0.0" type="sphere" color="2 .9 .4" size="0.2 0.2" unshadowed="0.5" glare="0"/>
		</vox>
		<vox id_="1828762624" pos="4.9 3.5 -2.4" rot="35.0 -90.0 0.0" file="MOD/main/mcobjects.vox" object="torch">
			<light id_="16909320" pos="0 1 0" rot="0.0 0.0 0.0" type="sphere" color="2 .9 .4" size="0.2 0.2" unshadowed="0.5" glare="0"/>
		</vox>
		<vox id_="929029504" pos="4.9 8.3 -0.8" rot="35.0 -90.0 0.0" file="MOD/main/mcobjects.vox" object="torch">
			<light id_="645962240" pos="0 1 0" rot="0.0 0.0 0.0" type="sphere" color="2 .9 .4" size="0.2 0.2" unshadowed="0.5" glare="0"/>
		</vox>
		<vox id_="1561883776" pos="-3.3 8.3 -0.8" rot="35.0 90.0 0.0" file="MOD/main/mcobjects.vox" object="torch">
			<light id_="1029174592" pos="0 1 0" rot="0.0 0.0 0.0" type="sphere" color="2 .9 .4" size="0.2 0.2" unshadowed="0.5" glare="0"/>
		</vox>
		<vox id_="438134912" pos="4.0 1.6 -2.4" density="0.7" prop="true" file="MOD/main/Cauldron.vox" object="Cauldron"/>
	</group>
</prefab>

