<prefab version="0.8.0">
	<group id_="2098459776" open_="true" name="instance=MOD/Buildings/PorchHouse.xml" pos="24.0 4.9 28.1" rot="0.0 -90.0 0.0">
		<voxbox id_="1029502336" name="Roof" pos="-0.8 8.8 0.8" size="16 8 16" brush="MOD/brush/blocksExtended.vox" object="PlainSandstone" offset="0 8 0"/>
		<voxbox id_="1626440704" name="Floor" pos="-4.0 0.0 -5.6" size="80 16 80" brush="MOD/brush/blocksExtended.vox" object="PlainSandstone"/>
		<group id_="1979832320" name="Wall" pos="-3.2 1.6 -1.6">
			<voxbox id_="350573472" name="Wall" pos="-0.8 0.0 2.4" size="16 48 16" brush="MOD/brush/blocksExtended.vox" object="smoothsandstone"/>
			<voxbox id_="1003286336" name="Wall" pos="-0.8 0.0 -2.4" size="16 48 48" brush="MOD/brush/blocksExtended.vox" object="PlainSandstone"/>
			<voxbox id_="1310013568" name="Wall" pos="-0.8 0.0 -4.0" size="16 48 16" brush="MOD/brush/blocksExtended.vox" object="smoothsandstone"/>
			<voxbox id_="1463704832" name="Wall" pos="-0.8 4.8 -4.0" size="16 16 80" brush="MOD/brush/blocksExtended.vox" object="smoothsandstone"/>
		</group>
		<group id_="1286156928" name="Wall" pos="3.2 1.6 -1.6">
			<voxbox id_="1229071616" name="Wall" pos="-0.8 0.0 2.4" size="16 48 16" brush="MOD/brush/blocksExtended.vox" object="smoothsandstone"/>
			<voxbox id_="312298112" name="Wall" pos="-0.8 0.0 -2.4" size="16 48 48" brush="MOD/brush/blocksExtended.vox" object="PlainSandstone"/>
			<voxbox id_="1866644736" name="Wall" pos="-0.8 0.0 -4.0" size="16 48 16" brush="MOD/brush/blocksExtended.vox" object="smoothsandstone"/>
			<voxbox id_="211497584" name="Wall" pos="-0.8 4.8 -4.0" size="16 16 80" brush="MOD/brush/blocksExtended.vox" object="smoothsandstone"/>
		</group>
		<group id_="910809408" name="BackWall" pos="-0.1 1.6 -4.8">
			<voxbox id_="1864219776" name="Wall" pos="-2.3 4.8 -0.8" size="48 16 16" brush="MOD/brush/blocksExtended.vox" object="smoothsandstone"/>
			<voxbox id_="1505322752" name="Wall" pos="0.9 0.0 -0.8" size="16 48 16" brush="MOD/brush/blocksExtended.vox" object="PlainSandstone"/>
			<voxbox id_="545948224" name="Wall" pos="-0.7 0.0 -0.8" size="16 16 16" brush="MOD/brush/blocksExtended.vox" object="PlainSandstone"/>
			<voxbox id_="467627904" name="Wall" pos="-2.3 0.0 -0.8" size="16 48 16" brush="MOD/brush/blocksExtended.vox" object="PlainSandstone"/>
			<voxbox id_="368334784" name="Wall" pos="-0.7 4.0 -0.8" size="16 8 16" brush="MOD/brush/blocksExtended.vox" object="PlainSandstone"/>
		</group>
		<voxbox id_="1453677184" name="Chiseled" pos="-2.4 1.6 -4.0" rot="0.0 0.0 0.0" size="16 16 16" brush="MOD/brush/blocksExtended.vox" object="chiseledsandstone"/>
		<group id_="606834880" name="FrontWall" pos="-0.1 1.6 1.6">
			<voxbox id_="272187616" name="Wall" pos="-2.3 3.2 -0.8" size="48 32 16" brush="MOD/brush/blocksExtended.vox" object="PlainSandstone"/>
			<voxbox id_="949019200" name="Wall" pos="0.9 0.0 -0.8" size="16 32 16" brush="MOD/brush/blocksExtended.vox" object="PlainSandstone"/>
			<voxbox id_="12452600" name="Wall" pos="-2.3 0.0 -0.8" size="16 32 16" brush="MOD/brush/blocksExtended.vox" object="PlainSandstone"/>
		</group>
		<voxbox id_="797818432" name="Floor" pos="-0.8 0.0 2.4" size="16 16 32" brush="MOD/brush/blocksExtended.vox" object="PlainSandstone"/>
		<voxbox id_="1143410816" name="PlainSandstone" pos="-4.0 6.4 2.4" size="16 16 16" brush="MOD/brush/blocksExtended.vox" object="PlainSandstone"/>
		<voxbox id_="1307522944" name="PlainSandstone" pos="2.4 6.4 2.4" size="16 16 16" brush="MOD/brush/blocksExtended.vox" object="PlainSandstone"/>
		<voxbox id_="656186496" name="PlainSandstone" pos="-2.4 7.2 2.4" size="48 8 16" brush="MOD/brush/blocksExtended.vox" object="PlainSandstone"/>
		<voxbox id_="1737399808" name="PlainSandstone" pos="-4.0 6.4 4.0" size="80 8 16" brush="MOD/brush/blocksExtended.vox" object="PlainSandstone"/>
		<voxbox id_="1175722112" name="Roof" pos="-2.4 8.0 -5.6" size="48 8 80" brush="MOD/brush/blocksExtended.vox" object="PlainSandstone" offset="0 8 0"/>
		<voxbox id_="1925237504" name="Roof" pos="-0.8 8.8 -5.6" size="16 8 16" brush="MOD/brush/blocksExtended.vox" object="PlainSandstone" offset="0 8 0"/>
		<voxbox id_="1074266112" name="WallPillar" pos="-3.6 1.6 4.4" rot="0.0 0.0 0.0" size="8 48 8" brush="MOD/brush/blocksExtended.vox" object="sandstonewallpost"/>
		<voxbox id_="2047076352" name="WallPillar" pos="2.8 1.6 4.4" rot="0.0 0.0 0.0" size="8 48 8" brush="MOD/brush/blocksExtended.vox" object="sandstonewallpost"/>
		<vox id_="2006113920" name="CactusPlantPot" pos="0.0 3.2 -4.8" density="0.7" prop="true" file="MOD/Parts/PlantPot.vox" object="flowerpot">
			<vox id_="1838855808" name="Cactus" pos="0.0 0.5 -0.02" prop="false" file="MOD/Parts/PlantPot.vox" object="MiniCactus"/>
		</vox>
		<group id_="806207552" name="Door" pos="0.0 1.6 0.9" rot="0.0 -90.0 0.0">
			<vox id_="1249454592" name="frame" pos="0.0 0.0 0.0" rot="0.0 0.0 0.0" file="MOD/main/Jungle Wood.vox" object="Frame"/>
			<vox id_="663658048" name="blade" pos="0.0 0.1 0.0" rot="0.0 0.0 0.0" prop="true" file="MOD/main/Jungle Wood.vox" object="Door">
				<joint id_="1446795520" pos="0.0 2.6 0.7" rot="0.0 0.0 0.0" type="ball" size="0.1" rotstrength="0.01" rotspring="0"/>
				<joint id_="1469800064" pos="0.0 1.5 0.7" rot="0.0 0.0 0.0" type="ball" size="0.1" rotstrength="0.01" rotspring="0"/>
				<joint id_="1304246016" pos="0.0 0.4 0.7" rot="0.0 0.0 0.0" type="ball" size="0.1" rotstrength="0.01" rotspring="0"/>
			</vox>
		</group>
		<vox id_="1497064704" pos="-1.6 3.2 -3.2" rot="0 0 0" file="MOD/main/mcobjects.vox" object="torch">
			<light id_="262684320" pos="0 1 0" rot="0.0 0.0 0.0" type="sphere" color="2 .9 .4" size="0.2 0.2" unshadowed="0.5" glare="0"/>
		</vox>
		<vox id_="1172969344" pos="0.8 1.6 -3.2" rot="0.0 180.0 0.0" prop="true" file="MOD/main/GreenBed.vox" object="bed"/>
		<voxbox id_="1441683328" name="Carpet" pos="-2.4 1.6 -2.4" rot="0.0 0.0 0.0" density="0.4" strength="0.4" size="48 1 32" brush="MOD/main/GreenWool.vox" object="Green"/>
	</group>
</prefab>

