<prefab version="0.8.0">
	<group id_="3211460" name="instance=MOD/Buildings/SmallHouseA.xml" pos="-7.9 3.3 -8.7" rot="0.0 -90.0 0.0">
		<voxbox id_="657693888" name="Floor" pos="-4.0 0.0 -3.9" size="80 16 80" brush="MOD/brush/blocksExtended.vox" object="PlainSandstone"/>
		<group id_="447965888" name="Wall" pos="-3.2 1.6 0.0">
			<voxbox id_="247479040" name="Wall" pos="-0.8 1.6 2.5" rot="0.0 0.0 0.0" size="16 32 16" brush="MOD/brush/blocksExtended.vox" object="PlainSandstone"/>
			<voxbox id_="541491456" name="Wall" pos="-0.8 0.0 2.5" rot="0.0 0.0 0.0" size="16 16 16" brush="MOD/brush/blocksExtended.vox" object="sandstone"/>
			<voxbox id_="1027798272" name="Slab" pos="-0.8 4.8 2.5" rot="0.0 0.0 0.0" size="16 8 16" brush="MOD/brush/blocksExtended.vox" object="sandstone" offset="0 8 0"/>
			<voxbox id_="1872412288" name="Wall" pos="-0.8 0.0 -2.3" rot="0.0 0.0 0.0" size="16 64 48" brush="MOD/brush/blocksExtended.vox" object="PlainSandstone"/>
			<voxbox id_="993717504" name="Roof" pos="-0.8 4.8 -3.9" rot="0.0 0.0 0.0" size="16 8 16" brush="MOD/brush/blocksExtended.vox" object="sandstone" offset="0 8 0"/>
			<voxbox id_="1993792384" name="Wall" pos="-0.8 1.6 -3.9" rot="0.0 0.0 0.0" size="16 32 16" brush="MOD/brush/blocksExtended.vox" object="PlainSandstone"/>
			<voxbox id_="1380796672" name="Wall" pos="-0.8 0.0 -3.9" rot="0.0 0.0 0.0" size="16 16 16" brush="MOD/brush/blocksExtended.vox" object="sandstone"/>
		</group>
		<voxbox id_="818987840" name="Roof" pos="-4.0 8.0 -2.3" rot="0.0 0.0 0.0" size="80 8 48" brush="MOD/brush/blocksExtended.vox" object="sandstone" offset="0 8 0"/>
		<group id_="1846982784" name="WallDoor" pos="0.0 1.6 3.3">
			<voxbox id_="1336491648" name="Wall" pos="-2.4 0.0 -0.8" rot="0.0 0.0 0.0" size="16 64 16" brush="MOD/brush/blocksExtended.vox" object="PlainSandstone"/>
			<voxbox id_="595561984" name="Wall" pos="-0.8 3.2 -0.8" rot="0.0 0.0 0.0" size="16 16 16" brush="MOD/brush/blocksExtended.vox" object="sandstone"/>
			<voxbox id_="538345536" name="Wall" pos="0.8 0.0 -0.8" rot="0.0 0.0 0.0" size="16 64 16" brush="MOD/brush/blocksExtended.vox" object="PlainSandstone"/>
			<voxbox id_="1273835392" name="Wall" pos="-0.8 4.8 -0.8" rot="0.0 0.0 0.0" size="16 16 16" brush="MOD/brush/blocksExtended.vox" object="PlainSandstone"/>
			<voxbox id_="406544608" name="Roof" pos="-2.4 6.4 -0.8" rot="0.0 0.0 0.0" size="48 8 16" brush="MOD/brush/blocksExtended.vox" object="sandstone" offset="0 8 0"/>
		</group>
		<group id_="1775740800" name="Wall" pos="3.1 1.6 0.0">
			<voxbox id_="196292304" name="Wall" pos="-0.7 0.0 -2.3" rot="0.0 0.0 0.0" size="16 64 48" brush="MOD/brush/blocksExtended.vox" object="PlainSandstone"/>
			<voxbox id_="520977472" name="Wall" pos="-0.7 0.0 2.5" rot="0.0 0.0 0.0" size="16 16 16" brush="MOD/brush/blocksExtended.vox" object="sandstone"/>
			<voxbox id_="1837348352" name="Wall" pos="-0.7 1.6 2.5" rot="0.0 0.0 0.0" size="16 32 16" brush="MOD/brush/blocksExtended.vox" object="PlainSandstone"/>
			<voxbox id_="1049885248" name="Slab" pos="-0.7 4.8 2.5" rot="0.0 0.0 0.0" size="16 8 16" brush="MOD/brush/blocksExtended.vox" object="sandstone" offset="0 8 0"/>
			<voxbox id_="1966462208" name="Wall" pos="-0.7 1.6 -3.9" rot="0.0 0.0 0.0" size="16 32 16" brush="MOD/brush/blocksExtended.vox" object="PlainSandstone"/>
			<voxbox id_="199372672" name="Roof" pos="-0.7 4.8 -3.9" rot="0.0 0.0 0.0" size="16 8 16" brush="MOD/brush/blocksExtended.vox" object="sandstone" offset="0 8 0"/>
			<voxbox id_="281363232" name="Wall" pos="-0.7 0.0 -3.9" rot="0.0 0.0 0.0" size="16 16 16" brush="MOD/brush/blocksExtended.vox" object="sandstone"/>
		</group>
		<group id_="1069678336" name="WallWindow" pos="0.0 1.6 -3.2">
			<voxbox id_="828753280" name="Wall" pos="2.4 0.0 -0.7" rot="0.0 -90.0 0.0" size="16 48 16" brush="MOD/brush/blocksExtended.vox" object="PlainSandstone"/>
			<voxbox id_="1810280320" name="Wall" pos="0.8 0.0 -0.7" rot="0.0 -90.0 0.0" size="16 16 16" brush="MOD/brush/blocksExtended.vox" object="sandstone" offset="0 0 0"/>
			<voxbox id_="1312241920" name="Wall" pos="-0.8 0.0 -0.7" rot="0.0 -90.0 0.0" size="16 48 16" brush="MOD/brush/blocksExtended.vox" object="PlainSandstone"/>
			<voxbox id_="1329544448" name="Roof" pos="-2.4 4.8 -0.7" rot="0.0 0.0 0.0" size="48 16 16" brush="MOD/brush/blocksExtended.vox" object="PlainSandstone"/>
			<voxbox id_="1039792128" name="Wall" pos="0.8 4.0 -0.7" rot="0.0 -90.0 0.0" size="16 8 16" brush="MOD/brush/blocksExtended.vox" object="sandstone" offset="0 8 0"/>
			<voxbox id_="1318009344" name="Roof" pos="-2.4 6.4 -0.7" rot="0.0 0.0 0.0" size="48 8 16" brush="MOD/brush/blocksExtended.vox" object="sandstone" offset="0 8 0"/>
		</group>
		<group id_="1889059456" name="Door" pos="0.0 1.6 2.6" rot="0.0 -90.0 0.0">
			<vox id_="1938148864" name="frame" pos="0.0 0.0 0.0" rot="0.0 0.0 0.0" file="MOD/main/Jungle Wood.vox" object="Frame"/>
			<vox id_="2006965888" name="blade" pos="0.0 0.1 0.0" rot="0.0 0.0 0.0" prop="true" file="MOD/main/Jungle Wood.vox" object="Door">
				<joint id_="584813440" pos="0.0 2.6 0.7" rot="0.0 0.0 0.0" type="ball" size="0.1" rotstrength="0.01" rotspring="0"/>
				<joint id_="536117184" pos="0.0 1.5 0.7" rot="0.0 0.0 0.0" type="ball" size="0.1" rotstrength="0.01" rotspring="0"/>
				<joint id_="2079059840" pos="0.0 0.4 0.7" rot="0.0 0.0 0.0" type="ball" size="0.1" rotstrength="0.01" rotspring="0"/>
			</vox>
		</group>
		<voxagon id_="1060764928" name="PlainSandtsoneStairs" pos="-0.8 2.2 -1.7" rot="0.0 -180.0 -90.0" brush="MOD/brush/blocksExtended.vox" object="PlainSandstone" offset="10 0 10" extrude="16">
			<vertex pos="-1.0 -0.2"/>
			<vertex pos="-0.2 -0.2"/>
			<vertex pos="-0.2 -1.0"/>
			<vertex pos="0.6 -1.0"/>
			<vertex pos="0.6 0.6"/>
			<vertex pos="-1.0 0.6"/>
		</voxagon>
		<vox id_="1570207360" pos="1.6 1.6 -0.7" rot="0.0 -90.0 0.0" prop="true" file="MOD/main/GreenBed.vox" object="bed"/>
		<vox id_="464678592" pos="1.6 3.5 2.5" rot="35.0 -180.0 0.0" file="MOD/main/mcobjects.vox" object="torch">
			<light id_="977791232" pos="0 1 0" rot="0.0 0.0 0.0" type="sphere" color="2 .9 .4" size="0.2 0.2" unshadowed="0.5" glare="0"/>
		</vox>
		<voxbox id_="978053440" name="Roof" pos="0.8 7.2 2.5" rot="0.0 0.0 0.0" size="16 8 16" brush="MOD/brush/blocksExtended.vox" object="PlainSandstone" offset="0 8 0"/>
		<vox id_="1885847936" name="DeadBushPlantPot" pos="0.0 3.2 -3.1" prop="true" file="MOD/Parts/PlantPot.vox" object="flowerpot">
			<vox id_="781105728" name="DeadBush" pos="0.0 0.5 0.08" prop="false" file="MOD/Parts/PlantPot.vox" object="MiniCactus"/>
		</vox>
	</group>
</prefab>

