<prefab version="0.8.0">
	<group id_="512195104" open_="true" name="instance=MOD/Buildings/SmallHouseC.xml" pos="24.1 4.9 13.7" rot="0.0 -90.0 0.0">
		<group id_="68554840" name="Door" pos="0.0 1.6 2.6" rot="0.0 -90.0 0.0">
			<vox id_="1593867264" name="frame" pos="0.0 0.0 0.0" rot="0.0 0.0 0.0" file="MOD/main/Jungle Wood.vox" object="Frame"/>
			<vox id_="679059968" name="blade" pos="0.0 0.1 0.0" rot="0.0 0.0 0.0" prop="true" file="MOD/main/Jungle Wood.vox" object="Door">
				<joint id_="1189092224" pos="0.0 2.6 0.7" rot="0.0 0.0 0.0" type="ball" size="0.1" rotstrength="0.01" rotspring="0"/>
				<joint id_="517897088" pos="0.0 1.5 0.7" rot="0.0 0.0 0.0" type="ball" size="0.1" rotstrength="0.01" rotspring="0"/>
				<joint id_="1379944704" pos="0.0 0.4 0.7" rot="0.0 0.0 0.0" type="ball" size="0.1" rotstrength="0.01" rotspring="0"/>
			</vox>
		</group>
		<vox id_="1747951744" pos="-1.6 1.6 -0.7" rot="0.0 -90.0 0.0" prop="true" file="MOD/main/GreenBed.vox" object="bed"/>
		<vox id_="1082851840" pos="0.0 5.1 -2.4" rot="35.0 0.0 0.0" file="MOD/main/mcobjects.vox" object="torch">
			<light id_="1146294656" pos="0 1 0" rot="0.0 0.0 0.0" type="sphere" color="2 .9 .4" size="0.2 0.2" unshadowed="0.5" glare="0"/>
		</vox>
		<group id_="1628603520" name="Floor" pos="0.0 0.0 0.0">
			<voxbox id_="392125824" name="Floor" pos="-4.0 0.0 2.5" size="80 16 16" brush="MOD/brush/blocksExtended.vox" object="PlainSandstone"/>
			<voxbox id_="1838265856" name="Floor" pos="-4.0 0.0 -2.3" size="16 16 48" brush="MOD/brush/blocksExtended.vox" object="PlainSandstone"/>
			<voxbox id_="2143682304" name="Floor" pos="2.4 0.0 -2.3" size="16 16 48" brush="MOD/brush/blocksExtended.vox" object="PlainSandstone"/>
			<voxbox id_="1430213888" name="Floor" pos="-0.8 0.0 -2.3" size="16 16 16" brush="MOD/brush/blocksExtended.vox" object="PlainSandstone"/>
			<voxbox id_="1524984704" name="Floor" pos="-0.8 0.0 0.9" size="16 16 16" brush="MOD/brush/blocksExtended.vox" object="PlainSandstone"/>
			<voxbox id_="182791056" name="Floor" pos="-2.4 0.0 -0.7" size="16 16 16" brush="MOD/brush/blocksExtended.vox" object="PlainSandstone"/>
			<voxbox id_="933158528" name="Floor" pos="0.8 0.0 -0.7" size="16 16 16" brush="MOD/brush/blocksExtended.vox" object="PlainSandstone"/>
			<voxbox id_="2109798144" name="Terracotta" pos="-2.4 0.0 -2.3" size="16 16 16" brush="MOD/brush/blocksExtended.vox" object="terracotta"/>
			<voxbox id_="564758208" name="Terracotta" pos="-2.4 0.0 0.9" size="16 16 16" brush="MOD/brush/blocksExtended.vox" object="terracotta"/>
			<voxbox id_="113187584" name="Terracotta" pos="0.8 0.0 0.9" size="16 16 16" brush="MOD/brush/blocksExtended.vox" object="terracotta"/>
			<voxbox id_="2121988608" name="Terracotta" pos="0.8 0.0 -2.3" size="16 16 16" brush="MOD/brush/blocksExtended.vox" object="terracotta"/>
			<voxbox id_="155788576" name="Terracotta" pos="-0.8 0.0 -0.7" size="16 16 16" brush="MOD/brush/blocksExtended.vox" object="terracotta"/>
			<voxbox id_="1222386560" name="Floor" pos="-4.0 0.0 -3.9" size="80 16 16" brush="MOD/brush/blocksExtended.vox" object="PlainSandstone"/>
			<voxbox id_="1665961216" name="Floor" pos="-0.8 0.0 4.1" size="16 16 16" brush="MOD/brush/blocksExtended.vox" object="PlainSandstone"/>
		</group>
		<group id_="1050540672" name="FrontWall" pos="0.0 1.6 3.3">
			<voxbox id_="652975040" name="Wall" pos="-4.0 0.0 -0.8" size="32 32 16" brush="MOD/brush/blocksExtended.vox" object="PlainSandstone"/>
			<voxbox id_="1130368384" name="Wall" pos="0.8 0.0 -0.8" size="32 32 16" brush="MOD/brush/blocksExtended.vox" object="PlainSandstone"/>
			<voxbox id_="131473240" name="Wall" pos="-4.0 3.2 -0.8" size="80 16 16" brush="MOD/brush/blocksExtended.vox" object="PlainSandstone"/>
			<voxbox id_="1166743040" name="Wall" pos="-4.0 4.8 -0.8" size="80 16 16" brush="MOD/brush/blocksExtended.vox" object="smoothsandstone"/>
			<voxbox id_="2112223104" name="Wall" pos="2.4 6.4 -0.8" size="16 16 16" brush="MOD/brush/blocksExtended.vox" object="smoothsandstone"/>
			<voxbox id_="1191517184" name="Wall" pos="-0.8 6.4 -0.8" size="16 16 16" brush="MOD/brush/blocksExtended.vox" object="smoothsandstone"/>
			<voxbox id_="797294080" name="Wall" pos="-4.0 6.4 -0.8" size="16 16 16" brush="MOD/brush/blocksExtended.vox" object="smoothsandstone"/>
			<vox id_="1290613632" pos="0.0 3.8 0.9" file="MOD/main/Jungle Wood.vox" object="Button"/>
			<vox id_="1490248576" pos="-1.6 3.8 0.9" file="MOD/main/Jungle Wood.vox" object="Button"/>
			<vox id_="93853280" pos="1.6 3.8 0.9" file="MOD/main/Jungle Wood.vox" object="Button"/>
		</group>
		<group id_="2018173184" name="Wall" pos="-3.2 1.6 0.1">
			<voxbox id_="798867072" name="Wall" pos="-0.8 0.0 -2.4" size="16 48 16" brush="MOD/brush/blocksExtended.vox" object="smoothsandstone"/>
			<voxbox id_="1120406272" name="Wall" pos="-0.8 0.0 -0.8" size="16 48 16" brush="MOD/brush/blocksExtended.vox" object="PlainSandstone"/>
			<voxbox id_="1566078336" name="Wall" pos="-0.8 0.0 0.8" size="16 48 16" brush="MOD/brush/blocksExtended.vox" object="smoothsandstone"/>
			<voxbox id_="1891549952" name="Wall" pos="-0.8 4.8 -2.4" size="16 16 48" brush="MOD/brush/blocksExtended.vox" object="smoothsandstone"/>
			<voxbox id_="736145280" name="Wall" pos="-0.8 6.4 -0.8" size="16 16 16" brush="MOD/brush/blocksExtended.vox" object="smoothsandstone"/>
		</group>
		<voxbox id_="127999616" name="Wall" pos="-4.0 1.6 -3.9" size="16 48 16" brush="MOD/brush/blocksExtended.vox" object="PlainSandstone"/>
		<group id_="72028464" name="Wall" pos="3.2 1.6 0.1">
			<voxbox id_="215167824" name="Wall" pos="-0.8 0.0 -2.4" size="16 48 16" brush="MOD/brush/blocksExtended.vox" object="smoothsandstone"/>
			<voxbox id_="1626506240" name="Wall" pos="-0.8 0.0 -0.8" size="16 48 16" brush="MOD/brush/blocksExtended.vox" object="PlainSandstone"/>
			<voxbox id_="799194752" name="Wall" pos="-0.8 0.0 0.8" size="16 48 16" brush="MOD/brush/blocksExtended.vox" object="smoothsandstone"/>
			<voxbox id_="1709283200" name="Wall" pos="-0.8 4.8 -2.4" size="16 16 48" brush="MOD/brush/blocksExtended.vox" object="smoothsandstone"/>
			<voxbox id_="299976576" name="Wall" pos="-0.8 6.4 -0.8" size="16 16 16" brush="MOD/brush/blocksExtended.vox" object="smoothsandstone"/>
		</group>
		<voxbox id_="1752998400" name="Wall" pos="2.4 1.6 -3.9" size="16 48 16" brush="MOD/brush/blocksExtended.vox" object="PlainSandstone"/>
		<voxbox id_="1215570432" name="Wall" pos="-0.8 1.6 -3.9" size="16 48 16" brush="MOD/brush/blocksExtended.vox" object="PlainSandstone"/>
		<voxbox id_="1289630592" name="Wall" pos="-2.4 1.6 -3.9" size="16 32 16" brush="MOD/brush/blocksExtended.vox" object="smoothsandstone"/>
		<voxbox id_="772520000" name="Wall" pos="0.8 1.6 -3.9" size="16 32 16" brush="MOD/brush/blocksExtended.vox" object="smoothsandstone"/>
		<voxbox id_="1472028416" name="Wall" pos="-4.0 6.4 -3.9" size="80 16 16" brush="MOD/brush/blocksExtended.vox" object="smoothsandstone"/>
		<voxbox id_="1688179328" name="Wall" pos="-4.0 8.0 -3.9" size="16 16 16" brush="MOD/brush/blocksExtended.vox" object="smoothsandstone"/>
		<voxbox id_="1903937024" name="Wall" pos="-0.8 8.0 -3.9" size="16 16 16" brush="MOD/brush/blocksExtended.vox" object="smoothsandstone"/>
		<voxbox id_="1250241024" name="Wall" pos="2.4 8.0 -3.9" size="16 16 16" brush="MOD/brush/blocksExtended.vox" object="smoothsandstone"/>
		<voxbox id_="1993595776" name="Roof" pos="-2.4 6.4 -2.3" size="48 16 48" brush="MOD/brush/blocksExtended.vox" object="PlainSandstone"/>
		<vox id_="663854656" pos="1.6 1.6 1.7" rot="0.0 -90.0 0.0" prop="true" file="MOD/main/mcobjects.vox" object="Crafting"/>
		<vox id_="534675328" name="CactusPlantPot" pos="1.6 1.6 4.8" prop="true" file="MOD/Parts/PlantPot.vox" object="flowerpot">
			<vox id_="2105931264" name="Cactus" pos="0.0 0.5 0.0" prop="false" file="MOD/Parts/PlantPot.vox" object="MiniCactus"/>
		</vox>
	</group>
</prefab>

