<prefab version="0.8.0">
	<group id_="2075324160" open_="true" name="instance=MOD/Buildings/SmallHouseB.xml" pos="-22.4 3.3 -5.6" rot="0.0 0.0 0.0">
		<voxbox id_="2115827840" name="Floor" pos="-4.0 0.0 -3.9" size="80 16 80" brush="MOD/brush/blocksExtended.vox" object="PlainSandstone"/>
		<group id_="775469312" name="Wall" pos="-3.2 1.6 0.1">
			<voxbox id_="1111099648" name="Wall" pos="-0.8 0.0 2.4" size="16 48 16" brush="MOD/brush/blocksExtended.vox" object="smoothsandstone"/>
			<voxbox id_="631084672" name="Wall" pos="-0.8 0.0 -2.4" size="16 32 48" brush="MOD/brush/blocksExtended.vox" object="PlainSandstone"/>
			<voxbox id_="938270656" name="Wall" pos="-0.8 3.2 -2.4" size="16 16 16" brush="MOD/brush/blocksExtended.vox" object="PlainSandstone"/>
			<voxbox id_="998108672" name="Wall" pos="-0.8 3.2 0.8" size="16 16 16" brush="MOD/brush/blocksExtended.vox" object="PlainSandstone"/>
			<voxbox id_="1904264704" name="Wall" pos="-0.8 4.0 -0.8" size="16 8 16" brush="MOD/brush/blocksExtended.vox" object="PlainSandstone"/>
			<voxbox id_="2093740800" name="Wall" pos="-0.8 0.0 -4.0" size="16 48 16" brush="MOD/brush/blocksExtended.vox" object="smoothsandstone"/>
			<voxbox id_="2129918976" name="Roof" pos="0.8 4.0 -2.4" size="48 8 48" brush="MOD/brush/blocksExtended.vox" object="PlainSandstone"/>
		</group>
		<voxbox id_="449211168" name="Wall" pos="-2.4 1.6 2.5" rot="0.0 0.0 0.0" size="16 32 16" brush="MOD/brush/blocksExtended.vox" object="PlainSandstone"/>
		<group id_="242694624" open_="true" name="Wall" pos="3.1 1.6 0.1">
			<voxbox id_="329993888" name="Wall" pos="-0.7 0.0 2.4" size="16 48 16" brush="MOD/brush/blocksExtended.vox" object="smoothsandstone"/>
			<voxbox id_="1542156160" name="Wall" pos="-0.7 0.0 -2.4" size="16 32 48" brush="MOD/brush/blocksExtended.vox" object="PlainSandstone"/>
			<voxbox id_="1367819776" name="Wall" pos="-0.7 3.2 0.8" size="16 16 16" brush="MOD/brush/blocksExtended.vox" object="PlainSandstone"/>
			<voxbox id_="2029118464" name="Wall" pos="-0.7 4.0 -0.8" size="16 8 16" brush="MOD/brush/blocksExtended.vox" object="PlainSandstone"/>
			<voxbox id_="1698206976" name="Wall" pos="-0.7 3.2 -2.4" size="16 16 16" brush="MOD/brush/blocksExtended.vox" object="PlainSandstone"/>
			<voxbox id_="780843584" name="Wall" pos="-0.7 0.0 -4.0" size="16 48 16" brush="MOD/brush/blocksExtended.vox" object="smoothsandstone"/>
		</group>
		<group id_="1430672640" open_="true" name="Wall" pos="0.0 1.6 -3.2">
			<voxbox id_="292308416" name="Wall" pos="2.4 0.0 -0.7" rot="0.0 -90.0 0.0" size="16 32 48" brush="MOD/brush/blocksExtended.vox" object="PlainSandstone"/>
			<voxbox id_="1655147136" name="Wall" pos="-0.8 3.2 -0.7" rot="0.0 -90.0 0.0" size="16 16 16" brush="MOD/brush/blocksExtended.vox" object="PlainSandstone"/>
			<voxbox id_="1507747712" name="Wall" pos="2.4 3.2 -0.7" rot="0.0 -90.0 0.0" size="16 16 16" brush="MOD/brush/blocksExtended.vox" object="PlainSandstone"/>
			<voxbox id_="2142830336" name="Wall" pos="0.8 4.0 -0.7" rot="0.0 -90.0 0.0" size="16 8 16" brush="MOD/brush/blocksExtended.vox" object="PlainSandstone"/>
		</group>
		<voxbox id_="1192828032" name="Wall" pos="0.8 1.6 2.5" rot="0.0 0.0 0.0" size="16 32 16" brush="MOD/brush/blocksExtended.vox" object="PlainSandstone"/>
		<voxbox id_="1943523200" name="Wall" pos="-2.4 4.8 2.5" rot="0.0 0.0 0.0" size="48 16 16" brush="MOD/brush/blocksExtended.vox" object="PlainSandstone"/>
		<voxbox id_="468283296" name="Roof" pos="-4.0 6.4 -3.9" rot="0.0 0.0 0.0" size="80 8 16" brush="MOD/brush/blocksExtended.vox" object="PlainSandstone" offset="0 8 0"/>
		<group id_="872075264" name="Door" pos="0.0 1.6 2.6" rot="0.0 -90.0 0.0">
			<vox id_="693872000" name="frame" pos="0.0 0.0 0.0" rot="0.0 0.0 0.0" file="MOD/main/Jungle Wood.vox" object="Frame"/>
			<vox id_="86578336" name="blade" pos="0.0 0.1 0.0" rot="0.0 0.0 0.0" prop="true" file="MOD/main/Jungle Wood.vox" object="Door">
				<joint id_="534675328" pos="0.0 2.6 0.7" rot="0.0 0.0 0.0" type="ball" size="0.1" rotstrength="0.01" rotspring="0"/>
				<joint id_="1603173888" pos="0.0 1.5 0.7" rot="0.0 0.0 0.0" type="ball" size="0.1" rotstrength="0.01" rotspring="0"/>
				<joint id_="1653180928" pos="0.0 0.4 0.7" rot="0.0 0.0 0.0" type="ball" size="0.1" rotstrength="0.01" rotspring="0"/>
			</vox>
		</group>
		<voxagon id_="2134048000" name="PlainSandtsoneStairs" pos="-0.8 2.2 -1.7" rot="0.0 -180.0 -90.0" brush="MOD/brush/blocksExtended.vox" object="PlainSandstone" offset="10 0 10" extrude="16">
			<vertex pos="-1.0 -0.2"/>
			<vertex pos="-0.2 -0.2"/>
			<vertex pos="-0.2 -1.0"/>
			<vertex pos="0.6 -1.0"/>
			<vertex pos="0.6 0.6"/>
			<vertex pos="-1.0 0.6"/>
		</voxagon>
		<voxagon id_="895014272" name="PlainSandtsoneStairs" pos="-2.4 2.2 1.9" rot="0.0 360.0 -90.0" brush="MOD/brush/blocksExtended.vox" object="PlainSandstone" offset="10 0 10" extrude="16">
			<vertex pos="-1.0 -0.2"/>
			<vertex pos="-0.2 -0.2"/>
			<vertex pos="-0.2 -1.0"/>
			<vertex pos="0.6 -1.0"/>
			<vertex pos="0.6 0.6"/>
			<vertex pos="-1.0 0.6"/>
		</voxagon>
		<voxbox id_="934469312" name="Table" pos="-2.4 1.6 -0.7" size="16 16 16 " brush="MOD/brush/blocksExtended.vox" object="smoothsandstone"/>
		<vox id_="648649408" pos="1.6 1.6 -0.7" rot="0.0 -90.0 0.0" prop="true" file="MOD/main/GreenBed.vox" object="bed"/>
		<vox id_="174401936" pos="1.6 3.5 2.5" rot="35.0 -180.0 0.0" file="MOD/main/mcobjects.vox" object="torch">
			<light id_="1430082816" pos="0 1 0" rot="0.0 0.0 0.0" type="sphere" color="2 .9 .4" size="0.2 0.2" unshadowed="0.5" glare="0"/>
		</vox>
		<voxbox id_="737193920" name="Roof" pos="-2.4 7.2 -3.9" rot="0.0 0.0 0.0" size="16 8 16" brush="MOD/brush/blocksExtended.vox" object="PlainSandstone" offset="0 8 0"/>
		<voxbox id_="747745856" name="Roof" pos="0.8 7.2 -3.9" rot="0.0 0.0 0.0" size="16 8 16" brush="MOD/brush/blocksExtended.vox" object="PlainSandstone" offset="0 8 0"/>
		<voxbox id_="1301821056" name="Roof" pos="0.8 7.2 2.5" rot="0.0 0.0 0.0" size="16 8 16" brush="MOD/brush/blocksExtended.vox" object="PlainSandstone" offset="0 8 0"/>
		<voxbox id_="2025251584" name="Roof" pos="-4.0 6.4 2.5" rot="0.0 0.0 0.0" size="80 8 16" brush="MOD/brush/blocksExtended.vox" object="PlainSandstone" offset="0 8 0"/>
		<voxbox id_="832095872" name="Roof" pos="-2.4 7.2 2.5" rot="0.0 0.0 0.0" size="16 8 16" brush="MOD/brush/blocksExtended.vox" object="PlainSandstone" offset="0 8 0"/>
		<vox id_="242170304" name="DeadBushPlantPot" pos="-1.6 3.2 0.1" prop="true" file="MOD/Parts/PlantPot.vox" object="flowerpot">
			<vox id_="1484677632" name="DeadBush" pos="0.0 0.5 0.08" rot="0.0 45.0 0.0" prop="false" file="MOD/Parts/DesertPlants.vox" object="deadbush"/>
		</vox>
		<voxbox id_="464350912" name="Floor" pos="-0.8 0.0 4.1" size="16 16 16" brush="MOD/brush/blocksExtended.vox" object="PlainSandstone"/>
		<vox id_="1056439232" pos="1.6 5.4 4.2" file="MOD/main/Jungle Wood.vox" object="Button"/>
		<vox id_="1882439936" pos="0.0 5.4 4.2" file="MOD/main/Jungle Wood.vox" object="Button"/>
		<vox id_="300369824" pos="-1.6 5.4 4.2" file="MOD/main/Jungle Wood.vox" object="Button"/>
	</group>
</prefab>

