<prefab version="0.8.0">
	<group id_="1837807104" name="SmallHouseD" pos="26.4 22.4 -29.7">
		<voxbox id_="182070112" name="Floor" pos="-4.0 0.0 -3.9" size="80 16 80" brush="MOD/brush/blocksExtended.vox" object="PlainSandstone"/>
		<group id_="1027208448" name="Wall" pos="-3.2 1.6 0.1">
			<voxbox id_="1987828224" name="Wall" pos="-0.8 0.0 2.4" size="16 64 16" brush="MOD/brush/blocksExtended.vox" object="terracotta"/>
			<voxbox id_="731950720" name="Wall" pos="-0.8 0.0 -2.4" size="16 32 48" brush="MOD/brush/blocksExtended.vox" object="PlainSandstone"/>
			<voxbox id_="2015879296" name="Wall" pos="-0.8 3.2 -2.4" size="16 16 16" brush="MOD/brush/blocksExtended.vox" object="PlainSandstone"/>
			<voxbox id_="2040063616" name="Wall" pos="-0.8 3.2 0.8" size="16 16 16" brush="MOD/brush/blocksExtended.vox" object="PlainSandstone"/>
			<voxbox id_="627938752" name="Wall" pos="-0.8 4.0 -0.8" size="16 8 16" brush="MOD/brush/blocksExtended.vox" object="PlainSandstone"/>
			<voxbox id_="1023407104" name="Wall" pos="-0.8 0.0 -4.0" size="16 64 16" brush="MOD/brush/blocksExtended.vox" object="terracotta"/>
			<voxbox id_="626824576" name="Wall" pos="-0.8 4.8 -2.4" size="16 8 48" brush="MOD/brush/blocksExtended.vox" object="sandstone" offset="0 8"/>
		</group>
		<voxbox id_="989064128" name="Wall" pos="-2.4 1.6 2.5" rot="0.0 0.0 0.0" size="16 32 16" brush="MOD/brush/blocksExtended.vox" object="PlainSandstone"/>
		<group id_="1663667328" name="Wall" pos="3.1 1.6 0.1">
			<voxbox id_="1385646720" name="Wall" pos="-0.7 0.0 2.4" size="16 64 16" brush="MOD/brush/blocksExtended.vox" object="terracotta"/>
			<voxbox id_="397893344" name="Wall" pos="-0.7 0.0 -2.4" size="16 32 48" brush="MOD/brush/blocksExtended.vox" object="PlainSandstone"/>
			<voxbox id_="1643808768" name="Wall" pos="-0.7 3.2 0.8" size="16 16 16" brush="MOD/brush/blocksExtended.vox" object="PlainSandstone"/>
			<voxbox id_="1047919040" name="Wall" pos="-0.7 4.8 -2.4" size="16 8 48" brush="MOD/brush/blocksExtended.vox" object="sandstone" offset="0 8"/>
			<voxbox id_="514357920" name="Wall" pos="-0.7 4.0 -0.8" size="16 8 16" brush="MOD/brush/blocksExtended.vox" object="PlainSandstone"/>
			<voxbox id_="1724750592" name="Wall" pos="-0.7 3.2 -2.4" size="16 16 16" brush="MOD/brush/blocksExtended.vox" object="PlainSandstone"/>
			<voxbox id_="924638336" name="Wall" pos="-0.7 0.0 -4.0" size="16 64 16" brush="MOD/brush/blocksExtended.vox" object="terracotta"/>
		</group>
		<group id_="899143232" name="Wall" pos="0.0 1.6 -3.2">
			<voxbox id_="719432576" name="Wall" pos="2.4 0.0 -0.7" rot="0.0 -90.0 0.0" size="16 32 48" brush="MOD/brush/blocksExtended.vox" object="PlainSandstone"/>
			<voxbox id_="323964224" name="Wall" pos="-0.8 3.2 -0.7" rot="0.0 -90.0 0.0" size="16 16 16" brush="MOD/brush/blocksExtended.vox" object="PlainSandstone"/>
			<voxbox id_="1456692096" name="Wall" pos="2.4 3.2 -0.7" rot="0.0 -90.0 0.0" size="16 16 16" brush="MOD/brush/blocksExtended.vox" object="PlainSandstone"/>
			<voxbox id_="165029728" name="Wall" pos="0.8 4.0 -0.7" rot="0.0 -90.0 0.0" size="16 8 16" brush="MOD/brush/blocksExtended.vox" object="PlainSandstone"/>
		</group>
		<voxbox id_="1637648000" name="Wall" pos="0.8 1.6 2.5" rot="0.0 0.0 0.0" size="16 32 16" brush="MOD/brush/blocksExtended.vox" object="PlainSandstone"/>
		<voxbox id_="1976948608" name="Wall" pos="-2.4 4.8 2.5" rot="0.0 0.0 0.0" size="48 16 16" brush="MOD/brush/blocksExtended.vox" object="PlainSandstone"/>
		<voxbox id_="943579392" name="Roof" pos="-2.4 6.4 -3.9" rot="0.0 0.0 0.0" size="48 8 80" brush="MOD/brush/blocksExtended.vox" object="sandstone" offset="0 8 0"/>
		<group id_="357192992" name="Door" pos="0.0 1.6 2.6" rot="0.0 -90.0 0.0">
			<vox id_="1211834624" name="frame" pos="0.0 0.0 0.0" rot="0.0 0.0 0.0" file="MOD/main/Jungle Wood.vox" object="Frame"/>
			<vox id_="1589541632" name="blade" pos="0.0 0.1 0.0" rot="0.0 0.0 0.0" prop="true" file="MOD/main/Jungle Wood.vox" object="Door">
				<joint id_="1957548672" pos="0.0 2.6 0.7" rot="0.0 0.0 0.0" type="ball" size="0.1" rotstrength="0.01" rotspring="0"/>
				<joint id_="808239296" pos="0.0 1.5 0.7" rot="0.0 0.0 0.0" type="ball" size="0.1" rotstrength="0.01" rotspring="0"/>
				<joint id_="683123392" pos="0.0 0.4 0.7" rot="0.0 0.0 0.0" type="ball" size="0.1" rotstrength="0.01" rotspring="0"/>
			</vox>
		</group>
		<voxagon id_="1097729408" name="PlainSandtsoneStairs" pos="2.4 2.2 -1.7" rot="0.0 -180.0 -90.0" brush="MOD/brush/blocksExtended.vox" object="PlainSandstone" offset="10 0 10" extrude="16">
			<vertex pos="-1.0 -0.2"/>
			<vertex pos="-0.2 -0.2"/>
			<vertex pos="-0.2 -1.0"/>
			<vertex pos="0.6 -1.0"/>
			<vertex pos="0.6 0.6"/>
			<vertex pos="-1.0 0.6"/>
		</voxagon>
		<voxagon id_="1342062592" name="PlainSandtsoneStairs" pos="0.8 2.2 1.9" rot="0.0 360.0 -90.0" brush="MOD/brush/blocksExtended.vox" object="PlainSandstone" offset="10 0 10" extrude="16">
			<vertex pos="-1.0 -0.2"/>
			<vertex pos="-0.2 -0.2"/>
			<vertex pos="-0.2 -1.0"/>
			<vertex pos="0.6 -1.0"/>
			<vertex pos="0.6 0.6"/>
			<vertex pos="-1.0 0.6"/>
		</voxagon>
		<voxbox id_="752989056" name="Floor" pos="0.8 1.6 -0.7" size="16 16 16 " brush="MOD/brush/blocksExtended.vox" object="terracotta"/>
		<vox id_="490960128" pos="-1.6 1.6 -1.5" prop="true" file="MOD/main/mcobjects.vox" object="Crafting"/>
		<vox id_="1874968320" pos="0.0 5.1 2.5" rot="35.0 -180.0 0.0" file="MOD/main/mcobjects.vox" object="torch">
			<light id_="814465600" pos="0 1 0" rot="0.0 0.0 0.0" type="sphere" color="2 .9 .4" size="0.2 0.2" unshadowed="0.5" glare="0"/>
		</vox>
	</group>
</prefab>

