<prefab version="0.8.0">
	<group id_="1503487616" name="instance=MOD/DesertBuildings/Tower.xml" pos="8.0 6.5 2.5" rot="0.0 90.0 0.0">
		<group id_="1624736640" name="Walls" pos="0.0 0.0 0.0">
			<voxbox id_="258883008" name="SmoothSandstone" pos="-4.0 0.0 2.4" rot="0.0 0.0 0.0" size="16 224 16" brush="MOD/brush/blocksExtended.vox" object="smoothsandstone"/>
			<voxbox id_="2077028096" name="PlainSandstone" pos="-4.0 0.0 -2.4" rot="0.0 0.0 0.0" size="16 224 48" brush="MOD/brush/blocksExtended.vox" object="PlainSandstone"/>
			<voxbox id_="1700763008" name="SmoothSandstone" pos="-4.0 0.0 -4.0" rot="0.0 0.0 0.0" size="16 224 16" brush="MOD/brush/blocksExtended.vox" object="smoothsandstone"/>
			<voxbox id_="1311062144" name="PlainSandstone" pos="-2.4 0.0 -4.0" rot="0.0 0.0 0.0" size="48 224 16" brush="MOD/brush/blocksExtended.vox" object="PlainSandstone"/>
			<voxbox id_="1944047488" name="SmoothSandstone" pos="2.4 0.0 -4.0" rot="0.0 0.0 0.0" size="16 224 16" brush="MOD/brush/blocksExtended.vox" object="smoothsandstone"/>
			<voxbox id_="675782912" name="PlainSandstone" pos="2.4 0.0 -2.4" rot="0.0 0.0 0.0" size="16 224 48" brush="MOD/brush/blocksExtended.vox" object="PlainSandstone"/>
			<voxbox id_="562398720" name="SmoothSandstone" pos="2.4 0.0 2.4" rot="0.0 0.0 0.0" size="16 224 16" brush="MOD/brush/blocksExtended.vox" object="smoothsandstone"/>
		</group>
		<group id_="497645216" name="FrontWall" pos="0.0 0.0 3.2">
			<voxbox id_="437807200" name="PlainSandstone" pos="0.8 0.0 -0.8" rot="0.0 0.0 0.0" size="16 224 16" brush="MOD/brush/blocksExtended.vox" object="PlainSandstone"/>
			<voxbox id_="1957024384" name="SmoothSandstone" pos="-0.8 3.2 -0.8" rot="0.0 0.0 0.0" size="16 16 16" brush="MOD/brush/blocksExtended.vox" object="smoothsandstone"/>
			<voxbox id_="2090463872" name="PlainSandstone" pos="-2.4 0.0 -0.8" rot="0.0 0.0 0.0" size="16 224 16" brush="MOD/brush/blocksExtended.vox" object="PlainSandstone"/>
			<voxbox id_="329862816" name="PlainSandstone" pos="-0.8 4.8 -0.8" rot="0.0 0.0 0.0" size="16 16 16" brush="MOD/brush/blocksExtended.vox" object="PlainSandstone"/>
			<voxbox id_="1903347200" name="SmoothSandstone" pos="-0.8 9.6 -0.8" rot="0.0 0.0 0.0" size="16 16 16" brush="MOD/brush/blocksExtended.vox" object="smoothsandstone"/>
			<voxbox id_="2144272128" name="PlainSandstone" pos="-0.8 11.2 -0.8" rot="0.0 0.0 0.0" size="16 16 16" brush="MOD/brush/blocksExtended.vox" object="PlainSandstone"/>
			<voxbox id_="975562880" name="SmoothSandstone" pos="-0.8 16.0 -0.8" rot="0.0 0.0 0.0" size="16 16 16" brush="MOD/brush/blocksExtended.vox" object="smoothsandstone"/>
			<voxbox id_="1290482560" name="PlainSandstone" pos="-0.8 17.6 -0.8" rot="0.0 0.0 0.0" size="16 16 16" brush="MOD/brush/blocksExtended.vox" object="PlainSandstone"/>
			<voxbox id_="1729469568" name="PlainSandstone" pos="-0.8 20.8 -0.8" rot="0.0 0.0 0.0" size="16 16 16" brush="MOD/brush/blocksExtended.vox" object="PlainSandstone"/>
		</group>
		<group id_="1964299392" name="Crown" pos="0.0 22.4 0.0">
			<voxbox id_="328289856" name="SmoothSandstone" pos="-4.0 0.0 -2.4" rot="0.0 0.0 0.0" size="16 16 48" brush="MOD/brush/blocksExtended.vox" object="smoothsandstone"/>
			<voxbox id_="1533635968" name="SmoothSandstone" pos="-4.0 1.6 2.4" rot="0.0 0.0 0.0" size="16 16 16" brush="MOD/brush/blocksExtended.vox" object="smoothsandstone"/>
			<voxbox id_="1866579200" name="SmoothSandstone" pos="-4.0 0.0 2.4" rot="0.0 0.0 0.0" size="80 16 16" brush="MOD/brush/blocksExtended.vox" object="smoothsandstone"/>
			<voxbox id_="1161237760" name="SmoothSandstone" pos="-0.8 1.6 2.4" rot="0.0 0.0 0.0" size="16 16 16" brush="MOD/brush/blocksExtended.vox" object="smoothsandstone"/>
			<voxbox id_="307317056" name="SmoothSandstone" pos="2.4 1.6 2.4" rot="0.0 0.0 0.0" size="16 16 16" brush="MOD/brush/blocksExtended.vox" object="smoothsandstone"/>
			<voxbox id_="213594864" name="SmoothSandstone" pos="2.4 1.6 -0.8" rot="0.0 0.0 0.0" size="16 16 16" brush="MOD/brush/blocksExtended.vox" object="smoothsandstone"/>
			<voxbox id_="1937362432" name="SmoothSandstone" pos="2.4 1.6 -4.0" rot="0.0 0.0 0.0" size="16 16 16" brush="MOD/brush/blocksExtended.vox" object="smoothsandstone"/>
			<voxbox id_="2050418944" name="SmoothSandstone" pos="-0.8 1.6 -4.0" rot="0.0 0.0 0.0" size="16 16 16" brush="MOD/brush/blocksExtended.vox" object="smoothsandstone"/>
			<voxbox id_="539721920" name="SmoothSandstone" pos="-4.0 1.6 -4.0" rot="0.0 0.0 0.0" size="16 16 16" brush="MOD/brush/blocksExtended.vox" object="smoothsandstone"/>
			<voxbox id_="1575581568" name="SmoothSandstone" pos="-4.0 0.0 -4.0" rot="0.0 0.0 0.0" size="80 16 16" brush="MOD/brush/blocksExtended.vox" object="smoothsandstone"/>
			<voxbox id_="585599872" name="SmoothSandstone" pos="2.4 0.0 -2.4" rot="0.0 0.0 0.0" size="16 16 48" brush="MOD/brush/blocksExtended.vox" object="smoothsandstone"/>
			<voxbox id_="922999808" name="SmoothSandstone" pos="-4.0 1.6 -0.8" rot="0.0 0.0 0.0" size="16 16 16" brush="MOD/brush/blocksExtended.vox" object="smoothsandstone"/>
			<voxbox id_="389766368" name="SmoothSandstone" pos="-0.8 0.0 -0.8" rot="0.0 0.0 0.0" size="32 16 32" brush="MOD/brush/blocksExtended.vox" object="smoothsandstone"/>
		</group>
		<voxbox id_="1375160320" name="Floor" pos="-4.0 -1.6 -4.0" rot="0.0 0.0 0.0" size="80 16 80" brush="MOD/brush/blocksExtended.vox" object="PlainSandstone"/>
		<voxbox id_="493647296" name="PlainSandstone" pos="-0.8 8.0 2.4" rot="0.0 0.0 0.0" size="16 16 16" brush="MOD/brush/blocksExtended.vox" object="PlainSandstone"/>
		<voxbox id_="687055808" name="PlainSandstone" pos="-0.8 14.4 2.4" rot="0.0 0.0 0.0" size="16 16 16" brush="MOD/brush/blocksExtended.vox" object="PlainSandstone"/>
		<group id_="854117248" name="Stairs" pos="0.0 0.0 0.0">
			<voxbox id_="333336448" name="PlainSandstone" pos="-2.4 0.0 -2.4" rot="0.0 0.0 0.0" size="48 16 16" brush="MOD/brush/blocksExtended.vox" object="PlainSandstone"/>
			<voxbox id_="1410158592" name="PlainSandstone" pos="0.8 1.6 -2.4" rot="0.0 0.0 0.0" size="16 16 16" brush="MOD/brush/blocksExtended.vox" object="PlainSandstone"/>
			<voxbox id_="1900659968" name="PlainSandstone" pos="0.8 3.2 0.8" rot="0.0 0.0 0.0" size="16 16 16" brush="MOD/brush/blocksExtended.vox" object="PlainSandstone"/>
			<voxagon id_="85660784" name="PlainSandtsoneStairs" pos="0.2 2.2 -0.8" rot="0.0 -270.0 -90.0" brush="MOD/brush/blocksExtended.vox" object="PlainSandstone" offset="10 0 10" extrude="16">
				<vertex pos="-1.0 -0.2"/>
				<vertex pos="-0.2 -0.2"/>
				<vertex pos="-0.2 -1.0"/>
				<vertex pos="0.6 -1.0"/>
				<vertex pos="0.6 0.6"/>
				<vertex pos="-1.0 0.6"/>
			</voxagon>
			<voxagon id_="525827424" name="PlainSandtsoneStairs" pos="0.8 3.8 0.2" rot="0.0 360.0 -90.0" brush="MOD/brush/blocksExtended.vox" object="PlainSandstone" offset="10 0 10" extrude="16">
				<vertex pos="-1.0 -0.2"/>
				<vertex pos="-0.2 -0.2"/>
				<vertex pos="-0.2 -1.0"/>
				<vertex pos="0.6 -1.0"/>
				<vertex pos="0.6 0.6"/>
				<vertex pos="-1.0 0.6"/>
			</voxagon>
			<voxagon id_="1453611648" name="PlainSandtsoneStairs" pos="-0.8 0.6 -0.2" rot="0.0 -180.0 -90.0" brush="MOD/brush/blocksExtended.vox" object="PlainSandstone" offset="10 0 10" extrude="16">
				<vertex pos="-1.0 -0.2"/>
				<vertex pos="-0.2 -0.2"/>
				<vertex pos="-0.2 -1.0"/>
				<vertex pos="0.6 -1.0"/>
				<vertex pos="0.6 0.6"/>
				<vertex pos="-1.0 0.6"/>
			</voxagon>
			<voxbox id_="875679936" name="PlainSandstone" pos="-0.8 4.8 0.8" rot="0.0 -90.0 0.0" size="16 16 16" brush="MOD/brush/blocksExtended.vox" object="PlainSandstone"/>
			<voxagon id_="831243840" name="PlainSandtsoneStairs" pos="-0.2 5.4 0.8" rot="0.0 270.0 -90.0" brush="MOD/brush/blocksExtended.vox" object="PlainSandstone" offset="10 0 10" extrude="16">
				<vertex pos="-1.0 -0.2"/>
				<vertex pos="-0.2 -0.2"/>
				<vertex pos="-0.2 -1.0"/>
				<vertex pos="0.6 -1.0"/>
				<vertex pos="0.6 0.6"/>
				<vertex pos="-1.0 0.6"/>
			</voxagon>
			<voxbox id_="1490641792" name="PlainSandstone" pos="-0.8 6.4 -0.8" rot="0.0 180.0 0.0" size="16 16 16" brush="MOD/brush/blocksExtended.vox" object="PlainSandstone"/>
			<voxagon id_="240728416" name="PlainSandtsoneStairs" pos="-0.8 7.0 -0.2" rot="0.0 180.0 -90.0" brush="MOD/brush/blocksExtended.vox" object="PlainSandstone" offset="10 0 10" extrude="16">
				<vertex pos="-1.0 -0.2"/>
				<vertex pos="-0.2 -0.2"/>
				<vertex pos="-0.2 -1.0"/>
				<vertex pos="0.6 -1.0"/>
				<vertex pos="0.6 0.6"/>
				<vertex pos="-1.0 0.6"/>
			</voxagon>
			<voxbox id_="1525377920" name="PlainSandstone" pos="0.8 8.0 -0.8" rot="0.0 90.0 0.0" size="16 16 16" brush="MOD/brush/blocksExtended.vox" object="PlainSandstone"/>
			<voxagon id_="355882208" name="PlainSandtsoneStairs" pos="0.2 8.6 -0.8" rot="0.0 90.0 -90.0" brush="MOD/brush/blocksExtended.vox" object="PlainSandstone" offset="10 0 10" extrude="16">
				<vertex pos="-1.0 -0.2"/>
				<vertex pos="-0.2 -0.2"/>
				<vertex pos="-0.2 -1.0"/>
				<vertex pos="0.6 -1.0"/>
				<vertex pos="0.6 0.6"/>
				<vertex pos="-1.0 0.6"/>
			</voxagon>
			<voxbox id_="1397050624" name="PlainSandstone" pos="0.8 9.6 0.8" rot="0.0 0.0 0.0" size="16 16 16" brush="MOD/brush/blocksExtended.vox" object="PlainSandstone"/>
			<voxagon id_="1907672832" name="PlainSandtsoneStairs" pos="0.8 10.2 0.2" rot="0.0 0.0 -90.0" brush="MOD/brush/blocksExtended.vox" object="PlainSandstone" offset="10 0 10" extrude="16">
				<vertex pos="-1.0 -0.2"/>
				<vertex pos="-0.2 -0.2"/>
				<vertex pos="-0.2 -1.0"/>
				<vertex pos="0.6 -1.0"/>
				<vertex pos="0.6 0.6"/>
				<vertex pos="-1.0 0.6"/>
			</voxagon>
			<voxbox id_="1800973696" name="PlainSandstone" pos="-0.8 11.2 0.8" rot="0.0 -90.0 0.0" size="16 16 16" brush="MOD/brush/blocksExtended.vox" object="PlainSandstone"/>
			<voxagon id_="2062084992" name="PlainSandtsoneStairs" pos="-0.2 11.8 0.8" rot="0.0 -90.0 -90.0" brush="MOD/brush/blocksExtended.vox" object="PlainSandstone" offset="10 0 10" extrude="16">
				<vertex pos="-1.0 -0.2"/>
				<vertex pos="-0.2 -0.2"/>
				<vertex pos="-0.2 -1.0"/>
				<vertex pos="0.6 -1.0"/>
				<vertex pos="0.6 0.6"/>
				<vertex pos="-1.0 0.6"/>
			</voxagon>
			<voxbox id_="1213473152" name="PlainSandstone" pos="-0.8 12.8 -0.8" rot="0.0 180.0 0.0" size="16 16 16" brush="MOD/brush/blocksExtended.vox" object="PlainSandstone"/>
			<voxagon id_="1703122432" name="PlainSandtsoneStairs" pos="-0.8 13.4 -0.2" rot="0.0 -180.0 -90.0" brush="MOD/brush/blocksExtended.vox" object="PlainSandstone" offset="10 0 10" extrude="16">
				<vertex pos="-1.0 -0.2"/>
				<vertex pos="-0.2 -0.2"/>
				<vertex pos="-0.2 -1.0"/>
				<vertex pos="0.6 -1.0"/>
				<vertex pos="0.6 0.6"/>
				<vertex pos="-1.0 0.6"/>
			</voxagon>
			<voxbox id_="1857338112" name="PlainSandstone" pos="0.8 14.4 -0.8" rot="0.0 90.0 0.0" size="16 16 16" brush="MOD/brush/blocksExtended.vox" object="PlainSandstone"/>
			<voxagon id_="1755226752" name="PlainSandtsoneStairs" pos="0.2 15.0 -0.8" rot="0.0 -270.0 -90.0" brush="MOD/brush/blocksExtended.vox" object="PlainSandstone" offset="10 0 10" extrude="16">
				<vertex pos="-1.0 -0.2"/>
				<vertex pos="-0.2 -0.2"/>
				<vertex pos="-0.2 -1.0"/>
				<vertex pos="0.6 -1.0"/>
				<vertex pos="0.6 0.6"/>
				<vertex pos="-1.0 0.6"/>
			</voxagon>
			<voxbox id_="2051401984" name="PlainSandstone" pos="0.8 16.0 0.8" rot="0.0 0.0 0.0" size="16 16 16" brush="MOD/brush/blocksExtended.vox" object="PlainSandstone"/>
			<voxagon id_="2033771776" name="PlainSandtsoneStairs" pos="0.8 16.6 0.2" rot="0.0 360.0 -90.0" brush="MOD/brush/blocksExtended.vox" object="PlainSandstone" offset="10 0 10" extrude="16">
				<vertex pos="-1.0 -0.2"/>
				<vertex pos="-0.2 -0.2"/>
				<vertex pos="-0.2 -1.0"/>
				<vertex pos="0.6 -1.0"/>
				<vertex pos="0.6 0.6"/>
				<vertex pos="-1.0 0.6"/>
			</voxagon>
			<voxbox id_="298862400" name="PlainSandstone" pos="-0.8 19.2 -0.8" rot="0.0 180.0 0.0" size="16 16 16" brush="MOD/brush/blocksExtended.vox" object="PlainSandstone"/>
			<voxagon id_="1292710912" name="PlainSandtsoneStairs" pos="-0.8 19.8 -0.2" rot="0.0 180.0 -90.0" brush="MOD/brush/blocksExtended.vox" object="PlainSandstone" offset="10 0 10" extrude="16">
				<vertex pos="-1.0 -0.2"/>
				<vertex pos="-0.2 -0.2"/>
				<vertex pos="-0.2 -1.0"/>
				<vertex pos="0.6 -1.0"/>
				<vertex pos="0.6 0.6"/>
				<vertex pos="-1.0 0.6"/>
			</voxagon>
			<voxagon id_="758035648" name="PlainSandtsoneStairs" pos="-0.2 18.2 0.8" rot="0.0 270.0 -90.0" brush="MOD/brush/blocksExtended.vox" object="PlainSandstone" offset="10 0 10" extrude="16">
				<vertex pos="-1.0 -0.2"/>
				<vertex pos="-0.2 -0.2"/>
				<vertex pos="-0.2 -1.0"/>
				<vertex pos="0.6 -1.0"/>
				<vertex pos="0.6 0.6"/>
				<vertex pos="-1.0 0.6"/>
			</voxagon>
			<voxbox id_="1316829696" name="PlainSandstone" pos="-0.8 17.6 0.8" rot="0.0 -90.0 0.0" size="16 16 16" brush="MOD/brush/blocksExtended.vox" object="PlainSandstone"/>
			<voxbox id_="965010944" name="PlainSandstone" pos="0.8 20.8 -0.8" rot="0.0 90.0 0.0" size="16 16 16" brush="MOD/brush/blocksExtended.vox" object="PlainSandstone"/>
			<voxagon id_="717466368" name="PlainSandtsoneStairs" pos="0.2 21.4 -0.8" rot="0.0 90.0 -90.0" brush="MOD/brush/blocksExtended.vox" object="PlainSandstone" offset="10 0 10" extrude="16">
				<vertex pos="-1.0 -0.2"/>
				<vertex pos="-0.2 -0.2"/>
				<vertex pos="-0.2 -1.0"/>
				<vertex pos="0.6 -1.0"/>
				<vertex pos="0.6 0.6"/>
				<vertex pos="-1.0 0.6"/>
			</voxagon>
			<voxagon id_="2141781632" name="PlainSandtsoneStairs" pos="1.8 23.0 -0.8" rot="0.0 90.0 -90.0" brush="MOD/brush/blocksExtended.vox" object="PlainSandstone" offset="10 0 10" extrude="16">
				<vertex pos="-1.0 -0.2"/>
				<vertex pos="-0.2 -0.2"/>
				<vertex pos="-0.2 -1.0"/>
				<vertex pos="0.6 -1.0"/>
				<vertex pos="0.6 0.6"/>
				<vertex pos="-1.0 0.6"/>
			</voxagon>
			<voxbox id_="161228400" name="PlainSandstone" pos="-0.8 6.4 -0.8" rot="0.0 0.0 0.0" size="16 16 16" brush="MOD/brush/blocksExtended.vox" object="PlainSandstone"/>
			<voxbox id_="261307984" name="PlainSandstone" pos="0.8 17.6 -0.8" rot="0.0 -90.0 0.0" size="16 16 16" brush="MOD/brush/blocksExtended.vox" object="PlainSandstone"/>
		</group>
		<group id_="1442207744" name="Chest" pos="-0.0 19.2 0.0" rot="0.0 -90.0 0.0">
			<vox id_="444885504" name="frame" pos="0.0 0.0 0.0" rot="0.0 0.0 0.0" density="3.0" prop="true" file="MOD/main/mcobjects.vox" object="ChestBase"/>
			<vox id_="1569682944" hidden_="true" name="blade" pos="-0.0 0.9 0.0" rot="0.0 0.0 0.0" prop="true" file="MOD/main/mcobjects.vox" object="ChestLid">
				<joint id_="1065483776" hidden_="true" pos="-0.7 0.2 0.3" rot="0.0 0.0 0.0" type="ball" size="0.1" rotstrength="0.1" rotspring="0" collide="true"/>
				<joint id_="1089078144" hidden_="true" pos="-0.7 0.2 -0.4" rot="0.0 0.0 0.0" type="ball" size="0.1" rotstrength="0.1" rotspring="0" collide="true"/>
			</vox>
			<vox id_="228210272" name="Coal" pos="0.4 0.2 0.4" rot="0.0 0.0 0.0" prop="true" file="MOD/main/mcobjects.vox" object="Coal"/>
			<vox id_="548963072" name="Diamond" pos="-0.5 0.1 -0.4" rot="0.0 0.0 0.0" prop="true" file="MOD/main/mcobjects.vox" object="Diamond"/>
			<vox id_="2013061120" name="Gold" pos="-0.4 0.1 0.4" rot="0.0 0.0 0.0" prop="true" file="MOD/main/mcobjects.vox" object="Gold"/>
			<vox id_="198127424" name="Iron" pos="0.0 0.1 0.4" rot="0.0 0.0 0.0" prop="true" file="MOD/main/mcobjects.vox" object="Iron"/>
			<vox id_="1630569600" name="Shovel" pos="0.4 0.2 0.1" rot="4.5 163.2 -40.5" density="1.5" strength="5.0" prop="true" file="MOD/main/tools.vox" object="iron_axe"/>
		</group>
		<group id_="27657880" name="Door" pos="0.0 0.0 2.5" rot="0.0 -90.0 0.0">
			<vox id_="708749568" name="frame" pos="0.0 0.0 0.0" rot="0.0 0.0 0.0" file="MOD/main/Jungle Wood.vox" object="Frame"/>
			<vox id_="1336163968" name="blade" pos="0.0 0.1 0.0" rot="0.0 0.0 0.0" prop="true" file="MOD/main/Jungle Wood.vox" object="Door">
				<joint id_="2023481984" pos="0.0 2.6 0.7" rot="0.0 0.0 0.0" type="ball" size="0.1" rotstrength="0.01" rotspring="0"/>
				<joint id_="238237904" pos="0.0 1.5 0.7" rot="0.0 0.0 0.0" type="ball" size="0.1" rotstrength="0.01" rotspring="0"/>
				<joint id_="1209999488" pos="0.0 0.5 0.7" rot="0.0 0.0 0.0" type="ball" size="0.1" rotstrength="0.01" rotspring="0"/>
			</vox>
		</group>
		<vox id_="1970918912" pos="-1.6 1.9 2.5" rot="35.0 -180.0 0.0" file="MOD/main/mcobjects.vox" object="torch">
			<light id_="464350912" pos="0 1 0" rot="0.0 0.0 0.0" type="sphere" color="2 .9 .4" size="0.2 0.2" unshadowed="0.5" glare="0"/>
		</vox>
		<vox id_="1069612800" pos="-2.5 9.9 -1.6" rot="35.0 90.0 0.0" file="MOD/main/mcobjects.vox" object="torch">
			<light id_="2066148480" pos="0 1 0" rot="0.0 0.0 0.0" type="sphere" color="2 .9 .4" size="0.2 0.2" unshadowed="0.5" glare="0"/>
		</vox>
		<vox id_="1388661504" pos="2.5 13.1 1.6" rot="35.0 -90.0 0.0" file="MOD/main/mcobjects.vox" object="torch">
			<light id_="1220485888" pos="0 1 0" rot="0.0 0.0 0.0" type="sphere" color="2 .9 .4" size="0.2 0.2" unshadowed="0.5" glare="0"/>
		</vox>
		<vox id_="1287795456" pos="2.5 17.9 -1.6" rot="35.0 -90.0 0.0" file="MOD/main/mcobjects.vox" object="torch">
			<light id_="1007218688" pos="0 1 0" rot="0.0 0.0 0.0" type="sphere" color="2 .9 .4" size="0.2 0.2" unshadowed="0.5" glare="0"/>
		</vox>
		<vox id_="727887232" pos="1.6 5.1 -2.5" rot="35.0 0.0 0.0" file="MOD/main/mcobjects.vox" object="torch">
			<light id_="419980320" pos="0 1 0" rot="0.0 0.0 0.0" type="sphere" color="2 .9 .4" size="0.2 0.2" unshadowed="0.5" glare="0"/>
		</vox>
		<vox id_="2130312192" pos="0.8 0.0 0.0" rot="0.0 -180.0 0.0" prop="true" file="MOD/main/GreenBed.vox" object="bed"/>
	</group>
</prefab>

