<prefab version="0.6.0">
	<group id_="764655168" open_="true" name="instance=MOD/assets/vehicles/land/taskmaster-4wd.xml" pos="-6.1 0.1 -3.4" rot="0.0 0.0 0.0">
		<vehicle id_="574130432" open_="true" rot="0.0 0.0 0.0" driven="false" sound="pickup" spring="0.6" damping="0.8" topspeed="75" acceleration="5" strength="5" antispin="0" antiroll="0.4" steerassist="0.5">
			<body id_="1735826944" open_="true" pos="-0.05 0.6 -0.5" rot="0.0 0.0 0.0" dynamic="true">
				<vox id_="1101989504" open_="true" pos="0.05 -0.3 0.5" rot="0 180 0" density="1.5" strength="4" file="MOD/assets/vehicles/land/taskmaster-4wd.vox" object="body">
					<light id_="300304288" pos="0.8 0.75 2.5" type="cone" color="1 .9 .8" scale="25" angle="90" penumbra="30" size="0.1" unshadowed="0.2" glare="0.35"/>
					<light id_="780712448" pos="-0.7 0.75 2.5" type="cone" color="1 .9 .8" scale="25" angle="90" penumbra="30" size="0.1" unshadowed="0.2" glare="0.35"/>
					<light id_="1928580096" pos="-0.7 0.75 -2.6" rot="-180.0 0.0 -180.0" type="area" color="1 .1 .1" scale="2" size=".2 .1" unshadowed="0.2" glare="0.2"/>
					<light id_="1345667328" pos="0.8 0.75 -2.6" rot="-180.0 0.0 -180.0" type="area" color="1 .1 .1" scale="2" size=".2 .1" unshadowed="0.2" glare="0.2"/>
					<light id_="211497584" pos="-0.75 0.65 -2.6" rot="180.0 0.0 180.0" type="area" color="1 1 1" scale="4" size=".1 .1" unshadowed="0.2"/>
					<light id_="533757760" pos="0.85 0.65 -2.6" rot="180.0 0.0 180.0" type="area" color="1 1 1" scale="4" size=".1 .1" unshadowed="0.2"/>
					<location id_="2116221056" tags="exhaust" pos="0.54212 0.1 -2.46243" rot="180.0 0.0 180.0"/>
					<location id_="130883376" tags="vital" pos="0.05186 0.7 1.46641"/>
					<location id_="840812672" tags="player" pos="0.5 1.3 -0.05" rot="0.0 0.0 0.0"/>
				</vox>
				<wheel id_="2006834816" open_="true" name="bl" pos="-0.75 -0.15 2.05" drive="1" travel="-0.2 0.1">
					<vox id_="1369982592" pos="-0.1 -0.45 -0.05" rot="0.0 180.0 0.0" file="MOD/assets/vehicles/land/taskmaster-4wd.vox" object="wheel_bl"/>
				</wheel>
				<wheel id_="391339328" open_="true" name="br" pos="0.75 -0.15 2.05" drive="1" travel="-0.2 0.1">
					<vox id_="441936224" pos="0.1 -0.45 -0.05" rot="0.0 -180.0 0.0" file="MOD/assets/vehicles/land/taskmaster-4wd.vox" object="wheel_br"/>
				</wheel>
				<wheel id_="1726126976" open_="true" name="fl" pos="-0.75 -0.15 -1.15" rot="0.0 0.0 0.0" drive="1" steer="1" travel="-0.2 0.1">
					<vox id_="1265839616" pos="-0.1 -0.45 -0.05" rot="0.0 180.0 0.0" file="MOD/assets/vehicles/land/taskmaster-4wd.vox" object="wheel_fl"/>
				</wheel>
				<wheel id_="509966752" open_="true" name="fr" pos="0.75 -0.15 -1.15" drive="1" steer="1" travel="-0.2 0.1">
					<vox id_="1175066624" pos="0.1 -0.45 -0.05" rot="0.0 -180.0 0.0" file="MOD/assets/vehicles/land/taskmaster-4wd.vox" object="wheel_fr"/>
				</wheel>
			</body>
		</vehicle>
	</group>
</prefab>

