<scene id_="1314142592" version="0.6.0" shadowVolume="200 25 200">
	<group id_="375871904" name="showcase" pos="0.0 5.0 50.4" prop0="texture=6 0.66">
		<voxbox id_="557024448" pos="-50.0 -2.4 17.0" rot="0.0 0.0 0.0" size="1000 15 10"/>
		<voxbox id_="1850980736" pos="-50.0 -2.4 17.0" rot="0.0 90.0 0.0" size="675 15 10"/>
		<voxbox id_="1418678784" pos="-50.0 -3.9 21.7" rot="0.0 0.0 0.0" size="1000 15 10"/>
		<voxbox id_="619549632" pos="-50.0 -3.9 21.7" rot="0.0 90.0 0.0" size="722 15 10"/>
		<voxbox id_="969205504" pos="-49.0 -3.9 -50.5" rot="0.0 0.0 0.0" size="24 30 10"/>
		<voxbox id_="644848064" pos="-50.0 -2.4 18.0" rot="0.0 0.0 0.0" size="1000 10 47"/>
		<voxbox id_="2131295232" pos="-50.0 -0.9 -50.5" rot="0.0 0.0 0.0" size="1000 10 685"/>
		<group id_="322391264" name="industrial" pos="0.0 -2.9 -16.0">
			<vox id_="1720949376" pos="2.0 3.0 -32.0" file="MOD/assets/industrial/components.vox"/>
			<vox id_="1217274368" pos="-10.0 3.0 -32.0" file="MOD/assets/industrial/outerwalls.vox"/>
			<vox id_="775469312" pos="-44.0 3.0 -32.0" file="MOD/assets/industrial/machinery.vox"/>
			<vox id_="32966620" pos="-36.0 3.0 -32.0" file="MOD/assets/industrial/pipes_and_ventilation.vox"/>
			<vox id_="1918880128" pos="28.0 3.0 -32.0" file="MOD/assets/industrial/roofs.vox"/>
			<vox id_="315050784" pos="-22.0 3.0 -32.0" file="MOD/assets/industrial/innerfloors.vox"/>
			<instance id_="1782163712" pos="-30.0 2.9 -32.1" rot="0.0 0.0 0.0" file="MOD/assets/industrial/lamp-wall-fluorecent-short.xml"/>
			<instance id_="1073348608" pos="-30.0 2.9 -30.1" rot="0.0 0.0 0.0" file="MOD/assets/industrial/lamp-wall-fluorecent-long.xml"/>
			<instance id_="1676054400" pos="-30.0 2.9 -28.1" rot="0.0 0.0 0.0" file="MOD/assets/industrial/lamp-ceiling-hanging.xml"/>
			<instance id_="1366836736" pos="-30.0 2.9 -26.1" rot="0.0 0.0 0.0" file="MOD/assets/industrial/lamp-ceiling-fixed.xml"/>
			<instance id_="26543700" pos="-30.0 2.9 -24.1" rot="0.0 0.0 0.0" file="MOD/assets/industrial/lamp-ceiling-globe.xml"/>
			<instance id_="2090267264" pos="22.0 3.0 16.0" rot="0.0 0.0 0.0" file="MOD/assets/industrial/door-inner-wood.xml"/>
			<instance id_="25822760" pos="22.0 3.0 18.0" rot="0.0 0.0 0.0" file="MOD/assets/industrial/door-outer-wood.xml"/>
			<vox id_="1271410432" pos="-10.0 3.0 -28.0" file="MOD/assets/industrial/innerwalls.vox"/>
			<vox id_="2001591552" pos="-10.0 3.0 -24.0" file="MOD/assets/industrial/innerceilings.vox"/>
			<vox id_="931585536" pos="-33.8 3.0 0.5" file="MOD/assets/industrial/beams.vox"/>
		</group>
		<group id_="1692963712" name="props" pos="0.0 0.0 0.0">
			<vox id_="1946144768" pos="-8.0 0.1 0.0" file="MOD/assets/furniture/office_murky.vox"/>
			<vox id_="2079453184" pos="-4.0 0.1 0.0" file="MOD/assets/furniture/office_supplies.vox"/>
			<vox id_="178268800" pos="-0.0 0.1 0.0" file="MOD/assets/props/pallets.vox"/>
			<vox id_="2036786560" pos="4.0 0.1 0.0" file="MOD/assets/props/pallettruck.vox"/>
			<vox id_="1517775360" pos="6.0 0.1 0.0" file="MOD/assets/props/plasticcan.vox"/>
			<vox id_="650222336" pos="10.0 0.1 0.0" file="MOD/assets/props/propane_small.vox" object="propanetank-small"/>
			<vox id_="1612349568" pos="12.0 0.1 0.0" file="MOD/assets/props/pylone.vox"/>
			<vox id_="1097794944" pos="14.0 0.1 0.0" file="MOD/assets/props/pylone.vox"/>
			<vox id_="1713608832" pos="8.0 0.1 2.0" file="MOD/assets/props/propane_huge.vox" object="propanetank-huge"/>
			<vox id_="519994368" pos="16.0 0.1 0.0" file="MOD/assets/props/suitcases.vox"/>
			<vox id_="395206208" pos="18.0 0.1 0.0" file="MOD/assets/props/toolbox.vox"/>
			<vox id_="1414680960" pos="20.0 0.1 0.0" file="MOD/assets/props/trashcan.vox"/>
			<vox id_="1971967488" pos="23.0 0.1 -14.5" file="MOD/assets/nature/pine-huge.vox"/>
			<vox id_="1860156288" pos="33.0 0.1 -14.5" file="MOD/assets/nature/pine-large.vox"/>
			<vox id_="361977408" pos="43.0 0.1 -14.5" file="MOD/assets/nature/pine-medium.vox"/>
			<vox id_="1193024640" pos="23.0 0.1 -6.5" file="MOD/assets/nature/pine-small.vox"/>
			<vox id_="129834736" pos="35.0 0.1 1.5" file="MOD/assets/nature/tree-birch.vox"/>
			<vox id_="263667424" pos="25.0 0.1 -0.5" file="MOD/assets/nature/tree-large.vox"/>
			<vox id_="1982847104" pos="17.0 0.1 9.5" file="MOD/assets/nature/tree-mediumlarge.vox"/>
			<vox id_="1940704896" pos="0.9 0.1 -9.9" rot="0.0 90.0 0.0" file="MOD/assets/nature/bushes.vox"/>
			<vox id_="411591200" pos="43.0 0.1 -6.5" file="MOD/assets/nature/tree-medium.vox"/>
			<vox id_="27264640" pos="33.0 0.1 -6.5" file="MOD/assets/nature/tree-scotspine.vox"/>
			<vox id_="1869659520" pos="43.0 0.1 1.5" file="MOD/assets/nature/tree-small-variant.vox"/>
			<vox id_="1614315776" pos="25.0 0.1 9.5" file="MOD/assets/nature/tree-small.vox"/>
			<vox id_="1275211776" pos="35.0 0.1 9.5" file="MOD/assets/nature/tree-sparse-winter.vox"/>
			<vox id_="1369917056" pos="45.0 0.1 9.5" file="MOD/assets/nature/tree-sparse.vox"/>
			<vox id_="1637123712" pos="-44.0 0.1 0.0" file="MOD/assets/props/container_blue.vox"/>
			<instance id_="2057628288" pos="-35.9 0.0 0.0" rot="0.0 0.0 0.0" file="MOD/assets/props/container-red.xml"/>
			<vox id_="1623622400" pos="-30.0 0.1 0.0" file="MOD/assets/props/barrels.vox"/>
			<instance id_="676307264" pos="-28.0 0.0 0.0" rot="0.0 0.0 0.0" file="MOD/assets/props/trashcan-big.xml"/>
			<vox id_="366434144" pos="-26.0 0.1 0.0" file="MOD/assets/props/cabledrum.vox"/>
			<vox id_="1030157696" pos="-24.0 0.1 0.0" file="MOD/assets/props/crates.vox"/>
			<vox id_="1472356096" pos="-18.0 0.1 0.0" file="MOD/assets/props/dumpster.vox"/>
			<vox id_="1847769216" pos="-14.0 0.1 0.0" file="MOD/assets/props/ladder.vox"/>
			<vox id_="1320762112" pos="-12.0 0.1 0.0" file="MOD/assets/props/liquidcontainer.vox"/>
		</group>
		<group id_="638621760" name="vehicles" pos="-15.9 0.0 -15.4">
			<group id_="2057235072" name="land" pos="0.0 0.0 0.0">
				<instance id_="1126042752" pos="1.9 0.1 10.6" rot="0.0 0.0 0.0" file="MOD/assets/vehicles/land/castanet-500l-gt.xml"/>
				<instance id_="1642170240" pos="5.9 0.1 10.6" rot="0.0 0.0 0.0" file="MOD/assets/vehicles/land/crane.xml"/>
				<instance id_="1055849408" pos="13.9 0.1 8.6" file="MOD/assets/vehicles/land/dumptruck.xml"/>
				<instance id_="446655104" pos="9.9 0.1 8.6" file="MOD/assets/vehicles/land/excavator.xml"/>
				<instance id_="1662422144" pos="-10.1 0.1 -1.4" rot="0.0 0.0 0.0" file="MOD/assets/vehicles/land/taskmaster-4wd.xml"/>
				<instance id_="1662356608" pos="-6.1 0.1 -1.4" rot="0.0 0.0 0.0" file="MOD/assets/vehicles/land/crownzygot-xvc.xml"/>
				<instance id_="1004793728" pos="-10.1 0.1 10.6" file="MOD/assets/vehicles/land/salooncar.xml"/>
				<instance id_="1841608448" pos="-2.1 0.1 -1.4" rot="0.0 0.0 0.0" file="MOD/assets/vehicles/land/semitruck-us.xml"/>
				<instance id_="166668224" pos="-6.1 0.1 10.6" rot="0.0 0.0 0.0" file="MOD/assets/vehicles/land/stationwagon.xml"/>
				<group id_="328420928" name="instance=MOD/assets/vehicles/land/suv1.xml" pos="-6.1 0.1 4.6" rot="0.0 0.0 0.0">
					<vehicle id_="1021309824" rot="0.0 0.0 0.0" driven="false" sound="suv3 0.9" spring="0.8" damping="2" topspeed="90" acceleration="4" strength="4" antispin="1" antiroll="0.1" steerassist="0.6">
						<body id_="1493918720" pos="-0.05 0.5 -0.35" rot="0.0 0.0 0.0" dynamic="true">
							<vox id_="1914423424" pos="0.05 -0.3 0.35" rot="0 180 0" strength="2" file="MOD/assets/vehicles/land/suv1.vox" object="body">
								<light id_="333664128" pos="0.8 0.85 -2.3" rot="180.0 0.0 180.0" type="area" color="1 .1 .1" size="0.2 0.1" unshadowed="0.3" glare="0.2"/>
								<light id_="109517344" pos="0.75 0.75 -2.3" rot="180.0 0.0 180.0" type="area" size="0.1 0.1" unshadowed="0.3"/>
								<light id_="164505408" pos="-0.65 0.75 -2.3" rot="180.0 0.0 180.0" type="area" size="0.1 0.1" unshadowed="0.3"/>
								<light id_="80876360" pos="-0.7 0.85 -2.3" rot="180.0 0.0 180.0" type="area" color="1 .1 .1" size="0.2 0.1" unshadowed="0.3" glare="0.2"/>
								<light id_="32507840" pos="0.8 0.55 2.1" type="cone" color="1 .9 .8" scale="20" angle="90" penumbra="30" size="0.1" unshadowed="0.2" glare="0.3"/>
								<light id_="168241184" pos="-0.7 0.55 2.1" type="cone" color="1 .9 .8" scale="20" angle="90" penumbra="30" size="0.1" unshadowed="0.2" glare="0.3"/>
								<location id_="1436309120" tags="exhaust" pos="0.6 0.0 -2.4" rot="-180.0 360.0 -180.0"/>
								<location id_="1623819008" tags="vital" pos="0.05 0.55 1.4" rot="-180.0 360.0 -180.0"/>
								<location id_="723758208" tags="player" pos="0.35 1.25 -0.2" rot="0.0 0.0 0.0"/>
							</vox>
							<wheel id_="1765254400" name="bl" pos="-0.75 -0.15 1.7" drive="1" travel="-0.1 0.1">
								<vox id_="922606592" pos="-0.1 -0.35 -0.05" rot="0 180 0" file="MOD/assets/vehicles/land/suv1.vox" object="wheel_bl"/>
							</wheel>
							<wheel id_="698525312" name="br" pos="0.75 -0.15 1.7" drive="1" travel="-0.1 0.1">
								<vox id_="1245391104" pos="0.1 -0.35 -0.05" rot="0 180 0" file="MOD/assets/vehicles/land/suv1.vox" object="wheel_br"/>
							</wheel>
							<wheel id_="428566048" name="fl" pos="-0.75 -0.15 -1.2" drive="1" steer="1" travel="-0.1 0.1">
								<vox id_="137765088" pos="-0.1 -0.35 -0.05" rot="0 180 0" file="MOD/assets/vehicles/land/suv1.vox" object="wheel_fl"/>
							</wheel>
							<wheel id_="378231328" name="fr" pos="0.75 -0.15 -1.2" drive="1" steer="1" travel="-0.1 0.1">
								<vox id_="1275080704" pos="0.1 -0.35 -0.05" rot="0 180 0" file="MOD/assets/vehicles/land/suv1.vox" object="wheel_fr"/>
							</wheel>
						</body>
					</vehicle>
				</group>
				<instance id_="450194272" pos="1.9 0.1 4.6" file="MOD/assets/vehicles/land/tractor.xml"/>
				<instance id_="1871429120" pos="-10.1 0.1 4.6" rot="0.0 0.0 0.0" file="MOD/assets/vehicles/land/van.xml"/>
			</group>
			<group id_="1861204864" name="sea" pos="-32.3 -1.7 36.5">
				<instance id_="153035904" pos="4.0 -1.4 5.1" rot="0.0 -90.0 0.0" file="MOD/assets/vehicles/sea/mediumboat.xml"/>
				<instance id_="581077632" pos="18.0 -1.7 4.9" rot="0.0 -90.0 0.0" file="MOD/assets/vehicles/sea/smallboat.xml"/>
				<instance id_="1085997824" pos="32.0 -1.4 4.85" rot="0.0 -90.0 0.0" file="MOD/assets/vehicles/sea/speedboat.xml"/>
				<instance id_="748270208" pos="47.75 -1.4 5.0" rot="0.0 -90.0 0.0" file="MOD/assets/vehicles/sea/woodboat.xml"/>
			</group>
		</group>
	</group>
	<group id_="1970460160" name="demo" pos="50.0 3.8 -100.0">
		<group id_="597134912" name="vehicles" pos="-80.5 -2.7 72.5">
			<instance id_="706324608" pos="0.0 0.5 0.00002" rot="0.0 -70.0 0.0" file="MOD/assets/vehicles/sea/smallboat.xml"/>
			<instance id_="2119825792" pos="12.9 4.0 -44.5" rot="0.0 -30.0 0.0" file="MOD/assets/vehicles/land/van.xml"/>
		</group>
		<group id_="364271328" name="house" pos="-71.5 1.1 42.4" prop0="texture=6 0.66">
			<group id_="1989007872" name="structure">
				<compound id_="384064384" name="wall" pos="0.0 0.3 -9.4" rot="0.0 0.0 0.0">
					<voxbox id_="1840100992" name="wall" pos="-5.4 0.1 -0.2" rot="0.0 0.0 0.0" size="109 96 5" brush="MOD/assets/industrial/components.vox" object="wall-brick-plain">
						<voxbox id_="119282800" name="plaster" pos="0.3 0.0 0.4" size="102 42 1" brush="MOD/assets/industrial/innerwalls.vox" object="plaster-cracked-beige_green"/>
						<vox id_="724085888" pos="2.0 0.8 0.3" file="MOD/assets/industrial/components.vox" object="window-industrial-small"/>
						<vox id_="1356940160" pos="7.7 0.0 0.3" file="MOD/assets/industrial/components.vox" object="arch-brick-50x36x7"/>
						<vox id_="1095959936" pos="2.0 5.8 0.3" file="MOD/assets/industrial/components.vox" object="window-industrial-small"/>
						<voxbox id_="1167726208" name="corner" pos="2.7 5.6 0.1" rot="0.0 -90.0 90.0" size="2 2 13" brush="MOD/assets/industrial/components.vox" object="corner-brick-plain" offset="0 0 -3"/>
						<voxbox id_="144712320" name="corner" pos="2.7 0.6 0.1" rot="0.0 -90.0 90.0" size="2 2 13" brush="MOD/assets/industrial/components.vox" object="corner-brick-plain" offset="0 0 -3"/>
					</voxbox>
				</compound>
				<compound id_="501839776" name="wall" pos="5.3 0.4 -0.1" rot="0.0 0.0 0.0">
					<voxbox id_="421487744" name="wall" pos="0.29999 0.0 -9.40001" rot="0.0 -90.0 0.0" size="190 96 5" brush="MOD/assets/industrial/components.vox" object="wall-brick-plain">
						<voxbox id_="868011776" name="plaster" pos="0.3 0.0 0.4" size="183 42 1" brush="MOD/assets/industrial/innerwalls.vox" object="plaster-cracked-beige_green"/>
						<vox id_="1188830080" pos="15.8 0.8 0.3" file="MOD/assets/industrial/components.vox" object="window-industrial-medium"/>
						<vox id_="227423808" pos="10.1 0.8 0.3" file="MOD/assets/industrial/components.vox" object="window-industrial-large"/>
						<vox id_="2121726464" pos="1.8 5.8 0.3" file="MOD/assets/industrial/components.vox" object="window-industrial-small"/>
						<vox id_="1294677120" pos="4.2 5.8 0.3" file="MOD/assets/industrial/components.vox" object="window-industrial-small"/>
						<vox id_="1803136512" pos="11.6 5.8 0.3" file="MOD/assets/industrial/components.vox" object="window-industrial-small"/>
						<vox id_="1698403584" pos="9.2 5.8 0.3" file="MOD/assets/industrial/components.vox" object="window-industrial-small"/>
						<voxbox id_="1579382912" name="corner" pos="17.7 3.6 0.1" rot="0.0 -90.0 90.0" size="2 2 38" brush="MOD/assets/industrial/components.vox" object="corner-brick-plain" offset="0 0 -3"/>
						<voxbox id_="1414615296" name="corner" pos="17.7 0.6 0.1" rot="0.0 -90.0 90.0" size="2 2 38" brush="MOD/assets/industrial/components.vox" object="corner-brick-plain" offset="0 0 -3"/>
						<voxbox id_="1422217984" name="corner" pos="12.3 5.6 0.1" rot="0.0 -90.0 90.0" size="2 2 13" brush="MOD/assets/industrial/components.vox" object="corner-brick-plain" offset="0 0 -3"/>
						<voxbox id_="1499293056" name="corner" pos="9.9 5.6 0.1" rot="0.0 -90.0 90.0" size="2 2 13" brush="MOD/assets/industrial/components.vox" object="corner-brick-plain" offset="0 0 -3"/>
						<voxbox id_="1827517312" name="corner" pos="4.9 5.6 0.1" rot="0.0 -90.0 90.0" size="2 2 13" brush="MOD/assets/industrial/components.vox" object="corner-brick-plain" offset="0 0 -3"/>
						<voxbox id_="1957089920" name="corner" pos="2.5 5.6 0.1" rot="0.0 -90.0 90.0" size="2 2 13" brush="MOD/assets/industrial/components.vox" object="corner-brick-plain" offset="0 0 -3"/>
						<voxbox id_="1659538304" name="corner" pos="13.0 0.6 0.1" rot="0.0 -90.0 90.0" size="2 2 58" brush="MOD/assets/industrial/components.vox" object="corner-brick-plain" offset="0 0 -3"/>
						<voxbox id_="1640335104" name="corner" pos="13.0 3.6 0.1" rot="0.0 -90.0 90.0" size="2 2 58" brush="MOD/assets/industrial/components.vox" object="corner-brick-plain" offset="0 0 -3"/>
					</voxbox>
					<voxbox id_="980281792" name="corner" pos="-0.2 0.0 -9.6" rot="0.0 0.0 0.0" size="6 96 6" brush="MOD/assets/industrial/components.vox" object="corner-brick-plain"/>
					<voxbox id_="1513121920" name="corner" pos="0.4 0.0 9.2" rot="0.0 -90.0 0.0" size="6 96 6" brush="MOD/assets/industrial/components.vox" object="corner-brick-plain"/>
				</compound>
				<compound id_="1097008512" name="wall" pos="0.0 0.2 9.2" rot="0.0 0.0 0.0">
					<voxbox id_="760264000" name="wall" pos="5.50001 0.2 0.4" rot="0.0 -180.0 0.0" size="109 96 5" brush="MOD/assets/industrial/components.vox" object="wall-brick-plain">
						<voxbox id_="1713608832" name="plaster" pos="0.3 0.0 0.4" size="103 42 1" brush="MOD/assets/industrial/innerwalls.vox" object="plaster-cracked-beige_green"/>
						<vox id_="1649051904" pos="1.9 5.8 0.3" file="MOD/assets/industrial/components.vox" object="window-industrial-small"/>
						<vox id_="1689490176" pos="3.2 0.8 0.3" file="MOD/assets/industrial/components.vox" object="window-industrial-medium"/>
					</voxbox>
				</compound>
				<compound id_="2026562304" name="wall" pos="-5.3 0.3 -0.1" rot="0.0 0.0 0.0">
					<voxbox id_="717138688" name="wall" pos="-0.2 0.1 9.59999" rot="0.0 90.0 0.0" size="190 96 5" brush="MOD/assets/industrial/components.vox" object="wall-brick-plain">
						<voxbox id_="1235494528" name="plaster" pos="0.3 0.0 0.4" size="183 42 1" brush="MOD/assets/industrial/innerwalls.vox" object="plaster-cracked-beige_green"/>
						<vox id_="274088288" pos="4.1 0.0 0.3" file="MOD/assets/industrial/components.vox" object="arch-brick-50x36x7"/>
						<vox id_="1292448768" pos="14.3 0.8 0.3" file="MOD/assets/industrial/components.vox" object="window-industrial-medium"/>
						<vox id_="868536064" pos="8.5 5.3 0.3" file="MOD/assets/industrial/components.vox" object="window-industrial-large"/>
						<voxbox id_="2072768000" name="corner" pos="11.4 5.1 0.1" rot="0.0 -90.0 90.0" size="2 2 58" brush="MOD/assets/industrial/components.vox" object="corner-brick-plain" offset="0 0 -3"/>
						<voxbox id_="2029642752" name="corner" pos="16.2 0.6 0.1" rot="0.0 -90.0 90.0" size="2 2 38" brush="MOD/assets/industrial/components.vox" object="corner-brick-plain" offset="0 0 -3"/>
						<voxbox id_="1751032192" name="corner" pos="16.2 3.6 0.1" rot="0.0 -90.0 90.0" size="2 2 38" brush="MOD/assets/industrial/components.vox" object="corner-brick-plain" offset="0 0 -3"/>
						<voxbox id_="1901446528" name="corner" pos="11.4 8.1 0.1" rot="0.0 -90.0 90.0" size="2 2 58" brush="MOD/assets/industrial/components.vox" object="corner-brick-plain" offset="0 0 -3"/>
					</voxbox>
					<voxbox id_="1718327680" name="corner" pos="-0.3 0.1 -9.0" rot="0.0 90.0 0.0" size="6 96 6" brush="MOD/assets/industrial/components.vox" object="corner-brick-plain"/>
					<voxbox id_="1457937280" name="corner" pos="0.3 0.1 9.8" rot="0.0 180.0 0.0" size="6 96 6" brush="MOD/assets/industrial/components.vox" object="corner-brick-plain"/>
				</compound>
				<voxagon id_="2146107264" name="gable" pos="0.0 11.0 9.6" rot="-90.0 0.0 0.0" brush="MOD/assets/industrial/components.vox" object="wall-brick-plain" offset="0 1" axis="y" extrude="5">
					<vertex pos="-5.5 -1.0"/>
					<vertex pos="5.6 -1.0"/>
					<vertex pos="0.1 3.5"/>
				</voxagon>
				<voxagon id_="1819718144" name="gable" pos="0.0 11.0 -9.1" rot="-90.0 0.0 0.0" brush="MOD/assets/industrial/components.vox" object="wall-brick-plain" offset="0 1" axis="y" extrude="5">
					<vertex pos="-5.5 -1.0"/>
					<vertex pos="5.6 -1.0"/>
					<vertex pos="0.1 3.5"/>
				</voxagon>
			</group>
			<instance id_="197340944" pos="-2.69999 0.3 9.3" rot="0.0 180.0 0.0" file="MOD/assets/industrial/door-outer-wood.xml"/>
			<instance id_="802340672" pos="-2.7 3.8 9.8" rot="0.0 0.0 0.0" file="MOD/assets/industrial/lamp-wall-fluorecent-short.xml"/>
			<instance id_="326585824" pos="-5.7 3.8 5.4" rot="0.0 -90.0 0.0" file="MOD/assets/industrial/lamp-wall-fluorecent-long.xml"/>
			<instance id_="1115621888" pos="2.3 3.8 -9.8" rot="0.0 -180.0 0.0" file="MOD/assets/industrial/lamp-wall-fluorecent-long.xml"/>
			<compound id_="1124142080" name="second floor" pos="0.0 4.0 0.0">
				<voxbox id_="155591968" name="top floor" pos="-5.1 0.8 -9.2" rot="0.0 0.0 0.0" size="103 6 184" brush="MOD/assets/industrial/innerfloors.vox" object="planks-with_beams-medium_brown">
					<voxbox id_="751612736" name="bottom ceiling" pos="0.0 -0.2 0.0" rot="0.0 0.0 0.0" size="102 2 184" brush="MOD/assets/industrial/innerceilings.vox" object="plaster-tiles-small"/>
					<voxbox id_="643406208" pos="9.1 -0.2 18.3" rot="0.0 -180.0 0.0" size="51 8 16" brush="hole"/>
				</voxbox>
			</compound>
			<compound id_="429680256" name="attic floor" pos="0.0 8.8 0.0">
				<voxbox id_="359814592" name="top floor" pos="-5.1 0.2 -9.2" rot="0.0 0.0 0.0" size="103 6 184" brush="MOD/assets/industrial/innerfloors.vox" object="planks-with_beams-medium_brown">
					<voxbox id_="1833350400" name="bottom ceiling" pos="0.0 -0.2 0.0" rot="0.0 0.0 0.0" size="102 2 184" brush="MOD/assets/industrial/innerceilings.vox" object="plaster-tiles-small"/>
				</voxbox>
			</compound>
			<group id_="1496212608" name="roof" pos="-5.4 -1.1 -10.0" rot="0.0 0.0 0.0">
				<voxbox id_="1494377600" pos="-1.1 10.0 19.9" rot="0.0 90.0 0.0" size="197 56 66" brush="MOD/assets/industrial/roofs.vox" object="roof03-medium" offset="-14"/>
				<voxbox id_="539000960" pos="12.0 10.0 0.1" rot="0.0 -90.0 0.0" size="198 56 66" brush="MOD/assets/industrial/roofs.vox" object="roof03-medium" offset="10"/>
			</group>
			<group id_="169683056" name="interior" pos="0.0 -0.4 0.0">
				<group id_="111221376" name="machine" pos="1.6 0.7 -0.1">
					<vox id_="1797368960" pos="0.0 0.1 0.1" rot="0.0 -90.0 0.0" file="MOD/assets/industrial/machinery.vox" object="machine02"/>
					<vox id_="1354515200" pos="0.0 0.1 -2.9" rot="0.0 -90.0 0.0" file="MOD/assets/industrial/machinery.vox" object="machine05"/>
					<vox id_="126557744" pos="0.0 0.1 3.1" rot="0.0 -90.0 0.0" file="MOD/assets/industrial/machinery.vox" object="machine05"/>
					<group id_="9306680" name="pipe" pos="-1.2 2.7 1.1" prop0="size=0.2" prop1="rotstrength=0.3" prop2="rotspring=0.3">
						<voxbox id_="1554936448" pos="-6.92784 0.80986 -0.37872" rot="0.0 -25.0 20.0" prop="true" size="6 5 5" brush="MOD/assets/industrial/pipes_and_ventilation.vox" object="ribbedpipe-straight-plain">
							<joint id_="2095969152" pos="0.0 0.25 0.25"/>
						</voxbox>
						<voxbox id_="805224448" pos="-7.1077 0.54849 -0.67682" rot="9.9 -54.1 32.9" prop="true" size="6 5 5" brush="MOD/assets/industrial/pipes_and_ventilation.vox" object="ribbedpipe-straight-plain">
							<joint id_="502953952" pos="0.0 0.25 0.25"/>
						</voxbox>
						<voxbox id_="901633792" pos="-7.15263 0.34401 -1.12526" rot="23.5 -81.5 25.5" prop="true" size="6 5 5" brush="MOD/assets/industrial/pipes_and_ventilation.vox" object="ribbedpipe-straight-plain">
							<joint id_="454454368" pos="0.0 0.25 0.25"/>
						</voxbox>
						<voxbox id_="1315649920" pos="-7.02945 0.17081 -1.57047" rot="31.3 -103.3 20.6" prop="true" size="6 5 5" brush="MOD/assets/industrial/pipes_and_ventilation.vox" object="ribbedpipe-straight-plain">
							<joint id_="366630752" pos="0.0 0.25 0.25"/>
						</voxbox>
						<voxbox id_="1130630528" pos="-6.76019 -0.08867 -1.79992" rot="41.5 -133.10001 32.2" prop="true" size="6 5 5" brush="MOD/assets/industrial/pipes_and_ventilation.vox" object="ribbedpipe-straight-plain">
							<joint id_="1830663296" pos="0.0 0.25 0.25"/>
						</voxbox>
						<voxbox id_="80352040" pos="-6.69258 -0.78473 -2.11089" rot="16.8 -94.6 69.6" prop="true" size="7 5 5" brush="MOD/assets/industrial/pipes_and_ventilation.vox" object="ribbedpipe-straight-plain" offset="1">
							<joint id_="1843246976" pos="0.0 0.25 0.25"/>
						</voxbox>
						<voxbox id_="195178112" pos="-6.6 1.0 -0.2" rot="0.0 0.0 0.0" prop="true" size="6 5 5" brush="MOD/assets/industrial/pipes_and_ventilation.vox" object="ribbedpipe-straight-plain">
							<joint id_="539721920" pos="0.0 0.25 0.25"/>
						</voxbox>
						<voxbox id_="2063723520" pos="-5.4 1.0 -0.2" rot="0.0 0.0 0.0" prop="true" size="6 5 5" brush="MOD/assets/industrial/pipes_and_ventilation.vox" object="ribbedpipe-straight-plain">
							<joint id_="680763968" pos="0.0 0.25 0.25"/>
						</voxbox>
						<voxbox id_="1186142976" pos="-4.8 1.0 -0.2" rot="0.0 0.0 0.0" prop="true" size="6 5 5" brush="MOD/assets/industrial/pipes_and_ventilation.vox" object="ribbedpipe-straight-plain">
							<joint id_="1841739520" pos="0.0 0.25 0.25"/>
						</voxbox>
						<voxbox id_="1810345856" pos="-4.2 1.0 -0.2" rot="0.0 0.0 0.0" prop="true" size="6 5 5" brush="MOD/assets/industrial/pipes_and_ventilation.vox" object="ribbedpipe-straight-plain">
							<joint id_="2084106496" pos="0.0 0.25 0.25"/>
						</voxbox>
						<voxbox id_="1441290112" pos="-3.6 1.0 -0.2" rot="0.0 0.0 0.0" prop="true" size="6 5 5" brush="MOD/assets/industrial/pipes_and_ventilation.vox" object="ribbedpipe-straight-plain">
							<joint id_="1566864768" pos="0.0 0.25 0.25"/>
						</voxbox>
						<voxbox id_="1852160384" pos="-3.04341 1.0038 -0.2" rot="0.0 0.0 -10.0" prop="true" size="6 5 5" brush="MOD/assets/industrial/pipes_and_ventilation.vox" object="ribbedpipe-straight-plain">
							<joint id_="247675664" pos="0.0 0.25 0.25"/>
						</voxbox>
						<voxbox id_="1787668992" pos="-2.49462 0.91089 -0.2" rot="0.0 0.0 -20.0" prop="true" size="6 5 5" brush="MOD/assets/industrial/pipes_and_ventilation.vox" object="ribbedpipe-straight-plain">
							<joint id_="994503936" pos="0.0 0.25 0.25"/>
						</voxbox>
						<voxbox id_="1637123712" pos="-1.9703 0.72409 -0.2" rot="0.0 0.0 -30.0" prop="true" size="6 5 5" brush="MOD/assets/industrial/pipes_and_ventilation.vox" object="ribbedpipe-straight-plain">
							<joint id_="2010046208" pos="0.0 0.25 0.25"/>
						</voxbox>
						<voxbox id_="1932840192" pos="-1.45068 0.42409 -0.2" rot="0.0 0.0 -30.0" prop="true" size="6 5 5" brush="MOD/assets/industrial/pipes_and_ventilation.vox" object="ribbedpipe-straight-plain">
							<joint id_="1336884864" pos="0.0 0.25 0.25"/>
						</voxbox>
						<voxbox id_="2116679808" pos="-0.86211 0.09412 -0.2" rot="0.0 0.0 -15.0" prop="true" size="6 5 5" brush="MOD/assets/industrial/pipes_and_ventilation.vox" object="ribbedpipe-straight-plain">
							<joint id_="557155520" pos="0.0 0.25 0.25"/>
						</voxbox>
						<voxbox id_="1723112192" pos="-0.20819 -0.07228 -0.2" rot="0.0 0.0 0.0" prop="true" size="5 5 5" brush="MOD/assets/industrial/pipes_and_ventilation.vox" object="ribbedpipe-straight-plain">
							<joint id_="1243555968" pos="0.0 0.25 0.25"/>
							<joint id_="1495491712" pos="0.5 0.25 0.25"/>
						</voxbox>
						<voxbox id_="2019090816" pos="-6.0 1.0 -0.2" rot="0.0 0.0 0.0" size="6 5 5" brush="MOD/assets/industrial/pipes_and_ventilation.vox" object="ribbedpipe-straight-plain">
							<joint id_="1807789824" pos="0.0 0.25 0.25"/>
						</voxbox>
					</group>
					<compound id_="959177920" name="pipe fastener" pos="-4.3 3.5 1.0" rot="0.0 0.0 0.0">
						<voxbox id_="461008352" pos="0.1 0.1 0.5" rot="-90.0 90.0 0.0" size="8 1 1" brush="MOD/assets/industrial/pipes_and_ventilation.vox" object="ribbedpipe-straight-plain" offset="0 1 1"/>
						<voxbox id_="1812246528" pos="0.1 0.1 0.5" rot="0.0 0.0 90.0" size="8 1 1" brush="MOD/assets/industrial/pipes_and_ventilation.vox" object="ribbedpipe-straight-plain" offset="0 1 1"/>
						<voxbox id_="1035597568" pos="0.1 0.1 -0.3" rot="0.0 0.0 90.0" size="8 1 1" brush="MOD/assets/industrial/pipes_and_ventilation.vox" object="ribbedpipe-straight-plain" offset="0 1 1"/>
					</compound>
				</group>
				<voxbox id_="1737334272" name="stairs" pos="-1.2 0.8 7.5" rot="0.0 0.0 0.0" size="52 50 15" brush="MOD/assets/industrial/components.vox" object="stairs-industrial-metal" offset="0 3">
					<voxbox id_="679191040" name="railing" pos="0.0 -0.1 0.0" rot="0.0 0.0 0.0" size="52 61 1" brush="MOD/assets/industrial/components.vox" object="stairs_railing-industrial-yellow"/>
				</voxbox>
				<voxbox id_="689611904" name="wooden railing" pos="4.0 5.8 7.5" rot="0.0 180.0 0.0" size="51 10 2" brush="MOD/assets/industrial/components.vox" object="railing-plain-wood"/>
				<voxbox id_="1361265792" name="wooden railing" pos="-1.1 5.8 7.3" rot="0.0 -90.0 0.0" size="19 10 2" brush="MOD/assets/industrial/components.vox" object="railing-plain-wood"/>
				<group id_="1718262144" name="lamps">
					<group id_="1146425728" name="bottom floor" pos="-0.9 4.7 -0.7">
						<instance id_="973596672" pos="2.2 -0.0 5.0" rot="0.0 0.0 0.0" file="MOD/assets/industrial/lamp-ceiling-fixed.xml"/>
						<instance id_="386817088" pos="2.2 -0.0 -4.2" rot="0.0 0.0 0.0" file="MOD/assets/industrial/lamp-ceiling-fixed.xml"/>
						<instance id_="2110125824" pos="-2.6 -0.0 -4.2" rot="0.0 -90.0 0.0" file="MOD/assets/industrial/lamp-ceiling-fixed.xml"/>
					</group>
					<group id_="1918159232" name="top floor" pos="-0.9 4.7 -0.7">
						<instance id_="700425984" pos="2.7 3.9 1.4" rot="0.0 0.0 0.0" file="MOD/assets/industrial/lamp-ceiling-globe.xml"/>
						<instance id_="1184766592" pos="-2.2 3.9 2.7" rot="0.0 0.0 0.0" file="MOD/assets/industrial/lamp-ceiling-globe.xml"/>
						<instance id_="2134506752" pos="1.2 3.9 8.8" rot="0.0 0.0 0.0" file="MOD/assets/industrial/lamp-ceiling-globe.xml"/>
						<instance id_="1791666944" pos="3.4 3.9 -5.6" rot="0.0 0.0 0.0" file="MOD/assets/industrial/lamp-ceiling-globe.xml"/>
						<instance id_="60100180" pos="-1.4 3.9 -5.6" rot="0.0 -90.0 0.0" file="MOD/assets/industrial/lamp-ceiling-globe.xml"/>
					</group>
				</group>
				<group id_="1023013888" name="bottom floor office" pos="-3.4 0.7 -4.6">
					<vox id_="1588755200" pos="-0.5 0.1 -3.9" rot="0.0 0.0 0.0" prop="true" file="MOD/assets/furniture/office_murky.vox" object="desk_boss"/>
					<vox id_="1618903552" pos="-1.0 0.1 0.3" rot="0.0 90.0 0.0" prop="true" file="MOD/assets/furniture/office_murky.vox" object="desk"/>
					<vox id_="364402400" pos="-0.6 0.1 0.4" rot="0.0 -100.0 0.0" prop="true" file="MOD/assets/furniture/office_murky.vox" object="chair"/>
					<vox id_="923458624" pos="-0.7 0.1 -2.9" rot="0.0 150.0 0.0" prop="true" file="MOD/assets/furniture/office_murky.vox" object="chair_boss"/>
					<vox id_="1609728000" pos="1.1 0.1 4.0" rot="0.0 -180.0 0.0" prop="true" file="MOD/assets/furniture/office_supplies.vox" object="printer"/>
					<vox id_="891147392" pos="-1.2 1.1 -0.3" rot="0.0 60.0 0.0" prop="true" file="MOD/assets/furniture/office_supplies.vox" object="monitor_crt"/>
					<vox id_="2074537600" pos="-0.8 1.1 0.2" rot="0.0 80.0 0.0" prop="true" file="MOD/assets/furniture/office_supplies.vox" object="keyboard"/>
					<vox id_="1375094784" pos="1.6 0.1 3.2" rot="0.0 3.0 0.0" prop="true" file="MOD/assets/furniture/office_supplies.vox" object="paperbox"/>
					<vox id_="1430476032" pos="1.6 0.1 2.8" rot="0.0 5.0 0.0" prop="true" file="MOD/assets/furniture/office_supplies.vox" object="paperbox"/>
					<vox id_="398548736" pos="1.7 0.5 3.0" rot="0.0 83.0 0.0" prop="true" file="MOD/assets/furniture/office_supplies.vox" object="paperbox"/>
					<vox id_="1054014272" pos="-1.5 1.3 3.0" rot="0.0 90.0 0.0" prop="true" file="MOD/assets/furniture/office_supplies.vox" object="whiteboard">
						<joint id_="1014034880" pos="0.0 1.1 -0.1" rotspring="0" collide="true"/>
					</vox>
				</group>
				<group id_="1857403648" name="top floor" pos="-3.4 0.7 -4.6">
					<vox id_="422732992" pos="3.0 5.1 -3.9" rot="0.0 -90.0 0.0" prop="true" file="MOD/assets/furniture/bedroom_oldie.vox" object="bunkbed"/>
					<vox id_="2020532608" pos="6.5 5.1 -3.7" rot="0.0 0.0 0.0" prop="true" file="MOD/assets/furniture/livingroom_oldie.vox" object="couch with blanket"/>
					<vox id_="2006572672" pos="-0.6 5.1 12.9" rot="0.0 0.0 0.0" prop="true" file="MOD/assets/furniture/potted_plants.vox" object="big_leaf_black"/>
					<vox id_="1622901504" pos="7.2 5.1 0.8" rot="0.0 0.0 0.0" prop="true" file="MOD/assets/furniture/livingroom_oldie.vox" object="table_2"/>
					<vox id_="1407930240" pos="7.5 5.6 0.8" rot="0.0 -170.0 0.0" prop="true" file="MOD/assets/furniture/bedroom_oldie.vox" object="tv"/>
					<vox id_="2143682304" pos="-1.0 5.1 -3.3" rot="0.0 90.0 0.0" prop="true" file="MOD/assets/furniture/bedroom_oldie.vox" object="desk"/>
					<vox id_="320359520" pos="-0.6 5.1 -3.7" rot="0.0 -80.0 0.0" prop="true" file="MOD/assets/furniture/office_murky.vox" object="chair"/>
					<vox id_="1123617792" pos="2.8 5.1 0.4" rot="0.0 10.0 0.0" prop="true" file="MOD/assets/furniture/office_murky.vox" object="chair"/>
					<vox id_="1483694464" pos="3.3 5.1 0.9" rot="0.0 -180.0 0.0" prop="true" file="MOD/assets/furniture/bedroom_oldie.vox" object="desk"/>
					<vox id_="1294742656" pos="3.5 5.1 2.4" rot="0.0 90.0 0.0" prop="true" file="MOD/assets/furniture/bedroom_oldie.vox" object="bed"/>
					<vox id_="796638720" pos="8.1 5.1 2.5" rot="0.0 90.0 0.0" prop="true" file="MOD/assets/furniture/bedroom_oldie.vox" object="table"/>
					<vox id_="1950273792" pos="3.0 5.1 5.4" rot="0.0 90.0 0.0" prop="true" file="MOD/assets/furniture/bedroom_oldie.vox" object="desk"/>
					<vox id_="2034427136" pos="3.8 5.1 5.0" rot="0.0 -80.0 0.0" prop="true" file="MOD/assets/furniture/bedroom_oldie.vox" object="chair"/>
				</group>
			</group>
			<group id_="114957160" name="innerwalls top floor" pos="0.0 -0.4 0.0">
				<compound id_="387734656" name="upper floor 1" pos="2.9 5.8 4.5" rot="0.0 0.0 0.0">
					<voxbox id_="798473792" name="framework" pos="-4.0 0.0 -0.1" rot="0.0 0.0 0.0" size="63 36 2" brush="MOD/assets/industrial/innerwalls.vox" object="framework-wood-plain">
						<voxbox id_="618894208" name="plaster" pos="-0.1 0.0 0.2" size="64 36 1" brush="MOD/assets/industrial/innerwalls.vox" object="plaster-white"/>
						<voxbox id_="628266432" name="plaster" pos="0.2 0.0 -0.1" size="62 37 1" brush="MOD/assets/industrial/innerwalls.vox" object="plaster-white"/>
					</voxbox>
				</compound>
				<compound id_="2055924224" name="upper floor 2" pos="-1.1 5.8 2.3" rot="0.0 -90.0 0.0">
					<voxbox id_="2039539200" name="framework" pos="-5.1 0.0 -0.1" size="74 36 2" brush="MOD/assets/industrial/innerwalls.vox" object="framework-wood-plain">
						<voxbox id_="29099760" name="plaster" pos="0.0 0.0 0.2" size="75 36 1" brush="MOD/assets/industrial/innerwalls.vox" object="plaster-white"/>
						<voxbox id_="405233824" name="plaster" pos="0.0 0.0 -0.1" size="72 36 1" brush="MOD/assets/industrial/innerwalls.vox" object="plaster-white"/>
					</voxbox>
				</compound>
				<compound id_="742961408" name="upper floor 3" pos="0.1 5.8 -3.0">
					<voxbox id_="937615232" name="framework" pos="-5.1 0.0 -0.1" size="102 36 2" brush="MOD/assets/industrial/innerwalls.vox" object="framework-wood-plain">
						<voxbox id_="1166415360" name="plaster" pos="0.0 0.0 0.2" size="102 36 1" brush="MOD/assets/industrial/innerwalls.vox" object="plaster-white"/>
						<voxbox id_="607621312" name="plaster" pos="0.0 0.0 -0.1" size="102 36 1" brush="MOD/assets/industrial/innerwalls.vox" object="plaster-white"/>
					</voxbox>
				</compound>
				<instance id_="1719704064" pos="-3.8 5.8 -2.9" rot="0.0 -180.0 0.0" file="MOD/assets/industrial/door-inner-wood.xml"/>
				<instance id_="1381321088" pos="1.3 5.8 4.6" rot="0.0 -180.0 0.0" file="MOD/assets/industrial/door-inner-wood.xml"/>
			</group>
			<group id_="467562368" name="innerwalls bottom floor" pos="0.0 -0.4 0.0">
				<compound id_="607490240" name="bottom floor 1" pos="-3.1 0.8 0.1">
					<voxbox id_="1930218496" name="framework" pos="-1.9 0.0 -0.1" size="36 42 2" brush="MOD/assets/industrial/innerwalls.vox" object="framework-wood-plain">
						<voxbox id_="1491821440" name="plaster" pos="0.0 0.0 0.2" size="38 42 1" brush="MOD/assets/industrial/innerwalls.vox" object="plaster-cracked-beige_green"/>
						<voxbox id_="1381452160" name="plaster" pos="0.0 0.0 -0.1" size="36 42 1" brush="MOD/assets/industrial/innerwalls.vox" object="plaster-white"/>
					</voxbox>
				</compound>
				<instance id_="1047263680" pos="-3.8 0.8 0.2" rot="0.0 -180.0 0.0" file="MOD/assets/industrial/door-inner-wood.xml"/>
				<compound id_="1182865920" name="bottom floor 2" pos="-1.3 0.8 -4.4">
					<voxbox id_="1737727616" name="framework" pos="-0.1 0.0 4.6" rot="0.0 90.0 0.0" size="93 42 2" brush="MOD/assets/industrial/innerwalls.vox" object="framework-wood-plain">
						<voxbox id_="1161762048" name="plaster" pos="-0.1 0.0 0.2" size="94 42 1" brush="MOD/assets/industrial/innerwalls.vox" object="plaster-cracked-beige_green"/>
						<voxbox id_="457665824" name="plaster" pos="0.3 0.0 -0.1" size="90 42 1" brush="MOD/assets/industrial/innerwalls.vox" object="plaster-white"/>
						<vox id_="1995561984" pos="6.7 0.8 0.2" file="MOD/assets/industrial/components.vox" object="window-industrial-medium"/>
						<vox id_="164898640" pos="2.6 0.8 0.2" file="MOD/assets/industrial/components.vox" object="window-industrial-medium"/>
					</voxbox>
				</compound>
			</group>
			<group id_="808829120" name="exterior">
				<group id_="948494848" name="ventilation" pos="-6.2 4.5 -1.6" prop0="size=0.4" prop1="rotstrength=0.5" prop2="rotspring=0.2">
					<voxbox id_="1100351104" pos="-0.7 -0.2 -1.9" rot="0.0 90.0 0.0" size="13 13 13" brush="MOD/assets/industrial/pipes_and_ventilation.vox" object="ventilation-corner-plain">
						<joint id_="1822798464" pos="0.0 0.65 0.65"/>
						<voxbox id_="951837440" pos="0.3 -0.1 0.1" rot="0.0 -90.0 0.0" size="16 1 1" brush="MOD/assets/industrial/pipes_and_ventilation.vox" object="ribbedpipe-straight-plain" offset="0 1 1"/>
						<voxbox id_="232929152" pos="1.1 -0.1 0.1" rot="0.0 -90.0 0.0" size="16 1 1" brush="MOD/assets/industrial/pipes_and_ventilation.vox" object="ribbedpipe-straight-plain" offset="0 1 1"/>
					</voxbox>
					<voxbox id_="1182472704" pos="-0.6 0.0 1.4" rot="0.0 90.0 0.0" prop="true" size="33 9 11" brush="MOD/assets/industrial/pipes_and_ventilation.vox" object="ventilation-straight-rusty">
						<joint id_="559252800" pos="0.0 0.45 0.55"/>
					</voxbox>
					<voxbox id_="49548240" pos="-0.6 0.0 4.7" rot="0.0 90.0 0.0" prop="true" size="33 9 11" brush="MOD/assets/industrial/pipes_and_ventilation.vox" object="ventilation-straight-rusty">
						<joint id_="1669238272" pos="0.0 0.45 0.55"/>
					</voxbox>
					<voxbox id_="1865727232" pos="-0.6 0.0 8.0" rot="0.0 90.0 0.0" prop="true" size="33 9 11" brush="MOD/assets/industrial/pipes_and_ventilation.vox" object="ventilation-straight-rusty">
						<joint id_="1966724352" pos="0.0 0.45 0.55"/>
					</voxbox>
					<voxbox id_="574916864" pos="-0.6 0.0 11.3" rot="0.0 90.0 0.0" prop="true" size="33 9 11" brush="MOD/assets/industrial/pipes_and_ventilation.vox" object="ventilation-straight-rusty">
						<joint id_="1555067520" pos="0.0 0.45 0.55"/>
					</voxbox>
					<voxbox id_="666935040" pos="-0.7 -0.2 12.6" rot="0.0 90.0 0.0" size="13 13 13" brush="MOD/assets/industrial/pipes_and_ventilation.vox" object="ventilation-corner-plain">
						<joint id_="934207168" pos="0.65 0.65 1.3"/>
						<voxbox id_="846514624" pos="0.85858 -0.1 0.05858" rot="0.0 -45.0 0.0" size="23 1 1" brush="MOD/assets/industrial/pipes_and_ventilation.vox" object="ribbedpipe-straight-plain" offset="0 1 1"/>
						<voxbox id_="1498834304" pos="0.15858 -0.1 0.75858" rot="0.0 -45.0 0.0" size="23 1 1" brush="MOD/assets/industrial/pipes_and_ventilation.vox" object="ribbedpipe-straight-plain" offset="0 1 1"/>
					</voxbox>
					<voxbox id_="1839511168" pos="3.9 0.0 12.5" rot="0.0 180.0 0.0" prop="true" size="33 9 11" brush="MOD/assets/industrial/pipes_and_ventilation.vox" object="ventilation-straight-rusty">
						<joint id_="701081408" pos="0.0 0.45 0.55"/>
					</voxbox>
					<voxbox id_="144253536" pos="7.2 0.0 12.5" rot="0.0 180.0 0.0" prop="true" size="33 9 11" brush="MOD/assets/industrial/pipes_and_ventilation.vox" object="ventilation-straight-rusty">
						<joint id_="529890912" pos="0.0 0.45 0.55"/>
					</voxbox>
					<voxbox id_="225981920" pos="7.2 -0.2 12.6" rot="0.0 90.0 0.0" prop="true" size="13 13 13" brush="MOD/assets/industrial/pipes_and_ventilation.vox" object="ventilation-corner-plain">
						<joint id_="1377388672" pos="0.65 1.3 0.65"/>
						<joint id_="1468096000" pos="1.3 0.7 0.65"/>
						<voxbox id_="672309312" pos="0.1 -0.1 0.2" rot="0.0 0.0 0.0" size="16 1 1" brush="MOD/assets/industrial/pipes_and_ventilation.vox" object="ribbedpipe-straight-plain" offset="0 1 1"/>
						<voxbox id_="468086688" pos="0.1 -0.1 1.0" rot="0.0 0.0 0.0" size="16 1 1" brush="MOD/assets/industrial/pipes_and_ventilation.vox" object="ribbedpipe-straight-plain" offset="0 1 1"/>
					</voxbox>
					<voxbox id_="604868672" pos="8.3 4.4 12.5" rot="0.0 180.0 -90.0" prop="true" size="33 9 11" brush="MOD/assets/industrial/pipes_and_ventilation.vox" object="ventilation-straight-rusty">
						<joint id_="511539712" pos="0.0 0.45 0.55"/>
					</voxbox>
					<voxbox id_="924572800" pos="8.3 5.5 12.5" rot="0.0 180.0 -90.0" prop="true" size="11 9 11" brush="MOD/assets/industrial/pipes_and_ventilation.vox" object="ventilation-straight-rusty">
						<joint id_="101455920" pos="0.0 0.45 0.55"/>
					</voxbox>
					<voxbox id_="1705154176" pos="9.1 6.8 11.2" rot="180.0 180.0 0.0" size="25 13 13" brush="MOD/assets/industrial/pipes_and_ventilation.vox" object="ventilation-intake-plain"/>
				</group>
				<instance id_="891868288" pos="6.5 0.2 8.8" rot="0.0 92.0 0.0" file="MOD/assets/props/trashcan-big.xml"/>
				<instance id_="2131491840" pos="11.4 0.2 5.1" rot="0.0 -98.0 0.0" file="MOD/assets/props/container-red.xml"/>
			</group>
		</group>
		<group id_="1500603904" name="environment" prop0="texture=7 0.5">
			<group id_="319900736" name="trees" pos="-43.9 -1.6 33.3">
				<vox id_="1951846784" pos="-3.4 5.3 7.2" rot="0.0 0.0 0.0" file="MOD/assets/nature/tree-large.vox"/>
				<vox id_="936828736" pos="11.7 0.6 -13.5" rot="0.0 50.0 0.0" file="MOD/assets/nature/tree-large.vox"/>
				<vox id_="1435129344" pos="-10.2 4.1 -5.3" rot="0.0 -90.0 0.0" file="MOD/assets/nature/tree-large.vox"/>
				<vox id_="611094976" pos="-11.3 5.4 56.1" rot="0.0 -160.0 0.0" file="MOD/assets/nature/tree-large.vox"/>
				<vox id_="1042282624" pos="3.7 3.3 7.3" rot="0.0 80.0 0.0" file="MOD/assets/nature/tree-medium.vox"/>
				<vox id_="1746575488" pos="-1.5 4.8 58.6" rot="0.0 110.0 0.0" file="MOD/assets/nature/tree-medium.vox"/>
				<vox id_="2099311744" pos="15.7 1.2 -4.1" rot="0.0 -10.0 0.0" file="MOD/assets/nature/tree-medium.vox"/>
				<vox id_="415720224" pos="-10.9 5.5 46.7" rot="0.0 80.0 0.0" file="MOD/assets/nature/tree-medium.vox"/>
				<vox id_="899274368" pos="-1.4 5.0 18.2" rot="0.0 0.0 0.0" file="MOD/assets/nature/tree-medium.vox"/>
				<vox id_="1827189632" pos="-24.5 1.4 -15.8" rot="0.0 50.0 0.0" file="MOD/assets/nature/tree-medium.vox"/>
				<vox id_="248658752" pos="-5.5 5.0 41.1" rot="0.0 0.0 0.0" file="MOD/assets/nature/tree-medium.vox"/>
				<vox id_="1875296000" pos="-0.1 4.9 1.2" rot="0.0 0.0 0.0" file="MOD/assets/nature/tree-small.vox"/>
				<vox id_="209990160" pos="8.6 0.0 -18.8" rot="0.0 40.0 0.0" file="MOD/assets/nature/tree-small.vox"/>
				<vox id_="2041767680" pos="15.2 1.3 5.3" rot="0.0 -70.0 0.0" file="MOD/assets/nature/tree-small.vox"/>
				<vox id_="2046748672" pos="20.7 0.3 0.2" rot="0.0 -70.0 0.0" file="MOD/assets/nature/tree-small.vox"/>
				<vox id_="1097532800" pos="23.8 0.3 16.8" rot="0.0 -70.0 0.0" file="MOD/assets/nature/tree-small.vox"/>
				<vox id_="1641514880" pos="-3.7 4.5 49.7" rot="0.0 -140.0 0.0" file="MOD/assets/nature/tree-small.vox"/>
				<vox id_="167651328" pos="3.4 3.8 14.2" rot="0.0 -90.0 0.0" file="MOD/assets/nature/tree-small.vox"/>
				<vox id_="845859264" pos="-3.4 4.4 -4.2" rot="0.0 40.0 0.0" file="MOD/assets/nature/tree-small-variant.vox"/>
				<vox id_="1479434368" pos="6.1 4.3 24.0" rot="0.0 40.0 0.0" file="MOD/assets/nature/tree-small-variant.vox"/>
				<vox id_="1464622336" pos="4.0 0.8 -16.5" rot="0.0 -20.0 0.0" file="MOD/assets/nature/tree-small-variant.vox"/>
				<vox id_="1704957568" pos="0.4 4.5 11.6" rot="0.0 0.0 0.0" file="MOD/assets/nature/tree-small-variant.vox"/>
				<vox id_="938663872" pos="14.8 1.2 1.0" rot="0.0 40.0 0.0" file="MOD/assets/nature/tree-small-variant.vox"/>
				<vox id_="1872543360" pos="-4.9 4.9 53.8" rot="0.0 60.0 0.0" file="MOD/assets/nature/tree-small-variant.vox"/>
				<vox id_="2035869056" pos="-14.4 5.1 50.4" rot="0.0 70.0 0.0" file="MOD/assets/nature/tree-small-variant.vox"/>
				<vox id_="1709610880" pos="17.8 0.7 10.7" rot="0.0 40.0 0.0" file="MOD/assets/nature/tree-small-variant.vox"/>
				<vox id_="2018107648" pos="19.3 0.1 5.9" rot="0.0 40.0 0.0" file="MOD/assets/nature/tree-small-variant.vox"/>
				<vox id_="1191713792" pos="20.0 -0.3 -5.7" rot="0.0 40.0 0.0" file="MOD/assets/nature/tree-small-variant.vox"/>
				<vox id_="451111808" pos="-18.0 4.7 60.4" rot="0.0 90.0 0.0" file="MOD/assets/nature/tree-small-variant.vox"/>
			</group>
			<group id_="1775216384" name="bushes" pos="-62.3 0.6 61.2" rot="0.0 0.0 0.0">
				<vox id_="424699200" pos="2.3 1.9 26.7" rot="0.0 -99.0 0.0" file="MOD/assets/nature/bushes.vox" object="large"/>
				<vox id_="1971377664" pos="8.2 2.6 14.3" rot="0.0 45.0 0.0" file="MOD/assets/nature/bushes.vox" object="large"/>
				<vox id_="240138560" pos="14.7 2.6 -15.6" rot="0.0 -70.0 0.0" file="MOD/assets/nature/bushes.vox" object="large"/>
				<vox id_="1553298048" pos="27.4 -1.7 -40.1" rot="0.0 -32.0 0.0" file="MOD/assets/nature/bushes.vox" object="large"/>
				<vox id_="298993472" pos="12.7 2.5 -29.7" rot="0.0 -32.0 0.0" file="MOD/assets/nature/bushes.vox" object="large"/>
				<vox id_="251673600" pos="39.3 -2.5 -15.2" rot="0.0 99.0 0.0" file="MOD/assets/nature/bushes.vox" object="large"/>
				<vox id_="439445696" pos="34.9 -1.8 -20.2" rot="0.0 99.0 0.0" file="MOD/assets/nature/bushes.vox" object="medium"/>
				<vox id_="311708224" pos="35.9 -2.9 -34.5" rot="0.0 99.0 0.0" file="MOD/assets/nature/bushes.vox" object="medium"/>
				<vox id_="493909440" pos="12.6 3.1 -24.1" rot="0.0 136.0 0.0" file="MOD/assets/nature/bushes.vox" object="medium"/>
				<vox id_="1543925760" pos="4.5 2.6 -28.1" rot="0.0 99.0 0.0" file="MOD/assets/nature/bushes.vox" object="medium"/>
				<vox id_="2038294016" pos="19.9 2.5 -6.6" rot="0.0 131.0 0.0" file="MOD/assets/nature/bushes.vox" object="medium"/>
				<vox id_="1700697472" pos="23.1 1.6 -2.0" rot="0.0 11.0 0.0" file="MOD/assets/nature/bushes.vox" object="medium"/>
				<vox id_="424240416" pos="21.1 1.1 -23.1" rot="0.0 102.0 0.0" file="MOD/assets/nature/bushes.vox" object="medium"/>
				<vox id_="833668800" pos="17.6 1.5 27.2" rot="0.0 127.0 0.0" file="MOD/assets/nature/bushes.vox" object="medium"/>
				<vox id_="2068180224" pos="12.4 2.9 17.6" rot="0.0 99.0 0.0" file="MOD/assets/nature/bushes.vox" object="medium"/>
				<vox id_="631150208" pos="5.5 2.1 31.5" rot="0.0 167.0 0.0" file="MOD/assets/nature/bushes.vox" object="medium"/>
				<vox id_="1118112384" pos="14.0 3.0 31.0" rot="0.0 167.0 0.0" file="MOD/assets/nature/bushes.vox" object="small-1"/>
				<vox id_="621646912" pos="16.5 1.8 19.3" rot="0.0 -81.0 0.0" file="MOD/assets/nature/bushes.vox" object="small-1"/>
				<vox id_="336220192" pos="3.3 2.3 19.5" rot="0.0 -141.0 0.0" file="MOD/assets/nature/bushes.vox" object="small-1"/>
				<vox id_="87954680" pos="14.7 1.9 -9.9" rot="0.0 128.0 0.0" file="MOD/assets/nature/bushes.vox" object="small-1"/>
				<vox id_="1466654080" pos="8.2 2.5 -24.8" rot="0.0 167.0 0.0" file="MOD/assets/nature/bushes.vox" object="small-1"/>
				<vox id_="460615104" pos="23.2 1.6 -11.2" rot="0.0 137.0 0.0" file="MOD/assets/nature/bushes.vox" object="small-1"/>
				<vox id_="649370304" pos="19.5 2.0 -26.3" rot="0.0 -73.0 0.0" file="MOD/assets/nature/bushes.vox" object="small-1"/>
				<vox id_="1713412224" pos="24.7 1.6 -5.6" rot="0.0 -73.0 0.0" file="MOD/assets/nature/bushes.vox" object="small-1"/>
				<vox id_="1085473536" pos="40.7 -1.8 -8.1" rot="0.0 114.0 0.0" file="MOD/assets/nature/bushes.vox" object="small-1"/>
				<vox id_="263470800" pos="22.1 0.9 -19.3" rot="0.0 -128.0 0.0" file="MOD/assets/nature/bushes.vox" object="small-1"/>
				<vox id_="1120406272" pos="33.6 -0.7 -17.5" rot="0.0 167.0 0.0" file="MOD/assets/nature/bushes.vox" object="small-1"/>
				<vox id_="758625472" pos="33.7 -1.0 -29.1" rot="0.0 167.0 0.0" file="MOD/assets/nature/bushes.vox" object="small-1"/>
				<vox id_="1720293888" pos="18.0 1.0 22.6" rot="0.0 51.0 0.0" file="MOD/assets/nature/bushes.vox" object="small-1"/>
				<vox id_="1534094720" pos="12.4 2.9 28.1" rot="0.0 167.0 0.0" file="MOD/assets/nature/bushes.vox" object="small-1"/>
				<vox id_="1600028032" pos="18.3 1.8 32.8" rot="0.0 38.0 0.0" file="MOD/assets/nature/bushes.vox" object="small-1"/>
				<vox id_="194522720" pos="2.8 1.9 17.4" rot="0.0 -106.0 0.0" file="MOD/assets/nature/bushes.vox" object="small-1"/>
				<vox id_="73404800" pos="4.3 2.5 17.2" rot="0.0 -106.0 0.0" file="MOD/assets/nature/bushes.vox" object="small-2"/>
				<vox id_="726707520" pos="7.9 3.0 25.4" rot="0.0 -48.0 0.0" file="MOD/assets/nature/bushes.vox" object="small-2"/>
				<vox id_="134815776" pos="10.5 2.2 -20.0" rot="0.0 114.0 0.0" file="MOD/assets/nature/bushes.vox" object="small-2"/>
				<vox id_="2144665472" pos="18.0 2.5 -21.4" rot="0.0 -86.0 0.0" file="MOD/assets/nature/bushes.vox" object="small-2"/>
				<vox id_="2111633280" pos="38.6 -2.4 -24.6" rot="0.0 -126.0 0.0" file="MOD/assets/nature/bushes.vox" object="small-2"/>
				<vox id_="538148928" pos="35.5 -1.1 -24.7" rot="0.0 -88.0 0.0" file="MOD/assets/nature/bushes.vox" object="small-2"/>
				<vox id_="938401728" pos="33.0 -1.5 -33.5" rot="0.0 -141.0 0.0" file="MOD/assets/nature/bushes.vox" object="small-2"/>
				<vox id_="637835264" pos="30.4 -2.5 -44.3" rot="0.0 139.0 0.0" file="MOD/assets/nature/bushes.vox" object="small-2"/>
				<vox id_="267206576" pos="22.7 -1.8 -46.9" rot="0.0 -106.0 0.0" file="MOD/assets/nature/bushes.vox" object="small-2"/>
				<vox id_="701409088" pos="-5.0 -0.9 -45.1" rot="0.0 -114.0 0.0" file="MOD/assets/nature/bushes.vox" object="small-2"/>
				<vox id_="1500341632" pos="6.9 1.1 -34.2" rot="0.0 141.0 0.0" file="MOD/assets/nature/bushes.vox" object="small-2"/>
			</group>
		</group>
		<group id_="671260672" name="dock" pos="-85.4 0.0 42.1" rot="0.0 0.0 0.0" prop0="texture=8 0.5">
			<group id_="1538158208" name="thick beams" pos="-4.6 -1.0 1.6">
				<voxbox id_="454519904" pos="4.6 0.0 -9.3" rot="0.0 -90.0 0.0" size="6 6 92" brush="MOD/assets/industrial/beams.vox" object="wood-dark-6x6"/>
				<voxbox id_="605917312" pos="4.6 0.0 -6.3" rot="0.0 -90.0 0.0" size="6 6 92" brush="MOD/assets/industrial/beams.vox" object="wood-dark-6x6"/>
				<voxbox id_="1063320960" pos="4.6 0.0 -3.3" rot="0.0 -90.0 0.0" size="6 6 92" brush="MOD/assets/industrial/beams.vox" object="wood-dark-6x6"/>
				<voxbox id_="1503291008" pos="4.6 0.0 -0.3" rot="0.0 -90.0 0.0" size="6 6 92" brush="MOD/assets/industrial/beams.vox" object="wood-dark-6x6"/>
				<voxbox id_="1878048640" pos="4.6 0.0 2.7" rot="0.0 -90.0 0.0" size="6 6 92" brush="MOD/assets/industrial/beams.vox" object="wood-dark-6x6"/>
				<voxbox id_="143270432" pos="4.6 0.0 5.7" rot="0.0 -90.0 0.0" size="6 6 92" brush="MOD/assets/industrial/beams.vox" object="wood-dark-6x6"/>
				<voxbox id_="414147264" pos="4.6 0.0 8.7" rot="0.0 -90.0 0.0" size="6 6 92" brush="MOD/assets/industrial/beams.vox" object="wood-dark-6x6"/>
				<voxbox id_="757183616" pos="-3.9 0.1 -9.3" rot="90.0 -90.0 0.0" size="6 6 22" brush="MOD/assets/industrial/beams.vox" object="wood-dark-6x6"/>
				<voxbox id_="1813229696" pos="-3.9 0.1 -6.3" rot="90.0 -90.0 0.0" size="6 6 21" brush="MOD/assets/industrial/beams.vox" object="wood-dark-6x6"/>
				<voxbox id_="1807920896" pos="-3.9 0.1 -3.29999" rot="90.0 -90.0 0.0" size="6 6 19" brush="MOD/assets/industrial/beams.vox" object="wood-dark-6x6"/>
				<voxbox id_="407855424" pos="-3.9 0.1 -0.29999" rot="90.0 -90.0 0.0" size="6 6 18" brush="MOD/assets/industrial/beams.vox" object="wood-dark-6x6"/>
				<voxbox id_="1414943104" pos="-3.9 0.1 2.70001" rot="90.0 -90.0 0.0" size="6 6 19" brush="MOD/assets/industrial/beams.vox" object="wood-dark-6x6"/>
				<voxbox id_="2017911040" pos="-3.9 0.1 5.70002" rot="90.0 -90.0 0.0" size="6 6 21" brush="MOD/assets/industrial/beams.vox" object="wood-dark-6x6"/>
				<voxbox id_="702654336" pos="-3.9 0.1 8.70002" rot="90.0 -90.0 0.0" size="6 6 21" brush="MOD/assets/industrial/beams.vox" object="wood-dark-6x6"/>
			</group>
			<group id_="121511160" name="planks" pos="-4.6 -1.0 1.6">
				<voxbox id_="441215296" pos="3.7 0.6 -9.8" rot="0.0 0.0 0.0" size="6 2 111" brush="MOD/assets/industrial/beams.vox" object="wood-dark-6x6" offset="0 2"/>
				<voxbox id_="120396976" pos="3.0 0.6 -9.8" rot="0.0 0.0 0.0" size="6 2 84" brush="MOD/assets/industrial/beams.vox" object="wood-dark-6x6" offset="0 2 12"/>
				<voxbox id_="336089120" pos="3.7 0.6 1.4" rot="0.0 0.0 0.0" size="6 2 84" brush="MOD/assets/industrial/beams.vox" object="wood-dark-6x6" offset="0 2 32"/>
				<voxbox id_="2113402880" pos="4.4 0.6 -1.3" rot="0.0 0.0 0.0" size="6 2 111" brush="MOD/assets/industrial/beams.vox" object="wood-dark-6x6" offset="0 2 -77"/>
				<voxbox id_="1448565120" pos="3.0 0.6 -1.3" rot="0.0 0.0 0.0" size="6 2 111" brush="MOD/assets/industrial/beams.vox" object="wood-dark-6x6" offset="0 2 -40"/>
				<voxbox id_="104011984" pos="1.6 0.6 -1.3" rot="0.0 0.0 0.0" size="6 2 111" brush="MOD/assets/industrial/beams.vox" object="wood-dark-6x6" offset="0 2 80"/>
				<voxbox id_="1734122880" pos="2.3 0.6 -9.8" rot="0.0 0.0 0.0" size="6 2 111" brush="MOD/assets/industrial/beams.vox" object="wood-dark-6x6" offset="0 2 19"/>
				<voxbox id_="732671680" pos="-1.2 0.6 -1.3" rot="0.0 0.0 0.0" size="6 2 111" brush="MOD/assets/industrial/beams.vox" object="wood-dark-6x6" offset="0 2 -75"/>
				<voxbox id_="1948307584" pos="-0.5 0.6 -9.8" rot="0.0 0.0 0.0" size="6 2 111" brush="MOD/assets/industrial/beams.vox" object="wood-dark-6x6" offset="0 2 -64"/>
				<voxbox id_="1801497984" pos="0.2 0.6 -1.3" rot="0.0 0.0 0.0" size="6 2 111" brush="MOD/assets/industrial/beams.vox" object="wood-dark-6x6" offset="0 2 -60"/>
				<voxbox id_="1104545664" pos="0.9 0.6 -9.8" rot="0.0 0.0 0.0" size="6 2 111" brush="MOD/assets/industrial/beams.vox" object="wood-dark-6x6" offset="0 2 -32"/>
				<voxbox id_="2135162112" pos="-4.0 0.6 -1.3" rot="0.0 0.0 0.0" size="6 2 111" brush="MOD/assets/industrial/beams.vox" object="wood-dark-6x6" offset="0 2 -80"/>
				<voxbox id_="2117007488" pos="-3.3 0.6 -9.8" rot="0.0 0.0 0.0" size="6 2 111" brush="MOD/assets/industrial/beams.vox" object="wood-dark-6x6" offset="0 2 50"/>
				<voxbox id_="1202134656" pos="-2.6 0.6 -1.3" rot="0.0 0.0 0.0" size="6 2 111" brush="MOD/assets/industrial/beams.vox" object="wood-dark-6x6" offset="0 2 -48"/>
				<voxbox id_="2049632384" pos="-1.9 0.6 -9.8" rot="0.0 0.0 0.0" size="6 2 111" brush="MOD/assets/industrial/beams.vox" object="wood-dark-6x6" offset="0 2 -12"/>
				<voxbox id_="2091971200" pos="-4.7 0.6 -9.8" rot="0.0 0.0 0.0" size="6 2 111" brush="MOD/assets/industrial/beams.vox" object="wood-dark-6x6" offset="0 24"/>
				<voxbox id_="710256960" pos="2.3 0.6 1.4" rot="0.0 0.0 0.0" size="6 2 84" brush="MOD/assets/industrial/beams.vox" object="wood-dark-6x6" offset="0 2"/>
				<voxbox id_="785693504" pos="1.6 0.6 -9.8" rot="0.0 0.0 0.0" size="6 2 84" brush="MOD/assets/industrial/beams.vox" object="wood-dark-6x6" offset="0 2 45"/>
				<voxbox id_="436889632" pos="0.9 0.6 1.4" rot="0.0 0.0 0.0" size="6 2 84" brush="MOD/assets/industrial/beams.vox" object="wood-dark-6x6" offset="0 2 -21"/>
				<voxbox id_="602443648" pos="0.2 0.6 -9.8" rot="0.0 0.0 0.0" size="6 2 84" brush="MOD/assets/industrial/beams.vox" object="wood-dark-6x6" offset="0 2 16"/>
				<voxbox id_="1692046208" pos="4.4 0.6 -9.8" rot="0.0 0.0 0.0" size="6 2 84" brush="MOD/assets/industrial/beams.vox" object="wood-dark-6x6" offset="0 2 16"/>
				<voxbox id_="970516352" pos="-0.5 0.6 1.4" rot="0.0 0.0 0.0" size="6 2 84" brush="MOD/assets/industrial/beams.vox" object="wood-dark-6x6" offset="0 2 32"/>
				<voxbox id_="2050550016" pos="-1.2 0.6 -9.8" rot="0.0 0.0 0.0" size="6 2 84" brush="MOD/assets/industrial/beams.vox" object="wood-dark-6x6" offset="0 2 8"/>
				<voxbox id_="142221792" pos="-1.9 0.6 1.4" rot="0.0 0.0 0.0" size="6 2 84" brush="MOD/assets/industrial/beams.vox" object="wood-dark-6x6" offset="0 2 75"/>
				<voxbox id_="1737399808" pos="-2.6 0.6 -9.8" rot="0.0 0.0 0.0" size="6 2 84" brush="MOD/assets/industrial/beams.vox" object="wood-dark-6x6" offset="0 2 100"/>
				<voxbox id_="876073152" pos="-3.3 0.6 1.4" rot="0.0 0.0 0.0" size="6 2 84" brush="MOD/assets/industrial/beams.vox" object="wood-dark-6x6" offset="0 2 34"/>
				<voxbox id_="662806016" pos="-4.0 0.6 -9.8" rot="0.0 0.0 0.0" size="6 2 84" brush="MOD/assets/industrial/beams.vox" object="wood-dark-6x6" offset="0 2 -50"/>
				<voxbox id_="1232283136" pos="-4.7 0.6 1.4" rot="0.0 0.0 0.0" size="6 2 84" brush="MOD/assets/industrial/beams.vox" object="wood-dark-6x6" offset="0 2 125"/>
			</group>
			<group id_="1688965760" name="crates" pos="-7.0 -0.2 -6.6" rot="0.0 0.0 0.0" prop0="texture=9 0.5">
				<vox id_="391404864" pos="-0.14503 0.00028 0.01189" rot="0.0 6.5 0.0" prop="true" file="MOD/assets/props/crates.vox" object="medium"/>
				<vox id_="1180703104" pos="1.71338 0.00097 -0.29118" rot="-0.1 14.9 0.0" prop="true" file="MOD/assets/props/crates.vox" object="large"/>
				<vox id_="1698600192" pos="1.12611 0.89996 2.11445" rot="90.0 90.5 0.0" prop="true" file="MOD/assets/props/crates.vox" object="large"/>
				<vox id_="2037114240" pos="-0.32075 0.00019 1.26818" rot="0.0 3.9 0.0" prop="true" file="MOD/assets/props/crates.vox" object="medium"/>
				<vox id_="1687655040" pos="-0.13738 1.00019 0.58458" rot="0.0 0.4 0.0" prop="true" file="MOD/assets/props/crates.vox" object="medium"/>
				<vox id_="889246720" pos="0.24367 1.00135 1.8534" rot="-0.1 -0.8 -0.5" prop="true" file="MOD/assets/props/crates.vox" object="medium"/>
				<vox id_="903403392" pos="-0.14661 2.50383 1.35073" rot="0.0 7.6 -90.0" prop="true" file="MOD/assets/props/crates.vox" object="small"/>
				<vox id_="471888000" pos="1.84309 1.73069 2.26076" rot="0.0 -0.7 3.9" prop="true" file="MOD/assets/props/crates.vox" object="small"/>
				<vox id_="681747072" pos="-0.12411 0.00005 2.56481" rot="0.0 0.1 0.0" prop="true" file="MOD/assets/props/crates.vox" object="medium"/>
			</group>
			<group id_="77992600" name="barrels" pos="-7.9 -0.2 10.2" rot="0.0 0.0 0.0" prop0="texture=9 0.5">
				<vox id_="1293235328" pos="-0.15 0.0 0.01" rot="0.0 6.5 0.0" prop="true" file="MOD/assets/props/barrels.vox" object="barrel_blue"/>
				<vox id_="1320106624" pos="1.15 0.0 0.01" rot="0.0 86.5 0.0" prop="true" file="MOD/assets/props/barrels.vox" object="barrel_green"/>
				<vox id_="874238080" pos="0.45 0.0 -1.09" rot="0.0 46.5 0.0" prop="true" file="MOD/assets/props/barrels.vox" object="barrel_brown"/>
				<vox id_="1196825984" pos="0.45 1.3 -0.39" rot="0.0 -43.5 0.0" prop="true" file="MOD/assets/props/barrels.vox" object="barrel_yellow"/>
			</group>
			<vox id_="1247750528" pos="-6.1 -0.2 -2.0" rot="0.0 30.0 0.0" prop="true" file="MOD/assets/props/pallettruck.vox"/>
			<vox id_="1511286912" pos="6.9 1.2 1.0" rot="0.0 -24.0 0.0" prop="true" file="MOD/assets/props/plasticcan.vox"/>
			<vox id_="1675792256" tags="explosive=3" pos="7.3 1.2 -2.4" rot="0.0 -180.0 0.0" prop="true" file="MOD/assets/props/propane_huge.vox"/>
		</group>
		<group id_="429942400" name="heightmap">
			<voxscript id_="980543936" pos="0.0 -3.8 0.0" rot="0.0 -90.0 0.0" texture="1" file="MOD/ground.lua">
				<parameters file="MOD/heightmap.png" scale="255"/>
			</voxscript>
		</group>
		<compound id_="1858976512" name="fundament" pos="-71.5 1.1 42.4" rot="0.0 0.0 0.0">
			<voxbox id_="1283338752" name="concrete fundament" pos="-5.4 0.0 -9.5" rot="0.0 0.0 0.0" size="109 4 190" brush="MOD/assets/industrial/innerfloors.vox" object="concrete">
				<voxbox id_="1549562240" name="concrete fundament" pos="0.1 0.3 0.1" rot="0.0 0.0 0.0" size="107 1 188" brush="MOD/assets/industrial/innerfloors.vox" object="epoxy-wet-gray"/>
			</voxbox>
		</compound>
	</group>
	<water id_="1442273280" pos="0.0 1.6 57.2" rot="0.0 0.0 0.0"/>
	<environment id_="623416448" template="sunset" pos="0.0 5.0 57.2" skyboxrot="135"/>
	<spawnpoint id_="1122438016" pos="32.15 5.15 -0.1" rot="0.0 -90.0 0.0"/>
	<layers/>
</scene>

