<prefab version="0.9.2">
	<group id_="1453349504" open_="true" name="instance=MOD/prop/industrial/trashcan.xml" pos="-3.09998 0.0 0.50002" rot="0.0 -90.0 0.0">
		<body id_="1351565824" pos="-0.00833 1.2 0.00909" rot="0.0 90.0 0.0">
			<vox id_="1638368896" open_="true" pos="0.031 0.1 0.1" texture="7 .7" prop="true" file="MOD/prop/industrial/bigtrashcan.vox" object="top">
				<joint id_="1452038656" pos="0.1 0.1 0.4" rot="0.0 90.0 0.0" type="hinge" rotstrength="0" rotspring="0" limits="-120 0"/>
			</vox>
		</body>
		<body id_="1404587776" pos="-0.10795 0.1 0.0178" rot="0.0 90.0 0.0">
			<vox id_="1166284288" pos="0.04 0.0 0.2" texture="7 .7" prop="true" file="MOD/prop/industrial/bigtrashcan.vox" object="bottom"/>
		</body>
	</group>
</prefab>

