<scene id_="560039296" open_="true" version="0.9.0" shadowVolume="200 50 200">
	<script id_="808304832" file="main.lua"/>
	<group id_="1555067648" name="Scene" pos="0.0 -0.2 2.1">
		<environment id_="1711577088" template="night" pos="0.0 0.2 -2.1" ambience=" "/>
		<spawnpoint id_="380590784" pos="0.6 2.3 4.0" rot="0 180 0"/>
		<voxbox id_="1546088576" pos="-13.85 -0.1 -17.95" rot="0.0 0.0 0.0" size="300 4 300"/>
		<group id_="318131168" name="Cage" pos="5.75 0.3 -9.4">
			<voxbox id_="1155273600" pos="-5.0 0.0 -5.6" rot="0.0 0.0 0.0" size="100 6 1"/>
			<voxbox id_="83825664" pos="-5.0 0.0 -5.6" rot="0.0 0.0 0.0" size="1 6 100"/>
			<voxbox id_="1599110400" pos="5.0 0.0 -5.6" rot="0.0 0.0 0.0" size="1 6 113"/>
			<voxbox id_="9372220" pos="-4.1 0.0 5.6" rot="0.0 0.0 0.0" size="91 6 1"/>
		</group>
		<group id_="6488460" name="Props" pos="5.25 0.2 -7.0" rot="0.0 0.0 0.0">
			<vox id_="1522166528" pos="4.45 0.1 1.7" rot="0.0 110.0 0.0" prop="true" file="MOD/vox/bigtrashcan.vox"/>
			<vox id_="2029970432" pos="7.85 0.1 5.45" rot="0.0 180.0 0.0" prop="true" file="MOD/vox/liquidcontainer.vox"/>
			<vox id_="1755030144" pos="5.45 0.1 5.45" rot="0.0 150.0 0.0" density="2" prop="true" file="MOD/vox/barrel.vox" object="yellow"/>
			<vox id_="1250961920" pos="6.1 0.1 7.35" rot="0.0 110.0 0.0" density="2" prop="true" file="MOD/vox/barrel.vox" object="yellow"/>
			<vox id_="1406619520" pos="4.6 0.1 7.45" rot="0.0 50.0 0.0" density="2" prop="true" file="MOD/vox/barrel.vox" object="yellow"/>
			<vox id_="615420608" pos="6.95 0.1 3.45" rot="0.0 90.0 0.0" prop="true" file="MOD/vox/liquidcontainer.vox"/>
		</group>
		<vox id_="145171104" pos="-4.95 0.3 -8.35" rot="0.0 0.0 0.0" file="MOD/vox/lamppost1.vox">
			<light id_="1113721216" pos="-0.05 3.75 -0.15" rot="0.0 0.0 0.0" color="1 .7 .5" scale="3" size="0.3"/>
		</vox>
		<vox id_="41748980" pos="9.3 0.3 -2.25" rot="0.0 0.0 0.0" file="MOD/vox/lamppost1.vox">
			<light id_="694134144" pos="-0.05 3.75 -0.15" rot="0.0 0.0 0.0" color="1 .7 .5" scale="3" size="0.3"/>
		</vox>
	</group>
	<script id_="885838656" pos="-2.3 0.1 -8.1" rot="0.0 0.0 0.0" file="MOD/script/constraints.lua">
		<voxbox id_="1217667712" pos="-1.8 0.0 -0.1" rot="0.0 0.0 0.0" prop="true" size="2 20 2">
			<joint id_="1506764544" pos="0.1 0.0 0.1" rot="-90.0 0.0 0.0" type="hinge" rotstrength="0" rotspring="0"/>
		</voxbox>
		<voxbox id_="256458016" pos="-1.6 1.8 -0.1" rot="0.0 0.0 20.0" prop="true" size="18 2 2">
			<joint id_="599035584" pos="0.0 0.1 0.1" type="hinge" rotstrength="0" rotspring="0" limits="-30 30"/>
		</voxbox>
		<voxbox id_="401432512" pos="-0.05 2.4 -0.1" rot="0.0 0.0 -20.0" prop="true" size="15 2 2">
			<joint id_="403071008" pos="0.0 0.1 0.1" type="hinge" rotstrength="0" rotspring="0" limits="-90 10"/>
		</voxbox>
		<body id_="1162745088" tags="head" pos="1.45 1.8 0.0" dynamic="true">
			<voxbox id_="1743822720" pos="-0.2 -0.3 -0.3" rot="0.0 0.0 0.0" size="6 6 6">
				<joint id_="655793216" pos="0.1 0.5 0.3" rotstrength="0.01" rotspring="0"/>
			</voxbox>
			<voxbox id_="1093665920" pos="0.4 0.0 -0.2" rot="0.0 0.0 0.0" size="1 2 4" material="glass" color="1 .8 .6" pbr="0 0 0 3">
				<light id_="1177163904" pos="0.1 0.1 0.2" rot="0.0 90.0 0.0" type="area" color="1 .8 .6" scale="2" size=".4 .2"/>
			</voxbox>
		</body>
		<location id_="1872281216" tags="marker" pos="0.65 1.5 0.0"/>
	</script>
	<script id_="1940639360" pos="5.4 0.1 -8.8" rot="0.0 0.0 0.0" file="MOD/script/walker.lua">
		<body id_="705407040" name="Main" tags="main" pos="0.2 0.65 0.1" dynamic="true">
			<voxbox id_="873386048" pos="-0.5 0.0 -1.0" rot="0.0 0.0 0.0" size="6 2 18"/>
		</body>
		<body id_="1875033856" name="Head" tags="head" pos="0.0 1.05 1.0" dynamic="true">
			<voxbox id_="1273245568" pos="-0.2 0.0 -0.2" rot="0.0 0.0 0.0" size="4 2 4">
				<voxbox id_="1954337280" pos="0.4 0.0 0.4" rot="0.0 -90.0 0.0" size="1 2 4" material="glass" color="1 .8 .6" pbr="0 0 0 3">
					<light id_="1134956160" pos="0.1 0.1 0.2" rot="0.0 90.0 0.0" type="area" color="1 .8 .6" scale="2" size=".4 .2"/>
				</voxbox>
			</voxbox>
			<voxbox id_="998370816" pos="-0.1 -0.2 -0.2" rot="0.0 0.0 0.0" size="2 2 1">
				<joint id_="592678208" pos="0.1 0.0 0.05" rot="-90.0 -90.0 0.0" type="hinge" rotspring="0" limits="-60 60"/>
			</voxbox>
		</body>
		<body id_="1063124352" name="Back right" tags="foot offset=0" pos="-0.4 0.0 -0.7" dynamic="true">
			<voxbox id_="1806347904" pos="-0.1 0.0 -0.2" size="2 2 4">
				<joint id_="884527872" pos="0.1 0.138 0.068" rot="0.0 90.0 -40.0" type="hinge" rotspring="0"/>
				<voxbox id_="1109854336" pos="0.0 0.1 0.1" rot="-50.0 0.0 0.0" prop="true" size="2 1 5">
					<joint id_="683451136" pos="0.1 0.05 0.45" rot="0.0 90.0 0.0" type="hinge" rotspring="0" limits="-45 45"/>
				</voxbox>
				<voxbox id_="776583488" pos="0.0 0.5 0.4" rot="-140.0 0.0 0.0" prop="true" size="2 1 4">
					<joint id_="2146041728" pos="0.2 0.05 0.4" rot="0.0 90.0 0.0" type="hinge" rotspring="0"/>
				</voxbox>
			</voxbox>
		</body>
		<body id_="2041177728" name="Front right" tags="foot offset=270" pos="-0.4 0.0 0.9" dynamic="true">
			<voxbox id_="1078198528" pos="-0.1 0.0 -0.2" size="2 2 4">
				<joint id_="298731328" pos="0.1 0.138 0.068" rot="0.0 90.0 -40.0" type="hinge" rotspring="0"/>
				<voxbox id_="709273856" pos="0.0 0.1 0.1" rot="-50.0 0.0 0.0" prop="true" size="2 1 5">
					<joint id_="34015260" pos="0.1 0.05 0.45" rot="0.0 90.0 0.0" type="hinge" rotspring="0" limits="-45 45"/>
				</voxbox>
				<voxbox id_="2113533952" pos="0.0 0.5 0.4" rot="-140.0 0.0 0.0" prop="true" size="2 1 4">
					<joint id_="209531376" pos="0.2 0.05 0.4" rot="0.0 90.0 0.0" type="hinge" rotspring="0"/>
				</voxbox>
			</voxbox>
		</body>
		<body id_="1980946560" name="Back left" tags="foot offset=180" pos="0.4 0.0 -0.7" dynamic="true">
			<voxbox id_="1700435328" pos="-0.1 0.0 -0.2" size="2 2 4">
				<joint id_="287786144" pos="0.1 0.138 0.068" rot="0.0 90.0 -40.0" type="hinge" rotspring="0"/>
				<voxbox id_="1740676864" pos="0.0 0.1 0.1" rot="-50.0 0.0 0.0" prop="true" size="2 1 5">
					<joint id_="1092879488" pos="0.1 0.05 0.45" rot="0.0 90.0 0.0" type="hinge" rotspring="0" limits="-45 45"/>
				</voxbox>
				<voxbox id_="467693440" pos="0.0 0.5 0.4" rot="-140.0 0.0 0.0" prop="true" size="2 1 4">
					<joint id_="463171168" pos="0.0 0.05 0.4" rot="0.0 90.0 0.0" type="hinge" rotspring="0"/>
				</voxbox>
			</voxbox>
		</body>
		<body id_="1585478144" name="Front left" tags="foot offset=90" pos="0.4 0.0 0.9" dynamic="true">
			<voxbox id_="969336576" pos="-0.1 0.0 -0.2" size="2 2 4">
				<joint id_="1032713792" pos="0.1 0.138 0.068" rot="0.0 90.0 -40.0" type="hinge" rotspring="0"/>
				<voxbox id_="756331584" pos="0.0 0.1 0.1" rot="-50.0 0.0 0.0" prop="true" size="2 1 5">
					<joint id_="2060839808" pos="0.1 0.05 0.45" rot="0.0 90.0 0.0" type="hinge" rotspring="0" limits="-45 45"/>
				</voxbox>
				<voxbox id_="1439258368" pos="0.0 0.5 0.4" rot="-140.0 0.0 0.0" prop="true" size="2 1 4">
					<joint id_="1824895744" pos="0.0 0.05 0.4" rot="0.0 90.0 0.0" type="hinge" rotspring="0"/>
				</voxbox>
			</voxbox>
		</body>
	</script>
	<layers/>
</scene>

