<scene id_="560039296" open_="true" version="0.8.0" shadowVolume="200 50 200">
	<group id_="1634960896" name="Base scripts" pos="0.0 -0.2 0.0">
		<script id_="413819552" pos="0.0 0.2 0.0" file="main.lua"/>
		<script id_="1874575104" pos="0.0 0.2 0.0" file="sandbox.lua" param0="weather=false"/>
	</group>
	<group id_="1378240640" name="Scene" pos="0.0 -0.2 0.0">
		<environment id_="1711577088" name="Sunset environment" template="sunset"/>
		<spawnpoint id_="380590784" name="Player spawn point" pos="-0.5 0.4 3.0" rot="0.0 -180.0 0.0"/>
		<voxbox id_="1546088576" name="Ground" pos="-25.0 0.2 -25.0" size="500 1 500"/>
		<group id_="1862122496" name="Trees" pos="1.0 -0.1 -14.7">
			<vox id_="1896727552" pos="-21.4 0.1 -3.5" file="MOD/vox/tree-medium.vox"/>
			<vox id_="717138688" pos="-13.4 0.1 0.9" rot="0.0 70.0 0.0" file="MOD/vox/tree-medium.vox"/>
			<vox id_="1157633024" pos="14.7 0.1 3.6" rot="0.0 0.0 0.0" file="MOD/vox/tree-medium.vox"/>
			<vox id_="2111829888" pos="20.5 0.1 -1.7" rot="0.0 -50.0 0.0" file="MOD/vox/tree-medium.vox"/>
			<vox id_="1824436992" pos="12.0 0.1 -3.5" file="MOD/vox/tree-medium.vox"/>
			<vox id_="1472159488" pos="-2.1 0.1 -3.0" file="MOD/vox/tree-medium.vox"/>
		</group>
		<group id_="2090070656" name="Props" pos="-0.9 0.2 -5.2">
			<vox id_="2052778368" pos="0.7 0.6 0.1" rot="0.0 0.0 0.0" prop="true" file="MOD/vox/livingroom_cosy.vox" object="vase_3"/>
			<vox id_="874958976" pos="0.2 2.3 -3.8" rot="0.0 -90.0 0.0" prop="true" file="MOD/vox/livingroom_cosy.vox" object="painting_1"/>
			<vox id_="1235166848" pos="-2.2 0.7 1.5" rot="0.0 -30.0 0.0" prop="true" file="MOD/vox/livingroom_cosy.vox" object="vase_1"/>
			<vox id_="100472816" pos="-0.9 2.3 -3.9" rot="0.0 0.0 0.0" prop="true" file="MOD/vox/livingroom_cosy.vox" object="vase_2"/>
			<vox id_="249379696" pos="0.2 0.1 -3.7" rot="0.0 90.0 0.0" prop="true" file="MOD/vox/livingroom_cosy.vox" object="fireplace"/>
			<vox id_="288441536" pos="1.7 0.1 -1.5" rot="0.0 0.0 0.0" prop="true" file="MOD/vox/livingroom_cosy.vox" object="small_table"/>
			<vox id_="2120939904" pos="-2.0 0.1 1.6" prop="true" file="MOD/vox/livingroom_cosy.vox" object="seat_cushion"/>
			<vox id_="771471360" pos="0.3 0.1 0.6" rot="0.0 -90.0 0.0" prop="true" file="MOD/vox/livingroom_cosy.vox" object="table"/>
			<vox id_="990309376" pos="-1.8 0.1 -0.4" rot="0.0 160.0 0.0" prop="true" file="MOD/vox/livingroom_cosy.vox" object="armchair"/>
			<vox id_="919329600" pos="-2.1 0.1 3.6" rot="0.0 -130.0 0.0" prop="true" file="MOD/vox/livingroom_cosy.vox" object="armchair"/>
			<vox id_="785759040" pos="2.5 0.1 1.5" prop="true" file="MOD/vox/livingroom_cosy.vox" object="couch"/>
		</group>
	</group>
	<script id_="468676544" name="Flyover script" pos="0.0 -0.2 0.0" rot="0.0 0.0 0.0" file="MOD/script/flyover.lua">
		<location id_="1000009344" tags="start" pos="-16.3 4.3 3.2" rot="0.0 -40.0 0.0"/>
		<location id_="648518272" tags="end" pos="17.9 6.2 8.3" rot="-10.0 40.0 0.0"/>
	</script>
	<layers/>
</scene>

