<scene id_="560039296" open_="true" version="0.8.0" shadowVolume="200 50 200">
	<group id_="1634960896" name="Base scripts" pos="0.0 -0.2 0.0">
		<script id_="413819552" pos="0.0 0.2 0.0" file="main.lua"/>
		<script id_="1874575104" pos="0.0 0.2 0.0" file="sandbox.lua" param0="weather=false"/>
	</group>
	<group id_="1378240640" name="Scene" pos="0.0 -0.2 0.0">
		<environment id_="1711577088" name="Night time environment" template="night" pos="0.0 0.2 0.0"/>
		<spawnpoint id_="380590784" name="Player spawn point" pos="0.3 4.4 14.5" rot="0.0 180.0 0.0"/>
		<group id_="559318336" name="Ground" pos="0.0 4.3 0.0">
			<voxbox id_="1546088576" pos="-25.0 -0.5 -25.0" rot="0.0 0.0 0.0" size="199 5 500"/>
			<voxbox id_="424043808" pos="4.8 -0.5 -25.0" rot="0.0 0.0 0.0" size="241 5 500"/>
			<voxbox id_="1966855424" pos="-5.1 -0.5 -25.0" size="99 5 200"/>
			<voxbox id_="1709283200" pos="-0.4 -0.6 -5.0" rot="0.0 0.0 0.0" size="6 1 71"/>
			<voxbox id_="1314077056" pos="-5.1 -0.2 -5.0" size="99 3 71" brush="MOD/vox/metal_grid_square.vox"/>
			<voxbox id_="472281248" pos="-5.1 -0.5 2.1" rot="0.0 0.0 0.0" size="99 5 229"/>
			<light id_="1412780288" pos="0.0 -4.0 -1.4" rot="-90.0 0.0 0.0" scale="20" size="1" fogscale="2" fogiter="2"/>
		</group>
		<group id_="1197022592" name="Walls">
			<voxbox id_="401563584" pos="-5.3 4.3 -5.1" rot="0.0 0.0 0.0" size="103 130 2"/>
			<voxbox id_="490173664" pos="-5.3 4.3 2.3" rot="0.0 90.0 0.0" size="72 130 2"/>
			<voxbox id_="2073423488" pos="4.8 4.3 2.3" rot="0.0 90.0 0.0" size="72 130 2"/>
			<voxbox id_="1930284032" pos="-5.4 17.3 -5.1" rot="0.0 0.0 0.0" size="105 2 75"/>
		</group>
		<group id_="435513312" name="Crates" pos="-2.2 4.3 13.0" rot="0.0 0.0 0.0">
			<vox id_="1976620800" pos="4.5 0.1 -13.8" rot="0.0 50.0 0.0" prop="true" file="MOD/vox/crate.vox" object="large"/>
			<vox id_="226571776" pos="0.0 0.1 -15.5" rot="0.0 -160.0 0.0" prop="true" file="MOD/vox/crate.vox" object="large"/>
			<vox id_="1976424192" pos="2.2 1.1 -15.5" prop="true" file="MOD/vox/crate.vox" object="large"/>
			<vox id_="659725632" pos="4.5 1.5 -13.4" rot="0.0 30.0 0.0" prop="true" file="MOD/vox/crate.vox" object="medium"/>
			<vox id_="1903609344" pos="4.5 2.5 -13.4" rot="0.0 60.0 0.0" prop="true" file="MOD/vox/crate.vox" object="medium"/>
			<vox id_="320097344" pos="4.5 3.5 -13.4" rot="0.0 80.0 0.0" prop="true" file="MOD/vox/crate.vox" object="medium"/>
			<vox id_="2105144832" pos="1.2 2.1 -13.4" rot="0.0 80.0 0.0" prop="true" file="MOD/vox/crate.vox" object="medium"/>
			<vox id_="530284128" pos="1.4 3.1 -13.4" rot="0.0 120.0 0.0" prop="true" file="MOD/vox/crate.vox" object="small"/>
			<vox id_="1646823552" pos="2.8 0.1 -15.6" rot="0.0 160.0 0.0" prop="true" file="MOD/vox/crate.vox" object="small"/>
			<vox id_="770029440" pos="1.7 0.1 -16.3" rot="0.0 130.0 0.0" prop="true" file="MOD/vox/crate.vox" object="small"/>
			<vox id_="2013454336" pos="1.2 0.1 -13.4" rot="0.0 30.0 0.0" prop="true" file="MOD/vox/crate.vox" object="medium"/>
			<vox id_="1104545664" pos="1.2 1.1 -13.4" rot="0.0 60.0 0.0" prop="true" file="MOD/vox/crate.vox" object="medium"/>
		</group>
	</group>
	<script id_="1034614464" pos="-1.0 0.1 -12.2" rot="0.0 0.0 0.0" file="MOD/script/forcefield.lua">
		<body id_="553550848" name="Fan" tags="fan" pos="0.9 3.7 10.7" rot="0.0 0.0 0.0" dynamic="true">
			<voxbox id_="210776640" pos="-2.5 -0.1 -0.3" size="50 1 8" color="0 0 0"/>
			<voxbox id_="1644005376" pos="0.4 -0.1 -2.4" rot="0.0 -90.0 0.0" size="50 1 8" color="0 0 0"/>
			<joint id_="646093312" pos="0.0 -0.2 0.1" rot="-90.0 0.0 0.0" type="hinge" size="0.3" rotstrength="0" rotspring="0"/>
		</body>
	</script>
	<layers/>
</scene>

