<scene id_="560039296" open_="true" version="0.8.0" shadowVolume="200 50 200">
	<group id_="1634960896" name="Base scripts" pos="0.0 -0.2 0.0">
		<script id_="413819552" pos="0.0 0.2 0.0" file="main.lua"/>
		<script id_="1874575104" pos="0.0 0.2 0.0" file="sandbox.lua" param0="weather=false"/>
	</group>
	<group id_="1378240640" name="Scene" pos="0.0 -0.2 0.0">
		<environment id_="1711577088" name="Night time environment" template="night" pos="0.0 0.2 0.0" ambience=" "/>
		<spawnpoint id_="380590784" name="Player spawn point" pos="1.4 0.4 2.7" rot="0.0 -180.0 0.0"/>
		<voxbox id_="1546088576" name="Ground" pos="-25.0 0.2 -25.0" size="500 1 500"/>
		<group id_="1283994112" name="Left" pos="-4.6 0.3 -7.7">
			<voxbox id_="179055280" pos="-2.0 0.0 -1.0" rot="0.0 0.0 0.0" size="40 20 20"/>
			<voxbox id_="1109985408" pos="2.0 0.6 -0.2" rot="0.0 0.0 0.0" size="1 5 5"/>
			<voxbox id_="1712887936" pos="2.0 0.8 0.0" rot="0.0 0.0 0.0" size="1 1 1" color="1 .5 .5" pbr="0 0 0 5"/>
		</group>
		<group id_="473133248" name="Right" pos="5.5 0.3 -7.7">
			<voxbox id_="2015420544" pos="-2.0 0.0 -1.0" rot="0.0 0.0 0.0" size="40 20 20"/>
		</group>
		<group id_="1211048064" name="Light" pos="0.5 0.3 -12.3">
			<voxbox id_="911858048" pos="-1.9 0.0 -0.1" rot="0.0 0.0 0.0" size="40 28 1" material="plastic"/>
			<voxbox id_="745845184" pos="-1.4 0.7 0.0" rot="0.0 0.0 0.0" size="30 20 1" material="glass" color="1 .7 .2" pbr="0 0 0 4">
				<light id_="1873657472" pos="1.5 1.0 0.1" type="area" color="1 .7 .2" scale="5" size="3 2"/>
			</voxbox>
		</group>
		<group id_="898356800" name="Barrels" pos="6.0 0.2 -4.2">
			<vox id_="1854781952" pos="-0.926 0.1 -1.223" rot="0.0 -132.0 0.0" prop="true" file="MOD/vox/barrel.vox" object="yellow"/>
			<vox id_="822199296" pos="-0.59323 0.10006 0.04718" rot="0.0 16.5 0.0" prop="true" file="MOD/vox/barrel.vox" object="yellow"/>
			<vox id_="1162351872" pos="-0.3 1.4 -0.6" rot="0.0 50.0 0.0" prop="true" file="MOD/vox/barrel.vox" object="yellow"/>
			<vox id_="1705612928" pos="0.46633 0.10001 -1.11117" rot="0.0 -100.2 0.0" prop="true" file="MOD/vox/barrel.vox" object="yellow"/>
			<vox id_="1356940160" pos="-1.12189 0.64505 1.32353" rot="90.0 -13.6 -45.0" prop="true" file="MOD/vox/barrel.vox" object="green"/>
			<vox id_="1148391936" pos="0.61638 1.46656 0.30017" rot="172.89999 -44.2 -6.8" prop="true" file="MOD/vox/barrel.vox" object="green"/>
			<vox id_="518028160" pos="-3.38299 0.71116 1.11149" rot="90.7 70.3 -84.9" prop="true" file="MOD/vox/barrel.vox" object="green"/>
		</group>
	</group>
	<script id_="1034614464" pos="2.2 0.1 -5.1" rot="0.0 0.0 0.0" file="MOD/script/laser.lua">
		<location id_="94377600" tags="emitter" pos="-4.69 0.85 -2.55" rot="0.0 -90.0 0.0"/>
		<voxbox id_="814072320" tags="receiver" pos="1.3 0.6 -2.8" rot="0.0 0.0 0.0" size="1 5 5" color="0 0 0" pbr=".1 1 0 0"/>
	</script>
	<layers/>
</scene>

