<scene id_="560039296" open_="true" version="0.8.0" shadowVolume="200 50 200">
	<group id_="1634960896" name="Base scripts" pos="0.0 -0.2 0.0">
		<script id_="413819552" pos="0.0 0.2 0.0" file="main.lua"/>
		<script id_="1874575104" pos="0.0 0.2 0.0" file="sandbox.lua" param0="weather=false"/>
	</group>
	<group id_="1378240640" name="Scene" pos="0.0 -0.2 0.0">
		<environment id_="1711577088" name="Night time environment" template="night" pos="0.0 0.2 0.0" ambience=" "/>
		<spawnpoint id_="380590784" name="Player spawn point" pos="1.4 0.4 2.7" rot="0.0 -180.0 0.0"/>
		<voxbox id_="1546088576" name="Ground" pos="-25.0 0.2 -25.0" size="500 1 500"/>
	</group>
	<script id_="1006694400" pos="0.1 1.3 -3.4" file="MOD/script/lightswitch.lua">
		<group id_="1956958848" name="Light switch" pos="0.0 -1.2 0.0">
			<voxbox id_="228275824" name="pole" pos="-0.1 0.0 -0.1" rot="0.0 0.0 0.0" size="2 13 2"/>
			<voxbox id_="2072047104" name="button" tags="switch" pos="-0.1 1.3 -0.1" size="2 2 2" color="1 0 0"/>
			<light id_="1070202688" pos="0.0 3.4 1.2" rot="0.0 0.0 0.0" color="1 1 1" scale="2" fogscale="0"/>
		</group>
		<group id_="1791470336" name="Big lamp" pos="4.7 -1.2 -9.3">
			<voxbox id_="248658752" name="pole" pos="0.3 0.0 -0.4" rot="0.0 0.0 0.0" size="1 45 1" color="0 0 0"/>
			<vox id_="1262365952" pos="0.2 4.3 -0.3" rot="40.0 -50.0 0.0" file="MOD/vox/big_spotlight.vox">
				<light id_="873975872" name="Light source" tags="lamp" pos="0.05 0.75 0.3" type="cone" color="1 .8 .6" scale="50" fogscale="4" fogiter="2" glare="0.5"/>
			</vox>
			<vox id_="1937624576" pos="-4.1 0.0 3.2" rot="0.0 -50.0 0.0" prop="true" file="MOD/vox/crate.vox" object="large"/>
		</group>
	</script>
	<layers/>
</scene>

