<scene id_="560039296" open_="true" version="0.8.0" shadowVolume="200 50 200">
	<group id_="1555067648" name="Scene" pos="0.0 -0.2 2.1">
		<environment id_="1711577088" template="night" pos="0.0 0.2 -2.1" ambience=" "/>
		<voxbox id_="1546088576" pos="-25.0 0.2 -22.8" rot="0.0 0.0 0.0" size="500 1 457"/>
		<voxbox id_="494761472" pos="1.6 0.3 -12.2" rot="0.0 -30.0 0.0" size="20 20 20"/>
		<voxbox id_="1434932736" pos="-0.3 0.3 -1.5" size="20 20 20"/>
		<voxbox id_="1100220032" pos="-0.7 0.3 -9.0" rot="0.0 -40.0 0.0" size="10 10 10"/>
		<voxbox id_="694986176" pos="2.5 0.3 -8.3" rot="0.0 20.0 0.0" size="15 15 15"/>
		<spawnpoint id_="380590784" pos="0.6 2.3 -0.3" rot="0 180 0"/>
		<light id_="1425691648" pos="0.6 7.4 -7.0" rot="0.0 0.0 0.0" color="1 .5 .5" scale="10"/>
	</group>
	<script id_="334516160" file="MOD/script/menu.lua"/>
	<layers/>
</scene>

