<scene id_="560039296" open_="true" version="0.9.0" shadowVolume="200 50 200">
	<script id_="1506109184" pos="0.0 -0.2 2.1" rot="0.0 0.0 0.0" file="main.lua"/>
	<group id_="1555067648" name="Scene" pos="0.0 -0.2 2.1">
		<environment id_="1711577088" template="night" pos="0.0 0.2 -2.1" ambience=" "/>
		<spawnpoint id_="380590784" pos="-0.3 0.3 4.8" rot="0.0 -180.0 0.0"/>
		<voxbox id_="1546088576" pos="-25.0 0.2 -22.8" rot="0.0 0.0 0.0" size="500 1 457"/>
		<group id_="270024800" name="Platform" pos="-0.2 0.2 -10.0">
			<voxbox id_="1656720128" pos="-3.2 0.1 2.9" rot="0.0 180.0 0.0" size="20 23 25" brush="MOD/vox/wood_simple_20.vox" material="wood"/>
			<voxbox id_="1025569920" pos="5.3 0.1 2.9" rot="0.0 180.0 0.0" size="20 23 25" brush="MOD/vox/wood_simple_20.vox" material="wood"/>
			<voxbox id_="1632404736" pos="-5.3 1.8 -2.8" rot="0.0 0.0 0.0" size="106 6 33" brush="MOD/vox/wood_planks_beams.vox"/>
			<voxbox id_="1727765504" pos="-4.9 0.1 -2.8" rot="0.0 0.0 90.0" size="17 4 3" brush="MOD/vox/wood_3x4.vox"/>
			<voxbox id_="1108674688" pos="-4.9 0.1 -0.6" rot="0.0 0.0 90.0" size="17 4 3" brush="MOD/vox/wood_3x4.vox"/>
			<voxbox id_="375282048" pos="0.2 0.1 -0.6" rot="0.0 0.0 90.0" size="17 4 3" brush="MOD/vox/wood_3x4.vox"/>
			<voxbox id_="787856320" pos="0.2 0.1 -2.8" rot="0.0 0.0 90.0" size="17 4 3" brush="MOD/vox/wood_3x4.vox"/>
			<voxbox id_="815383168" pos="5.3 0.1 -0.6" rot="0.0 0.0 90.0" size="17 4 3" brush="MOD/vox/wood_3x4.vox"/>
			<voxbox id_="217527264" pos="5.3 0.1 -2.8" rot="0.0 0.0 90.0" size="17 4 3" brush="MOD/vox/wood_3x4.vox"/>
		</group>
		<group id_="518880192" name="Props" pos="8.2 0.2 -7.6">
			<vox id_="1603173888" pos="1.5 0.1 -1.1" rot="0.0 180.0 0.0" prop="true" file="MOD/vox/liquidcontainer.vox"/>
			<vox id_="156837216" pos="-1.3 0.1 3.3" rot="0.0 110.0 0.0" prop="true" file="MOD/vox/bigtrashcan.vox"/>
			<vox id_="1523280640" pos="-0.9 0.1 -1.1" rot="0.0 150.0 0.0" prop="true" file="MOD/vox/liquidcontainer.vox"/>
			<vox id_="656907392" pos="0.6 0.1 -3.1" rot="0.0 90.0 0.0" prop="true" file="MOD/vox/liquidcontainer.vox"/>
		</group>
		<vox id_="266944416" pos="6.3 0.3 -10.9" rot="0.0 0.0 0.0" file="MOD/vox/lamppost1.vox">
			<light id_="1908852480" pos="-0.05 3.75 -0.15" rot="0.0 0.0 0.0" color="1 .7 .5" scale="3" size="0.3"/>
		</vox>
		<vox id_="392650144" pos="-6.6 0.3 -5.8" rot="0.0 0.0 0.0" file="MOD/vox/lamppost1.vox">
			<light id_="1921239552" pos="-0.05 3.75 -0.15" rot="0.0 0.0 0.0" color="1 .7 .5" scale="3" size="0.3"/>
		</vox>
	</group>
	<script id_="392912288" pos="0.0 -0.2 2.1" rot="0.0 0.0 0.0" file="MOD/script/pathfinding.lua">
		<body id_="1360807040" name="Start body" tags="start" pos="-2.1 0.6 -4.5" rot="0.0 0.0 0.0" dynamic="true" desc="Start position">
			<voxbox id_="1604812416" pos="-0.3 -0.3 -0.3" size="6 6 6" color=".2 .2 1" pbr="0 0 0 3">
				<light id_="56823180" pos="0.3 0.3 0.3" color=".2 .2 1" scale="1" size="0.4"/>
			</voxbox>
		</body>
		<body id_="1669369344" name="Goal body" tags="goal" pos="2.2 2.9 -10.9" rot="0.0 0.0 0.0" dynamic="true" desc="Target position">
			<voxbox id_="1961415552" pos="-0.3 -0.3 -0.3" size="6 6 6" color=".2 1 .2" pbr="0 0 0 3">
				<light id_="812171648" pos="0.3 0.3 0.3" color=".2 1 .2" scale="1" size="0.4"/>
			</voxbox>
		</body>
	</script>
	<layers/>
</scene>

