<scene id_="560039296" open_="true" version="0.8.0" shadowVolume="200 50 200">
	<group id_="1634960896" name="Base scripts" pos="0.0 -0.2 0.0">
		<script id_="413819552" pos="0.0 0.2 0.0" file="main.lua"/>
		<script id_="1874575104" pos="0.0 0.2 0.0" file="sandbox.lua" param0="weather=false"/>
	</group>
	<group id_="1378240640" name="Scene" pos="0.0 -0.2 0.0">
		<environment id_="1711577088" name="Night time environment" template="night" pos="0.0 0.2 0.0" ambience=" "/>
		<spawnpoint id_="380590784" name="Player spawn point" pos="-0.5 0.4 3.0" rot="0.0 -180.0 0.0"/>
		<voxbox id_="1546088576" name="Ground" pos="-25.0 0.2 -25.0" size="500 1 500"/>
		<group id_="807583872" name="Furniture" pos="-1.4 0.2 -5.2">
			<vox id_="1533963648" pos="-3.5 0.1 -1.6" rot="0.0 60.0 0.0" file="MOD/vox/spotlight_industrial.vox">
				<light id_="492467552" pos="0.05 4.8 0.3" rot="20.0 0.0 0.0" type="area" color="1 .7 .5" scale="8" size="0.3 0.2"/>
			</vox>
			<vox id_="1702532608" pos="4.2 0.1 1.0" rot="0.0 30.0 10.0" prop="true" file="MOD/vox/livingroom_cosy.vox" object="painting_1"/>
			<vox id_="2145910656" pos="3.4 1.0 0.0" rot="0.0 -50.0 0.0" prop="true" file="MOD/vox/livingroom_cosy.vox" object="vase_2"/>
			<vox id_="821085120" pos="3.4 0.1 -0.1" prop="true" file="MOD/vox/livingroom_cosy.vox" object="small_table"/>
			<vox id_="1208295424" pos="1.2 0.1 1.0" rot="0.0 10.0 0.0" prop="true" file="MOD/vox/livingroom_cosy.vox" object="table"/>
			<vox id_="891868288" pos="3.5 0.1 1.8" rot="0.0 -10.0 0.0" prop="true" file="MOD/vox/livingroom_cosy.vox" object="armchair"/>
			<vox id_="1715116288" pos="1.5 0.1 -0.8" rot="0.0 90.0 0.0" prop="true" file="MOD/vox/livingroom_cosy.vox" object="couch"/>
		</group>
	</group>
	<script id_="1034614464" pos="-0.2 0.6 -4.1" rot="0.0 0.0 0.0" file="MOD/script/radio.lua">
		<body id_="1427526784" dynamic="true">
			<vox id_="166733760" tags="radio" pos="0.0 0.0 0.2" rot="0.0 0.0 0.0" file="MOD/vox/radio.vox">
				<light id_="434792352" pos="-0.15 0.45 0.0" rot="0.0 0.0 0.0" type="area" color="1 .5 .5" scale="0.2" size="0.1 0.1"/>
			</vox>
		</body>
	</script>
	<layers/>
</scene>

