<scene id_="560039296" open_="true" version="0.8.0" shadowVolume="200 50 200">
	<group id_="1634960896" name="Base scripts" pos="0.0 -0.2 0.0">
		<script id_="413819552" pos="0.0 0.2 0.0" file="main.lua"/>
		<script id_="1874575104" pos="0.0 0.2 0.0" file="sandbox.lua" param0="weather=false"/>
	</group>
	<group id_="1378240640" name="Scene" pos="0.0 -0.2 0.0">
		<environment id_="1711577088" name="Night time environment" template="night" pos="0.0 0.2 0.0" ambience=" "/>
		<spawnpoint id_="380590784" name="Player spawn point" pos="-0.1 0.4 9.7" rot="0.0 -180.0 0.0"/>
		<voxbox id_="1546088576" name="Ground" pos="-25.0 0.2 -25.0" size="500 1 500"/>
		<voxbox id_="807714944" pos="-6.9 0.3 -11.3" rot="0.0 0.0 0.0" size="30 5 30"/>
		<voxbox id_="601788288" pos="-1.7 0.3 -15.3" rot="0.0 0.0 0.0" size="30 15 30"/>
		<voxbox id_="1312766208" pos="5.2 0.3 -6.6" rot="0.0 0.0 0.0" size="30 10 30"/>
		<voxbox id_="1201282688" pos="4.8 0.3 -12.7" rot="0.0 0.0 0.0" size="30 15 30"/>
		<voxbox id_="938598336" pos="-1.1 0.3 -7.5" rot="0.0 0.0 0.0" size="30 5 30"/>
		<voxbox id_="217854960" pos="-8.3 0.3 -18.8" rot="0.0 0.0 0.0" size="30 35 30"/>
		<voxbox id_="1950798080" pos="-12.5 0.3 -11.0" rot="0.0 0.0 0.0" size="30 20 30"/>
		<voxbox id_="194129472" pos="4.3 0.3 -19.4" rot="0.0 0.0 0.0" size="30 25 30"/>
		<voxbox id_="557876480" pos="12.4 0.3 -13.0" rot="0.0 0.0 0.0" size="30 20 30"/>
		<voxbox id_="1823650560" pos="-10.6 0.3 -5.2" rot="0.0 0.0 0.0" size="30 10 30"/>
		<vox id_="1533963648" pos="-5.4 0.3 -4.9" rot="0.0 0.0 0.0" file="MOD/vox/lamppost1.vox">
			<light id_="492467552" pos="-0.05 3.75 -0.15" rot="0.0 0.0 0.0" color="1 .7 .5" scale="3" size="0.3"/>
		</vox>
		<vox id_="825672896" pos="-3.1 0.3 -15.5" rot="0.0 0.0 0.0" file="MOD/vox/lamppost1.vox">
			<light id_="1856944768" pos="-0.05 3.75 -0.15" rot="0.0 0.0 0.0" color="1 .7 .5" scale="3" size="0.3"/>
		</vox>
		<vox id_="571246656" pos="3.6 0.3 -6.6" rot="0.0 0.0 0.0" file="MOD/vox/lamppost1.vox">
			<light id_="676045120" pos="-0.05 3.75 -0.15" rot="0.0 0.0 0.0" color="1 .7 .5" scale="3" size="0.3"/>
		</vox>
		<vox id_="1035269824" pos="10.4 0.3 -12.8" rot="0.0 0.0 0.0" file="MOD/vox/lamppost1.vox">
			<light id_="544768512" pos="-0.05 3.75 -0.15" rot="0.0 0.0 0.0" color="1 .7 .5" scale="3" size="0.3"/>
		</vox>
	</group>
	<group id_="241383824" name="Barrels" pos="1.3 0.5 -10.6">
		<script id_="137109680" pos="-10.1 0.6 7.0" rot="0.0 0.0 0.0" file="MOD/script/savegame-target.lua">
			<vox id_="1579317376" tags="explosive" pos="-0.3 0.0 -0.1" rot="0.0 -90.0 0.0" prop="true" file="MOD/vox/barrel.vox" object="brown"/>
		</script>
		<script id_="1139478400" pos="-12.0 1.6 1.2" rot="0.0 0.0 0.0" file="MOD/script/savegame-target.lua">
			<vox id_="1011413248" tags="explosive" pos="-0.3 0.0 -0.1" rot="0.0 -90.0 0.0" prop="true" file="MOD/vox/barrel.vox" object="brown"/>
		</script>
		<script id_="1516923264" pos="-6.6 0.1 0.6" rot="0.0 0.0 0.0" file="MOD/script/savegame-target.lua">
			<vox id_="1626309504" tags="explosive" pos="-0.3 0.0 -0.1" rot="0.0 -90.0 0.0" prop="true" file="MOD/vox/barrel.vox" object="brown"/>
		</script>
		<script id_="391208256" pos="-0.7 0.1 4.6" rot="0.0 0.0 0.0" file="MOD/script/savegame-target.lua">
			<vox id_="38603060" tags="explosive" pos="-0.3 0.0 -0.1" rot="0.0 -90.0 0.0" prop="true" file="MOD/vox/barrel.vox" object="brown"/>
		</script>
		<script id_="2017386752" pos="5.6 0.6 5.5" rot="0.0 0.0 0.0" file="MOD/script/savegame-target.lua">
			<vox id_="874958976" tags="explosive" pos="-0.3 0.0 -0.1" rot="0.0 -90.0 0.0" prop="true" file="MOD/vox/barrel.vox" object="brown"/>
		</script>
		<script id_="1847507072" pos="5.0 1.1 -0.8" rot="0.0 0.0 0.0" file="MOD/script/savegame-target.lua">
			<vox id_="490173664" tags="explosive" pos="-0.3 0.0 -0.1" rot="0.0 -90.0 0.0" prop="true" file="MOD/vox/barrel.vox" object="brown"/>
		</script>
		<script id_="1820373504" pos="-1.4 1.1 -3.3" rot="0.0 0.0 0.0" file="MOD/script/savegame-target.lua">
			<vox id_="1500210560" tags="explosive" pos="-0.3 0.0 -0.1" rot="0.0 -90.0 0.0" prop="true" file="MOD/vox/barrel.vox" object="brown"/>
		</script>
		<script id_="2114910208" pos="-8.4 3.1 -6.7" rot="0.0 0.0 0.0" file="MOD/script/savegame-target.lua">
			<vox id_="1280192768" tags="explosive" pos="-0.3 0.0 -0.1" rot="0.0 -90.0 0.0" prop="true" file="MOD/vox/barrel.vox" object="brown"/>
		</script>
		<script id_="39192920" pos="4.5 2.1 -6.9" rot="0.0 0.0 0.0" file="MOD/script/savegame-target.lua">
			<vox id_="2009325312" tags="explosive" pos="-0.3 0.0 -0.1" rot="0.0 -90.0 0.0" prop="true" file="MOD/vox/barrel.vox" object="brown"/>
		</script>
		<script id_="2027086720" pos="12.6 1.6 -0.8" rot="0.0 0.0 0.0" file="MOD/script/savegame-target.lua">
			<vox id_="720940032" tags="explosive" pos="-0.3 0.0 -0.1" rot="0.0 -90.0 0.0" prop="true" file="MOD/vox/barrel.vox" object="brown"/>
		</script>
	</group>
	<script id_="817808128" name="Display" pos="0.0 -0.2 0.0" rot="0.0 0.0 0.0" file="MOD/script/savegame-display.lua"/>
	<layers/>
</scene>

