<scene id_="560039296" open_="true" version="0.9.2" shadowVolume="200 50 200">
	<script id_="1506109184" pos="0.0 -0.2 2.1" rot="0.0 0.0 0.0" file="main.lua"/>
	<group id_="1555067648" open_="true" name="Scene" pos="0.0 -0.2 2.1">
		<environment id_="1711577088" template="night" pos="0.0 0.2 -2.1" ambience=" "/>
		<spawnpoint id_="380590784" pos="-0.3 0.3 4.8" rot="0.0 -180.0 0.0"/>
		<voxbox id_="1546088576" pos="-25.0 0.2 -22.8" rot="0.0 0.0 0.0" size="500 1 457"/>
		<vox id_="392650144" open_="true" pos="-9.3 0.3 -11.1" rot="0.0 0.0 0.0" file="MOD/vox/lamppost1.vox">
			<light id_="1921239552" pos="-0.05 3.75 -0.15" rot="0.0 0.0 0.0" color="1 .7 .5" scale="3" size="0.3"/>
		</vox>
		<vox id_="701212480" pos="-1.90001 0.3 -11.6" rot="0.0 0.0 0.0" file="MOD/vox/lamppost1.vox">
			<light id_="1613725824" pos="-0.05 3.75 -0.15" rot="0.0 0.0 0.0" color="1 .7 .5" scale="3" size="0.3"/>
		</vox>
		<vox id_="348803872" pos="5.19998 0.3 -11.6" rot="0.0 0.0 0.0" file="MOD/vox/lamppost1.vox">
			<light id_="693937536" pos="-0.05 3.75 -0.15" rot="0.0 0.0 0.0" color="1 .7 .5" scale="3" size="0.3"/>
		</vox>
	</group>
	<script id_="392912288" open_="true" pos="0.0 -0.2 2.1" rot="0.0 0.0 0.0" file="MOD/script/spawning.lua">
		<group id_="1878441984" open_="true" name="Trashcan" pos="-7.4 0.3 -4.1" rot="0.0 0.0 0.0">
			<voxbox id_="1364739456" name="pole" pos="-0.1 0.0 -0.1" rot="0.0 0.0 0.0" size="2 13 2"/>
			<voxbox id_="651336512" open_="true" name="button" tags="trashcan interact=Trashcan" pos="-0.1 1.3 -0.1" size="2 2 2" color="0.8 0 0">
				<light id_="1710331904" pos="0.1 0.6 0.4"/>
			</voxbox>
			<location id_="75895320" name="Trashcan spawn pos" tags="trashcan" pos="0.0 2.5 -5.6" rot="0.0 0.0 0.0"/>
		</group>
		<group id_="1212621056" open_="true" name="Banana" pos="-0.40001 0.3 -4.1" rot="0.0 0.0 0.0">
			<voxbox id_="964027840" name="pole" pos="-0.1 0.0 -0.1" rot="0.0 0.0 0.0" size="2 13 2"/>
			<voxbox id_="1710135168" open_="true" name="button" tags="bananas interact=Bananas" pos="-0.1 1.3 -0.1" size="2 2 2" color="0.8 0 0">
				<light id_="9241140" pos="0.1 0.6 0.4"/>
			</voxbox>
			<voxbox id_="1435784832" pos="-0.5 0.0 -6.1" rot="0.0 0.0 0.0" size="10 2 10" color="0 0 0"/>
			<location id_="93525584" name="Banana spawn pos" tags="bananas" pos="-0.0 0.2 -5.6" rot="0.0 0.0 0.0"/>
		</group>
		<group id_="1309292544" open_="true" name="Staircase" pos="6.6 0.3 -4.1" rot="0.0 0.0 0.0">
			<voxbox id_="1411272832" name="pole" pos="-0.1 0.0 -0.1" rot="0.0 0.0 0.0" size="2 13 2"/>
			<voxbox id_="851954432" open_="true" name="button" tags="staircase interact=Staircase" pos="-0.1 1.3 -0.1" size="2 2 2" color="0.8 0 0">
				<light id_="54988060" pos="0.1 0.6 0.4"/>
			</voxbox>
			<location id_="1848162432" name="Staircase spawn pos" tags="staircase" pos="0.0 0.0 -5.6" rot="0.0 0.0 0.0"/>
		</group>
	</script>
	<layers/>
</scene>

