<scene id_="560039296" open_="true" version="0.8.0" shadowVolume="200 50 200">
	<group id_="1634960896" name="Base scripts" pos="0.0 -0.2 0.0">
		<script id_="413819552" pos="0.0 0.2 0.0" file="main.lua"/>
		<script id_="1874575104" pos="0.0 0.2 0.0" file="sandbox.lua" param0="weather=false"/>
	</group>
	<group id_="1378240640" name="Scene" pos="0.0 -0.2 0.0">
		<environment id_="1711577088" name="Night time environment" template="night" pos="0.0 0.2 0.0"/>
		<spawnpoint id_="380590784" name="Player spawn point" pos="-0.5 0.4 3.0" rot="0.0 -180.0 0.0"/>
		<voxbox id_="1546088576" name="Ground" pos="-25.0 0.2 -25.0" size="500 1 500"/>
		<group id_="1260399744" name="Walls" pos="-0.1 0.3 -10.6">
			<voxbox id_="976152768" pos="-10.5 0.0 8.6" rot="0.0 0.0 0.0" size="73 30 2"/>
			<voxbox id_="1106642944" pos="3.5 0.0 8.6" rot="0.0 0.0 0.0" size="73 30 2"/>
			<voxbox id_="1001254592" pos="-10.5 0.0 -8.8" rot="0.0 0.0 0.0" size="211 30 2"/>
			<voxbox id_="575047936" pos="-10.5 0.0 -8.8" rot="0.0 -90.0 0.0" size="176 30 2"/>
			<voxbox id_="1916782848" pos="10.8 0.0 -8.8" rot="0.0 -90.0 0.0" size="176 30 2"/>
		</group>
		<group id_="435513312" name="Crates" pos="-0.1 0.3 -10.6">
			<vox id_="167847936" pos="0.5 1.1 7.9" rot="0.0 -50.0 90.0" prop="true" file="MOD/vox/crate.vox" object="large"/>
			<vox id_="1135742720" pos="6.6 1.1 1.1" rot="0.0 -160.0 90.0" prop="true" file="MOD/vox/crate.vox" object="large"/>
			<vox id_="530349696" pos="6.5 0.0 3.5" rot="0.0 -40.0 0.0" prop="true" file="MOD/vox/crate.vox" object="large"/>
			<vox id_="1575122816" pos="-6.5 0.0 4.4" rot="0.0 -40.0 0.0" prop="true" file="MOD/vox/crate.vox" object="large"/>
			<vox id_="1979176960" pos="-6.4 1.4 4.5" rot="0.0 -150.0 0.0" prop="true" file="MOD/vox/crate.vox" object="medium"/>
			<vox id_="602574784" pos="-6.2 1.4 -3.4" rot="0.0 -80.0 0.0" prop="true" file="MOD/vox/crate.vox" object="medium"/>
			<vox id_="1940639360" pos="-4.9 0.0 -5.9" rot="0.0 -110.0 0.0" prop="true" file="MOD/vox/crate.vox" object="medium"/>
			<vox id_="1959973760" pos="-6.6 0.0 -3.5" rot="0.0 -40.0 0.0" prop="true" file="MOD/vox/crate.vox" object="large"/>
			<vox id_="1647544576" pos="6.5 0.0 -1.8" rot="0.0 -40.0 0.0" prop="true" file="MOD/vox/crate.vox" object="medium"/>
		</group>
	</group>
	<script id_="1034614464" pos="-1.0 0.1 -12.2" rot="0.0 0.0 0.0" file="MOD/script/turret.lua">
		<voxbox id_="1198923264" name="Base" pos="0.2 0.0 0.2" size="6 5 6"/>
		<body id_="1427526784" name="Top" tags="turret" pos="0.5 0.5 0.5" rot="0.0 -180.0 0.0" dynamic="true">
			<joint id_="15664060" tags="hinge" pos="0.0 0.0 0.0" rot="-90.0 0.0 0.0" type="hinge"/>
			<voxbox id_="1372473088" pos="-0.5 0.0 -0.5" size="10 8 10"/>
			<voxbox id_="1188699008" pos="-0.5 0.8 -0.3" size="10 6 1"/>
			<voxbox id_="1509844992" pos="-0.4 0.8 -0.2" rot="0.0 0.0 0.0" size="8 5 1"/>
			<voxbox id_="866963136" pos="-0.3 0.8 -0.1" rot="0.0 0.0 0.0" size="6 4 1"/>
			<voxbox id_="1653836416" pos="-0.2 0.8 0.0" rot="0.0 0.0 0.0" size="4 3 3"/>
			<voxbox id_="1908000512" pos="-0.4 0.9 -0.4" rot="0.0 0.0 0.0" size="8 4 1" color="1 .6 .3" pbr="0 0 0 4">
				<light id_="1246636288" tags="eye" pos="0.4 0.2 0.0" rot="0.0 -180.0 0.0" type="area" color="1 .6 .3" scale="15" size="0.8 0.4"/>
			</voxbox>
			<voxbox id_="2064051200" open_="true" pos="-0.1 0.3 -0.5" rot="0.0 90.0 0.0" size="10 2 2">
				<location id_="1092879488" tags="gun" pos="1.1 0.1 0.1" rot="0.0 -90.0 0.0"/>
			</voxbox>
		</body>
	</script>
	<layers/>
</scene>

