<prefab version="1.0.0">
<group name="instance=MOD/map/vehicle/bus.xml" pos="-8.30001 0 120.99998" rot="0 -90 0">
	<group prop0="texture=1 0.5">
		<vehicle name="Bus" tags="reversebeep" pos="0 0.3 0" sound="semitruck2" spring="0.8" damping="0.8" topspeed="80" acceleration="0.5" strength="2" antiroll="0.3" difflock="0.5">
			<body pos="0.05 0 -0.2" dynamic="true">
				<vox pos="-0.05 0 0.2" density="2" strength="3" file="MOD/map/vehicle/bus.vox" object="body">
					<location tags="exhaust" pos="-0.9 0.1 4.9"/>
					<light pos="1.05 0.85 5.6" type="area" color="1 0.1 0.1" size="0.2 0.2" unshadowed="0.3" glare="0.2"/>
					<light pos="1.05 1.05 5.6" type="area" size="0.2 0.2" unshadowed="0.3"/>
					<light pos="-0.95 0.85 5.6" type="area" color="1 0.1 0.1" size="0.2 0.2" unshadowed="0.3" glare="0.2"/>
					<light pos="-0.95 1.05 5.6" type="area" size="0.1 0.1" unshadowed="0.3"/>
					<light pos="-0.9 0.6 -5.4" rot="0 180 0" type="cone" color="1 0.9 0.8" scale="20" penumbra="30" unshadowed="0.3" glare="0.3"/>
					<light pos="1.0 0.6 -5.4" rot="0 180 0" type="cone" color="1 0.9 0.8" scale="20" penumbra="30" unshadowed="0.3" glare="0.3"/>
					<location tags="vital" pos="0.05 0.8 5.1"/>
					<location tags="player" pos="-0.7 1.6 -4.1"/>
				</vox>
				<wheel name="bl" pos="-0.45 0.2 3" drive="1" travel="-0.1 0.2">
					<vox pos="-0.4 -0.5 0" file="MOD/map/vehicle/bus.vox" object="wheel_bl"/>
				</wheel>
				<wheel name="br" pos="0.45 0.2 3" drive="1" travel="-0.1 0.2">
					<vox pos="0.3 -0.5 0" file="MOD/map/vehicle/bus.vox" object="wheel_br"/>
				</wheel>
				<wheel name="fl" pos="-0.75 0.2 -2.8" steer="1" travel="-0.1 0.2">
					<vox pos="-0.3 -0.5 0" file="MOD/map/vehicle/bus.vox" object="wheel_fl"/>
				</wheel>
				<wheel name="fr" pos="0.85 0.2 -2.8" steer="1" travel="-0.1 0.2">
					<vox pos="0.2 -0.5 0" file="MOD/map/vehicle/bus.vox" object="wheel_fr"/>
				</wheel>
			</body>
		</vehicle>
	</group>
</group>
</prefab>
