<prefab version="1.0.0">
	<group name="instance=MOD/map/vehicle/sedan_white.xml" pos="30.2 0 97.49999">
		<group prop0="texture=1 0.5">
			<vehicle name="Station Wagon (Brown)" sound="stationwagon1" spring="0.6" damping="0.7" topspeed="80" acceleration="3" strength="3" antiroll="0.2">
				<body pos="0 0.4 -0.3" dynamic="true">
					<vox pos="-0.05 -0.2 0.4" density="1.5" strength="2" file="MOD/map/vehicle/sedan_white.vox" object="body">
						<light pos="-0.6 0.65 2.2" type="area" color="1 0.1 0.1" size="0.2 0.1" unshadowed="0.2" glare="0.2"/>
						<light pos="0.7 0.65 2.2" type="area" color="1 0.1 0.1" size="0.2 0.1" unshadowed="0.2" glare="0.2"/>
						<light pos="0.55 0.5 -2.2" rot="0 180 0" type="cone" color="1 0.9 0.8" scale="20" penumbra="30" unshadowed="0.2" glare="0.3"/>
						<light pos="-0.45 0.5 -2.2" rot="0 180 0" type="cone" color="1 0.9 0.8" scale="20" penumbra="30" unshadowed="0.2" glare="0.3"/>
						<light pos="0.7 0.55 2.2" type="area" color="1 0.8 0.7" scale="3" size="0.2 0.1" unshadowed="0.2"/>
						<light pos="-0.6 0.55 2.2" type="area" color="1 0.8 0.7" scale="3" size="0.2 0.1" unshadowed="0.2"/>
						<location tags="player" pos="-0.3 1.1 -0.2"/>
						<location tags="vital" pos="0 0.6 -1.6"/>
						<location tags="exhaust" pos="-0.3 0 2"/>
					</vox>
					<wheel name="fr" pos="0.55 -0.1 -1.1" drive="1" steer="1" travel="-0.2 0.1">
						<vox pos="0.1 -0.3 0" file="MOD/map/vehicle/sedan_white.vox" object="wheel_fr"/>
					</wheel>
					<wheel name="fl" pos="-0.55 -0.1 -1.1" drive="1" steer="1" travel="-0.2 0.1">
						<vox pos="-0.2 -0.3 0" file="MOD/map/vehicle/sedan_white.vox" object="wheel_fl"/>
					</wheel>
					<wheel name="br" pos="0.55 -0.1 1.6" travel="-0.2 0.1">
						<vox pos="0.1 -0.3 0" file="MOD/map/vehicle/sedan_white.vox" object="wheel_br"/>
					</wheel>
					<wheel name="bl" pos="-0.55 -0.1 1.6" travel="-0.2 0.1">
						<vox pos="-0.2 -0.3 0" file="MOD/map/vehicle/sedan_white.vox" object="wheel_bl"/>
					</wheel>
				</body>
			</vehicle>
		</group>
	</group>
</prefab>

