<prefab version="1.0.0">
	<group name="instance=MOD/map/vehicle/sportscar.xml" pos="47.8 0 -31.8" rot="0 180 0">
		<group prop0="texture=1 0.5">
			<vehicle name="Eurus IV XXF" sound="sportscar" spring="1.2" topspeed="120" acceleration="12" strength="8" antiroll="0.1" difflock="0.1" steerassist="0.3" friction="1.9">
				<body pos="-0.05 0.35 0.25" dynamic="true">
					<vox pos="-0.05 -0.15 -0.25" density="2" strength="2" file="MOD/map/vehicle/sportscar.vox" object="body">
						<light pos="-0.6 0.35 -1.9" rot="0 180 0" type="cone" color="1 0.9 0.8" scale="20" angle="50" penumbra="15" unshadowed="0.2" glare="0.4"/>
						<light pos="0.7 0.35 -1.9" rot="0 180 0" type="cone" color="1 0.9 0.8" scale="20" angle="50" penumbra="15" unshadowed="0.2" glare="0.4"/>
						<light pos="-0.3 0.55 2.1" type="area" size="0.2 0.1" unshadowed="0.3"/>
						<light pos="0.4 0.55 2.1" type="area" size="0.2 0.1" unshadowed="0.3"/>
						<light pos="-0.5 0.55 2.1" type="area" color="1 0.1 0.1" size="0.2 0.1" unshadowed="0.2" glare="0.2"/>
						<light pos="0.6 0.55 2.1" type="area" color="1 0.1 0.1" size="0.2 0.1" unshadowed="0.2" glare="0.2"/>
						<location tags="exhaust" pos="-0.4 0.1 2.1"/>
						<location tags="vital" pos="0.05 0.55 1.4"/>
						<location tags="player" pos="-0.3 0.75 -0.15"/>
					</vox>
					<wheel name="fr" pos="0.65 0 -1.4" drive="1" steer="0.7">
						<vox pos="0.1 -0.35 0.05" file="MOD/map/vehicle/sportscar.vox" object="wheel_fr"/>
					</wheel>
					<wheel name="fl" pos="-0.65 0 -1.4" drive="1" steer="0.7">
						<vox pos="-0.2 -0.35 0.05" file="MOD/map/vehicle/sportscar.vox" object="wheel_fl"/>
					</wheel>
					<wheel name="br" pos="0.65 0 1.2" drive="1">
						<vox pos="0.1 -0.35 0.05" file="MOD/map/vehicle/sportscar.vox" object="wheel_br"/>
					</wheel>
					<wheel name="bl" pos="-0.65 0 1.2" drive="1">
						<vox pos="-0.2 -0.35 0.05" file="MOD/map/vehicle/sportscar.vox" object="wheel_bl"/>
					</wheel>
				</body>
			</vehicle>
		</group>
	</group>
</prefab>

