<prefab version="1.0.0">
	<group name="instance=MOD/map/vehicle/suv1.xml" pos="44.2 0 82.7" rot="0 180 0">
		<group prop0="texture=1 0.5">
			<vehicle name="SUV (Blue)" sound="suv3 0.9" spring="0.8" damping="2" topspeed="90" acceleration="4" strength="4" antispin="1" antiroll="0.1" steerassist="0.6">
				<body pos="-0.05 0.5 -0.35" dynamic="true">
					<vox pos="-0.05 -0.3 0.45" strength="2" file="MOD/map/vehicle/suv1.vox" object="body">
						<light pos="-0.7 0.85 2.2" type="area" color="1 0.1 0.1" size="0.2 0.1" unshadowed="0.3" glare="0.2"/>
						<light pos="-0.65 0.75 2.2" type="area" size="0.1 0.1" unshadowed="0.3"/>
						<light pos="0.75 0.75 2.2" type="area" size="0.1 0.1" unshadowed="0.3"/>
						<light pos="0.8 0.85 2.2" type="area" color="1 0.1 0.1" size="0.2 0.1" unshadowed="0.3" glare="0.2"/>
						<light pos="-0.7 0.55 -2.2" rot="0 180 0" type="cone" color="1 0.9 0.8" scale="20" penumbra="30" unshadowed="0.2" glare="0.3"/>
						<light pos="0.8 0.55 -2.2" rot="0 180 0" type="cone" color="1 0.9 0.8" scale="20" penumbra="30" unshadowed="0.2" glare="0.3"/>
						<location tags="exhaust" pos="-0.5 0 2.3"/>
						<location tags="vital" pos="0.05 0.55 -1.5"/>
						<location tags="player" pos="-0.25 1.25 0.1"/>
					</vox>
					<wheel name="fr" pos="0.75 -0.15 -1.2" drive="1" steer="1">
						<vox pos="0.1 -0.35 0.05" file="MOD/map/vehicle/suv1.vox" object="wheel_fr"/>
					</wheel>
					<wheel name="fl" pos="-0.75 -0.15 -1.2" drive="1" steer="1">
						<vox pos="-0.1 -0.35 0.05" file="MOD/map/vehicle/suv1.vox" object="wheel_fl"/>
					</wheel>
					<wheel name="br" pos="0.75 -0.15 1.7" drive="1">
						<vox pos="0.1 -0.35 0.05" file="MOD/map/vehicle/suv1.vox" object="wheel_br"/>
					</wheel>
					<wheel name="bl" pos="-0.75 -0.15 1.7" drive="1">
						<vox pos="-0.1 -0.35 0.05" file="MOD/map/vehicle/suv1.vox" object="wheel_bl"/>
					</wheel>
				</body>
			</vehicle>
		</group>
	</group>
</prefab>

