<scene id_="1743953920" open_="true" version="0.9.0" shadowVolume="200 100 200">
	<environment id_="1723898624" template="sunny" skyboxrot="-45"/>
	<voxbox id_="1849997568" pos="-100.00001 -1.0 -100.00001" texture="11 0.9" density="0,4" size="2000 10 2000" color="0.46 0.35 0.24"/>
	<boundary id_="716811008">
		<vertex pos="-100.0 -100.0"/>
		<vertex pos="100.0 -100.0"/>
		<vertex pos="100.0 100.0"/>
		<vertex pos="-100.0 100.0"/>
	</boundary>
	<script id_="931913280" file="main.lua"/>
	<script id_="598970048" file="sandbox.lua"/>
	<vox id_="810533184" name="pc" tags="setStatic" pos="0.0 0.0 -10.0" density="3" collide="true" prop="true" file="LEVEL/pc.vox" object="corp">
		<vox id_="184822800" pos="10.5 0.2 0.0" collide="true" prop="true" file="LEVEL/pc.vox" object="glass fr"/>
		<vox id_="902485824" pos="-17.9 0.0 7.0" rot="90.0 -29.2 0.0" collide="true" prop="true" file="LEVEL/pc.vox" object="glass gl"/>
		<vox id_="1187322624" pos="0.0 0.2 -4.3" collide="true" prop="true" file="LEVEL/pc.vox" object="door"/>
		<vox id_="1211965696" open_="true" tags="setStatic" pos="-4.3 4.6 -2.6" collide="true" prop="false" file="LEVEL/pc.vox" object="MP">
			<vox id_="1255549824" pos="0.2 9.8 -0.7" desc="setStatic" density="0.4" collide="true" prop="true" file="LEVEL/pc.vox" object="proc"/>
			<vox id_="1116342784" tags="setStatic" pos="0.2 8.7 -0.7" density="0.1" collide="true" prop="false" file="LEVEL/pc.vox" object="proclok"/>
			<vox id_="1892795136" tags="setStatic" pos="-1.8 7.2 0.2" density="0.4" collide="true" prop="true" file="LEVEL/pc.vox" object="MP2"/>
			<vox id_="1461410944" tags="setStatic" pos="4.0 1.4 -0.8" density="0.3" collide="true" prop="true" file="LEVEL/pc.vox" object="MP1"/>
			<vox id_="2144337664" tags="setStatic" pos="4.0 9.5 0.1" density="0.2" collide="true" prop="true" file="LEVEL/pc.vox" object="ramG"/>
			<vox id_="1631159552" tags="setStatic" pos="3.0 9.5 0.1" density="0.2" collide="true" prop="true" file="LEVEL/pc.vox" object="ramG"/>
			<vox id_="1036711744" tags="setStatic" pos="4.5 9.5 0.1" density="0.2" collide="true" prop="true" file="LEVEL/pc.vox" object="ram"/>
			<vox id_="1165497856" tags="setStatic" pos="3.5 9.5 0.1" density="0.2" collide="true" prop="true" file="LEVEL/pc.vox" object="ram"/>
		</vox>
		<group id_="1439913856" open_="true" name="pisi" pos="-10.5 6.5 -0.7">
			<vox id_="1966789888" tags="setStatic" pos="0.0 -0.4 0.2" density="0.1" collide="true" prop="true" file="LEVEL/pc.vox" object="cap"/>
			<vox id_="1734647168" tags="setStatic" pos="0.0 -1.5 0.2" density="0.1" collide="true" prop="true" file="LEVEL/pc.vox" object="cap"/>
			<vox id_="337793152" tags="setStatic" pos="0.0 0.7 0.2" density="0.1" collide="true" prop="true" file="LEVEL/pc.vox" object="cap"/>
		</group>
		<vox id_="890819712" open_="true" tags="setStatic powersupply" pos="-6.6 0.2 0.1" density="0.4" collide="true" prop="true" file="LEVEL/pc.vox" object="BP">
			<vox id_="940826688" tags="setStatic" pos="0.1 0.4 3.6" collide="true" prop="false" file="LEVEL/pc.vox" object="BPs"/>
			<vox id_="1739693824" pos="0.0 0.4 0.0" density="0.2" collide="true" prop="true" file="LEVEL/pc.vox" object="BPw"/>
			<location id_="654154752" tags="fanSfx" pos="0.05 0.95 -0.05"/>
			<joint id_="1031140800" tags="cooler" pos="0.05 0.95 -0.05" rot="-90 0 0" type="hinge" size="0.15"/>
		</vox>
		<vox id_="6685080" open_="true" tags="setStatic" pos="-3.1 8.3 -0.4" density="0.3" collide="true" prop="true" file="LEVEL/pc.vox" object="rtx">
			<vox id_="616338176" pos="4.8 2.0 0.3" density="0.3" collide="true" prop="true" file="LEVEL/pc.vox" object="rtxC"/>
			<vox id_="275399072" pos="-4.3 0.4 0.2" rot="180" density="0.3" collide="true" prop="true" file="LEVEL/pc.vox" object="rtxC"/>
			<joint id_="1609859072" tags="gpuCooler" pos="4.85 2.25 0.25" rot="-90 0 0" type="hinge" size="0.15"/>
			<location id_="1553560192" tags="fanSfx" pos="4.85 2.25 0.25" rot="0.0 0.0 0.0"/>
			<joint id_="1016787584" tags="gpuCooler" pos="-4.25 0.15 0.25" rot="-90 0 0" type="hinge" size="0.15"/>
			<location id_="1615888640" tags="fanSfx" pos="-4.25 0.15 0.25"/>
		</vox>
		<vox id_="676503872" open_="true" tags="setStatic" pos="-9.9 12.1 1.4" density="0.1" collide="true" prop="true" file="LEVEL/pc.vox" object="deep">
			<vox id_="842254528" pos="0.2 0.2 0.0" density="0.4" collide="true" prop="true" file="LEVEL/pc.vox" object="waterC"/>
			<joint id_="436299776" tags="cooler" pos="0.25 2.45 -0.05" rot="0 90 0" type="hinge" size="0.15"/>
			<location id_="611357120" tags="fanSfx" pos="0.25 2.45 -0.05" rot="0.0 -90.0 0.0"/>
		</vox>
		<vox id_="1096746368" open_="true" tags="setStatic" pos="-9.9 17.3 1.4" density="0.1" collide="true" prop="true" file="LEVEL/pc.vox" object="deep">
			<vox id_="1423201152" pos="0.2 0.2 0.0" density="0.4" collide="true" prop="true" file="LEVEL/pc.vox" object="waterC"/>
			<joint id_="1046739328" tags="cooler" pos="0.25 2.45 -0.05" rot="0 90 0" type="hinge" size="0.15"/>
			<location id_="406610176" tags="fanSfx" pos="0.25 2.45 -0.05" rot="0.0 -90.0 0.0"/>
		</vox>
		<vox id_="1920649728" open_="true" tags="setStatic" pos="2.6 0.8 0.0" density="0.5" collide="true" prop="true" file="LEVEL/pc.vox" object="HDD">
			<vox id_="1660783616" pos="0.0 0.2 -0.8" density="0.5" collide="true" prop="true" file="LEVEL/pc.vox" object="HDDw"/>
			<joint id_="1694602240" tags="hddDrive" pos="0.0 0.8 -0.8" rot="-90 0 0" type="hinge" size="0.2"/>
			<location id_="1031796224" tags="hddSfx" pos="0.0 0.8 -0.8"/>
		</vox>
		<group id_="1162941696" open_="true" name="connectors">
			<vox id_="1720621568" pos="2.2 0.8 0.4" collide="true" prop="true" file="LEVEL/pc.vox" object="sata"/>
			<vox id_="755217408" open_="true" pos="-1.2 0.8 1.1" collide="true" prop="true" file="LEVEL/pc.vox" object="BPsata">
				<vox id_="1177163904" pos="-1.6 1.1 -0.5" collide="true" prop="true" file="LEVEL/pc.vox" object="vidP"/>
			</vox>
			<vox id_="2013913088" pos="-5.0 2.0 -3.4" rot="0.0 0.0 0.0" collide="true" prop="true" file="LEVEL/pc.vox" object="BPproc"/>
			<vox id_="687580160" pos="-1.1 1.1 -3.2" rot="0.0 0.0 0.0" collide="true" prop="true" file="LEVEL/pc.vox" object="BPpower"/>
		</group>
		<vox id_="301549536" open_="true" tags="setStatic" pos="9.2 6.1 0.1" density="0.7" collide="true" prop="false" file="LEVEL/pc.vox" object="water3">
			<vox id_="1642039168" pos="0.6 0.3 0.0" density="0.4" collide="true" prop="true" file="LEVEL/pc.vox" object="waterC"/>
			<vox id_="581470848" pos="0.6 5.6 0.0" density="0.4" collide="true" prop="true" file="LEVEL/pc.vox" object="waterC"/>
			<vox id_="919460672" pos="0.6 10.9 0.0" density="0.4" collide="true" prop="true" file="LEVEL/pc.vox" object="waterC"/>
			<joint id_="2130902016" tags="cooler" pos="0.65 2.55 -0.05" rot="0 90 0" type="hinge" size="0.15"/>
			<location id_="1072562112" tags="fanSfx" pos="0.65 2.55 -0.05" rot="0.0 90.0 0.0"/>
			<joint id_="2051401984" tags="cooler" pos="0.65 7.85 -0.05" rot="0 90 0" type="hinge" size="0.15"/>
			<location id_="920312704" tags="fanSfx" pos="0.65 7.85 -0.05" rot="0.0 90.0 0.0"/>
			<joint id_="1433687552" tags="cooler" pos="0.65 13.15 -0.05" rot="0 90 0" type="hinge" size="0.15"/>
			<location id_="1996938240" tags="fanSfx" pos="0.65 13.15 -0.05" rot="0.0 90.0 0.0"/>
			<vox id_="1756472064" open_="true" tags="waterPipe" pos="-8.2 7.4 -2.0" collide="true" prop="true" file="LEVEL/pc.vox" object="water1">
				<location id_="985328384" tags="waterPipeParticles" pos="7.4 8.7 0.0"/>
				<location id_="106961280" tags="waterPipeParticles" pos="7.4 8.4 0.6"/>
			</vox>
		</vox>
	</vox>
	<vox id_="1884274944" tags="powerPlugConnector" pos="-10.9 2.5 -11.4" density="0.1" collide="true" prop="true" file="LEVEL/pc.vox" object="roz1"/>
	<location id_="461073888" tags="powerPlug" pos="-10.9 2.5 -11.4" rot="0.0 0.0 0.0"/>
	<vox id_="426206624" pos="-27.4 0.0 -25.0" collide="true" prop="false" file="LEVEL/pc.vox" object="roz2"/>
	<vox id_="1163269504" pos="10.8637 0.0 -3.3808" rot="0.0 37.2 0.0" desc="thats for Fudgy :)" collide="true" prop="true" file="LEVEL/nameegg.vox" object="d">
		<vox id_="1118112384" pos="0.835 0.2452 -0.1919" rot="5.0 16.9 -14.0" collide="true" prop="true" file="LEVEL/nameegg.vox" object="u"/>
	</vox>
	<group id_="1418154496" name="static">
		<vox id_="709011712" open_="true" pos="-8.6 0.0 13.9" rot="0.0 26.9 0.0" density="0.5" collide="true" prop="true" file="LEVEL/pc.vox" object="HDD">
			<vox id_="38668600" pos="0.1 0.2 -0.8" density="0.5" collide="true" prop="true" file="LEVEL/pc.vox" object="HDDw"/>
		</vox>
		<vox id_="280511200" pos="-16.3 0.2 -2.4" rot="0.0 215.0 90.0" density="0.3" collide="true" prop="true" file="LEVEL/pc.vox" object="ram"/>
		<vox id_="1730387072" pos="-15.3 0.8576 -3.4192" rot="178.0 -7.8 84" density="0.3" collide="true" prop="true" file="LEVEL/pc.vox" object="ram"/>
		<vox id_="165357424" open_="true" pos="8.9 2.4 16.0" rot="180.0 -154.7 0.0" density="0.3" collide="true" prop="true" file="LEVEL/pc.vox" object="rtx">
			<vox id_="1227760768" pos="4.8 2.0 0.3" density="0.3" collide="true" file="LEVEL/pc.vox" object="rtxC"/>
			<vox id_="1343701120" pos="-4.3 0.4 0.2" rot="180" density="0.3" collide="true" prop="true" file="LEVEL/pc.vox" object="rtxC"/>
			<joint id_="1621656192" tags="gpuCooler" pos="4.85 2.25 0.25" rot="-90 0 0" type="hinge" size="0.15"/>
			<joint id_="1454856960" pos="-4.25 0.15 0.25" rot="-90 0 0" type="hinge" size="0.15"/>
		</vox>
	</group>
	<script id_="1824699136" file="LEVEL/script.lua"/>
	<group id_="2075913984" name="cable">
		<voxbox id_="750629632" tags="powerCable nocull" pos="-25.901 2.1 -25.1" texture="2 0.3" prop="true" size="8 2 2" material="plaster">
			<joint id_="834651904" pos="0.0 0.1 0.1"/>
		</voxbox>
		<voxbox id_="1243883648" tags="powerCable nocull" pos="-13.9986 3.0 -11.5" texture="2 0.3" prop="true" size="10 2 2" material="plaster">
			<joint id_="2074144384" pos="0.0 0.1 0.1"/>
		</voxbox>
		<voxbox id_="1029961088" tags="powerCable nocull" pos="-15.0063 3.0 -11.5" texture="2 0.3" prop="true" size="10 2 2" material="plaster">
			<joint id_="320359520" pos="0.0 0.1 0.1"/>
		</voxbox>
		<voxbox id_="1398164864" tags="powerCable nocull" pos="-15.0172 2.1029 -11.5" rot="0 0 90" texture="2 0.3" prop="true" size="10 2 2" material="plaster">
			<joint id_="1852619136" pos="0.0 0.1 0.1"/>
		</voxbox>
		<voxbox id_="1798941952" tags="powerCable nocull" pos="-15.0158 1.0989 -11.5" rot="0 0 90" texture="2 0.3" prop="true" size="10 2 2" material="plaster">
			<joint id_="2062806016" pos="0.0 0.1 0.1"/>
		</voxbox>
		<voxbox id_="624334016" tags="powerCable nocull" pos="-16.1073 0.8976 -11.5" texture="2 0.3" prop="true" size="10 2 2" material="plaster">
			<joint id_="268189680" pos="0.0 0.1 0.1"/>
		</voxbox>
		<voxbox id_="101914704" tags="powerCable nocull" pos="-17.1206 0.8976 -11.5" texture="2 0.3" prop="true" size="10 2 2" material="plaster">
			<joint id_="2029839360" pos="0.0 0.1 0.1"/>
		</voxbox>
		<voxbox id_="1114376576" tags="powerCable nocull" pos="-18.0898 0.8976 -11.7443" rot="0.0 -14.3 0.0" texture="2 0.3" prop="true" size="10 2 2" material="plaster">
			<joint id_="810729792" pos="0.0 0.1 0.1"/>
		</voxbox>
		<voxbox id_="1007939648" tags="powerCable nocull" pos="-18.9911 0.8976 -12.1756" rot="0.0 -25.8 0.0" texture="2 0.3" prop="true" size="10 2 2" material="plaster">
			<joint id_="855690240" pos="0.0 0.1 0.1"/>
		</voxbox>
		<voxbox id_="1635747328" tags="powerCable nocull" pos="-19.7956 0.8976 -12.7668" rot="0.0 -36.7 0.0" texture="2 0.3" prop="true" size="10 2 2" material="plaster">
			<joint id_="326323648" pos="0.0 0.1 0.1"/>
		</voxbox>
		<voxbox id_="175057344" open_="true" tags="powerCable nocull" pos="-12.9936 3.0 -11.5" texture="2 0.3" prop="true" size="10 2 2" material="plaster">
			<joint id_="59903560" pos="-0.0065 0.1 0.1"/>
			<joint id_="2129918976" pos="1.011 0.1 0.1"/>
		</voxbox>
		<voxbox id_="1712756864" tags="powerCable nocull" pos="-21.3608 0.8976 -15.2769" rot="0.0 -69.4 0.0" texture="2 0.3" prop="true" size="10 2 2" material="plaster">
			<joint id_="461204992" pos="0.0 0.1 0.1"/>
		</voxbox>
		<voxbox id_="1469210240" tags="powerCable nocull" pos="-21.00253 0.8976 -14.34503" rot="0.0 -58.5 0.0" texture="2 0.3" prop="true" size="10 2 2" material="plaster">
			<joint id_="1258892288" pos="0.0 0.1 0.1"/>
		</voxbox>
		<voxbox id_="974710912" tags="powerCable nocull" pos="-20.47647 0.8976 -13.49555" rot="0.0 -47.0 0.0" texture="2 0.3" prop="true" size="10 2 2" material="plaster">
			<joint id_="330124992" pos="0.0 0.1 0.1"/>
		</voxbox>
		<voxbox id_="799587968" tags="powerCable nocull" pos="-21.3317 0.8976 -18.2442" rot="0.0 -102.1 0.0" texture="2 0.3" prop="true" size="10 2 2" material="plaster">
			<joint id_="1921305088" pos="0.0 0.1 0.1" size="0.2"/>
		</voxbox>
		<voxbox id_="1546547328" open_="true" tags="powerCable nocull" pos="-20.7704 0.8976 -19.0762" rot="0.0 -124.4 0.0" texture="2 0.3" prop="true" size="10 2 2" material="plaster">
			<joint id_="553354240" pos="0.0 0.1 0.1" size="0.2"/>
		</voxbox>
		<voxbox id_="1864416384" open_="true" tags="powerCable nocull" pos="-19.8789 0.8976 -19.512" rot="0.0 -154.2 0.0" texture="2 0.3" prop="true" size="10 2 2" material="plaster">
			<joint id_="1468030464" pos="0.0 0.1 0.1" size="0.2"/>
		</voxbox>
		<voxbox id_="1824240384" open_="true" tags="powerCable nocull" pos="-18.8818 0.8976 -19.4394" rot="0.0 175.40001 0.0" texture="2 0.3" prop="true" size="10 2 2" material="plaster">
			<joint id_="665427648" pos="0.0 0.1 0.1" size="0.2"/>
		</voxbox>
		<voxbox id_="783923968" tags="powerCable nocull" pos="-21.53293 0.8976 -17.26632" rot="0.0 -91.2 0.0" texture="2 0.3" prop="true" size="10 2 2" material="plaster">
			<joint id_="1547071744" pos="0.0 0.1 0.1"/>
		</voxbox>
		<voxbox id_="203305088" tags="powerCable nocull" pos="-21.54844 0.8976 -16.26727" rot="0.0 -79.7 0.0" texture="2 0.3" prop="true" size="10 2 2" material="plaster">
			<joint id_="794344832" pos="0.0 0.1 0.1"/>
		</voxbox>
		<voxbox id_="1395543168" open_="true" tags="powerCable nocull" pos="-17.6205 0.8976 -17.9734" rot="0.0 115.2 0.0" texture="2 0.3" prop="true" size="10 2 2" material="plaster">
			<joint id_="670408640" pos="0.0 0.1 0.1" size="0.2"/>
		</voxbox>
		<voxbox id_="1564243200" open_="true" tags="powerCable nocull" pos="-18.05364 0.8976 -18.87444" rot="0.0 145.60001 0.0" texture="2 0.3" prop="true" size="10 2 2" material="plaster">
			<joint id_="237844656" pos="0.0 0.1 0.1" size="0.2"/>
		</voxbox>
		<voxbox id_="895210880" open_="true" tags="powerCable nocull" pos="-20.165 0.9566 -15.808" rot="0.0 -5.1 -3.0" texture="2 0.3" prop="true" size="10 2 2" material="plaster">
			<joint id_="230766336" pos="0.0 0.1 0.1" size="0.2"/>
		</voxbox>
		<voxbox id_="518683552" open_="true" tags="powerCable nocull" pos="-20.976 1.1308 -16.368" rot="0.0 -34.9 -10.0" texture="2 0.3" prop="true" size="10 2 2" material="plaster">
			<joint id_="847563264" pos="0.0 0.1 0.1" size="0.2"/>
		</voxbox>
		<voxbox id_="1282552320" open_="true" tags="powerCable nocull" pos="-21.3732 1.1625 -17.246" rot="0.0 -64.7 -2.0" texture="2 0.3" prop="true" size="10 2 2" material="plaster">
			<joint id_="759280896" pos="0.0 0.1 0.1"/>
		</voxbox>
		<voxbox id_="812761536" open_="true" tags="powerCable nocull" pos="-21.9699 1.1945 -18.0875" rot="0.0 -54.4 -2.0" texture="2 0.3" prop="true" size="10 2 2" material="plaster">
			<joint id_="117775376" pos="0.0 0.1 0.1" size="0.2"/>
		</voxbox>
		<voxbox id_="1262234880" open_="true" tags="powerCable nocull" pos="-22.1865 0.9741 -19.0204" rot="0.0 -77.3 12.0" texture="2 0.3" prop="true" size="10 2 2" material="plaster">
			<joint id_="1051851456" pos="0.0 0.1 0.1" size="0.2"/>
		</voxbox>
		<voxbox id_="2126772992" open_="true" tags="powerCable nocull" pos="-22.1921 0.9698 -20.0538" rot="0.0 -89.9 0.0" texture="2 0.3" prop="true" size="10 2 2" material="plaster">
			<joint id_="1945751552" pos="0.0 0.1 0.1" size="0.2"/>
		</voxbox>
		<voxbox id_="139534656" open_="true" tags="powerCable nocull" pos="-22.0339 0.9698 -21.0459" rot="0.0 -99.1 0.0" texture="2 0.3" prop="true" size="10 2 2" material="plaster">
			<joint id_="882430592" pos="0.0 0.1 0.1" size="0.2"/>
		</voxbox>
		<voxbox id_="438331520" open_="true" tags="powerCable nocull" pos="-21.7717 0.9698 -22.0172" rot="0.0 -104.8 0.0" texture="2 0.3" prop="true" size="10 2 2" material="plaster">
			<joint id_="1108019200" pos="0.0 0.1 0.1" size="0.2"/>
		</voxbox>
		<voxbox id_="1975244544" open_="true" tags="powerCable nocull" pos="-21.7717 0.9698 -23.0687" rot="0.0 -89.9 0.0" texture="2 0.3" prop="true" size="10 2 2" material="plaster">
			<joint id_="2031019008" pos="0.0 0.1 0.1" size="0.2"/>
		</voxbox>
		<voxbox id_="350639008" open_="true" tags="powerCable nocull" pos="-22.2603 0.9698 -24.0458" rot="0.0 -62.4 0.0" texture="2 0.3" prop="true" size="10 2 2" material="plaster">
			<joint id_="1738317440" pos="0.0 0.1 0.1" size="0.2"/>
		</voxbox>
		<voxbox id_="2042226432" open_="true" tags="powerCable nocull" pos="-23.111 0.9698 -24.6944" rot="0.0 -36.6 0.0" texture="2 0.3" prop="true" size="10 2 2" material="plaster">
			<joint id_="197668640" pos="0.0 0.1 0.1" size="0.2"/>
		</voxbox>
		<voxbox id_="2064247808" open_="true" tags="powerCable nocull" pos="-23.2118 2.1587 -24.7757" rot="0.0 -36.6 -90.0" texture="2 0.3" prop="true" size="10 2 2" material="plaster">
			<joint id_="1046346112" pos="0.0 0.1 0.1" size="0.2"/>
		</voxbox>
		<voxbox id_="891540608" open_="true" tags="powerCable nocull" pos="-25.0985 2.1037 -25.0997" rot="0.0 -7.4 3.0" texture="2 0.3" prop="true" size="10 2 2" material="plaster">
			<joint id_="818070272" pos="0.0 0.1 0.1" size="0.2"/>
		</voxbox>
		<voxbox id_="982837824" open_="true" tags="powerCable nocull" pos="-24.1046 2.1589 -24.9708" rot="0.0 -14.2 0.0" texture="2 0.3" prop="true" size="10 2 2" material="plaster">
			<joint id_="1540976512" pos="0.0 0.1 0.1" size="0.2"/>
		</voxbox>
		<voxbox id_="373512448" open_="true" tags="powerCable nocull" pos="-19.16904 0.8976 -15.72659" rot="0.0 25.3 0.0" texture="2 0.3" prop="true" size="10 2 2" material="plaster">
			<joint id_="277955136" pos="0.0 0.1 0.1" size="0.2"/>
		</voxbox>
		<voxbox id_="1536978560" open_="true" tags="powerCable nocull" pos="-18.2633 0.8976 -16.15625" rot="0.0 55.1 0.0" texture="2 0.3" prop="true" size="10 2 2" material="plaster">
			<joint id_="1035925248" pos="0.0 0.1 0.1" size="0.2"/>
		</voxbox>
		<voxbox id_="1667992960" open_="true" tags="powerCable nocull" pos="-17.69722 0.8976 -16.98027" rot="0.0 85.5 0.0" texture="2 0.3" prop="true" size="10 2 2" material="plaster">
			<joint id_="1900463360" pos="0.0 0.1 0.1" size="0.2"/>
		</voxbox>
	</group>
	<group id_="1643874304" name="jija">
		<voxbox id_="2068901120" tags="jija" pos="7.2 -10.9 0.0" prop="true" size="1 1 1" material="glass" color="0.23 0.74 0.15"/>
		<voxbox id_="1501062656" tags="jija" pos="7.2 -10.9 0.0" prop="true" size="1 1 1" material="glass" color="0.23 0.74 0.15"/>
		<voxbox id_="542409024" tags="jija" pos="7.2 -10.9 0.0" prop="true" size="1 1 1" material="glass" color="0.23 0.74 0.15"/>
		<voxbox id_="1841542912" tags="jija" pos="7.2 -10.9 0.0" prop="true" size="1 1 1" material="glass" color="0.23 0.74 0.15"/>
		<voxbox id_="1944309632" tags="jija" pos="7.2 -10.9 0.0" prop="true" size="1 1 1" material="glass" color="0.23 0.74 0.15"/>
		<voxbox id_="1728289792" tags="jija" pos="7.2 -10.9 0.0" prop="true" size="1 1 1" material="glass" color="0.23 0.74 0.15"/>
		<voxbox id_="932044352" tags="jija" pos="7.2 -10.9 0.0" prop="true" size="1 1 1" material="glass" color="0.23 0.74 0.15"/>
		<voxbox id_="1620673152" tags="jija" pos="7.2 -10.9 0.0" prop="true" size="1 1 1" material="glass" color="0.23 0.74 0.15"/>
		<voxbox id_="399269696" tags="jija" pos="7.2 -10.9 0.0" prop="true" size="1 1 1" material="glass" color="0.23 0.74 0.15"/>
		<voxbox id_="1371752192" tags="jija" pos="7.2 -10.9 0.0" prop="true" size="1 1 1" material="glass" color="0.23 0.74 0.15"/>
		<voxbox id_="1711839232" tags="jija" pos="7.2 -10.9 0.0" prop="true" size="1 1 1" material="glass" color="0.23 0.74 0.15"/>
		<voxbox id_="945480064" tags="jija" pos="7.2 -10.9 0.0" prop="true" size="1 1 1" material="glass" color="0.23 0.74 0.15"/>
		<voxbox id_="955376576" tags="jija" pos="7.2 -10.9 0.0" prop="true" size="1 1 1" material="glass" color="0.23 0.74 0.15"/>
		<voxbox id_="1539469056" tags="jija" pos="7.2 -10.9 0.0" prop="true" size="1 1 1" material="glass" color="0.23 0.74 0.15"/>
		<voxbox id_="1729731712" tags="jija" pos="7.2 -10.9 0.0" prop="true" size="1 1 1" material="glass" color="0.23 0.74 0.15"/>
		<voxbox id_="1008136256" tags="jija" pos="7.2 -10.9 0.0" prop="true" size="1 1 1" material="glass" color="0.23 0.74 0.15"/>
		<voxbox id_="263929584" tags="jija" pos="7.2 -10.9 0.0" prop="true" size="1 1 1" material="glass" color="0.23 0.74 0.15"/>
		<voxbox id_="27985580" tags="jija" pos="7.2 -10.9 0.0" prop="true" size="1 1 1" material="glass" color="0.23 0.74 0.15"/>
		<voxbox id_="635148160" tags="jija" pos="7.2 -10.9 0.0" prop="true" size="1 1 1" material="glass" color="0.23 0.74 0.15"/>
		<voxbox id_="12124900" tags="jija" pos="7.2 -10.9 0.0" prop="true" size="1 1 1" material="glass" color="0.23 0.74 0.15"/>
		<location id_="804372416" tags="jijaSetPoint" pos="8.2 0.3 -11.6"/>
	</group>
	<script id_="808566976" file="LEVEL/screwdriver.lua"/>
	<layers/>
</scene>

