<scene id_="1307391872" open_="true" version="0.7.4" shadowVolume="200 20 200">
	<group id_="1445419136" name="Script">
		<script id_="812630464" file="main.lua"/>
		<script id_="1126239360" file="sandbox.lua"/>
	</group>
	<group id_="2063264768" open_="true" name="Scene">
		<group id_="2101867776" open_="true" name="Ground" pos="-0.00001 0.0 -0.0">
			<voxbox id_="1043527872" name="Unbrakable ground" pos="-100.00001 0.0 -100.00001" rot="0.0 0.0 0.0" texture="1" size="2000 1 2000" color="1.0 1.0 1.0"/>
		</group>
	</group>
	<environment id_="1827189632" name="Environment" template="sunset"/>
	<spawnpoint id_="1200823936" name="Player spawn" pos="-10.2 0.0 -0.7" rot="0.0 180.0 0.0"/>
	<boundary id_="913889792" name="Boundary" pos="0.0 -6.1 0.0" rot="0.0 0.0 0.0">
		<vertex pos="-100.0 -99.9"/>
		<vertex pos="100.0 -100.0"/>
		<vertex pos="100.0 100.0"/>
		<vertex pos="-100.0 99.9"/>
	</boundary>
	<group id_="77795984" open_="true" name="iFone" pos="-3.9 -0.1 -6.7">
		<light id_="344543776" open_="true" pos="-7.0 12.6 -5.1" rot="-180.0 0.0 0.0" type="area" reach="10">
			<light id_="1892205312" pos="-1.5 -0.3 -1.2" rot="180" type="area" reach="10"/>
		</light>
		<vox id_="1277046912" pos="-4.4 0.4 4.3" rot="-90.0 0.0 0.0" desc="power" prop="true" file="MOD/iphone/teardown_palette.vox" object="power"/>
		<vox id_="82121616" pos="-5.5 0.4 4.0" rot="-90.0 0.0 0.0" desc="volume" prop="true" file="MOD/iphone/teardown_palette.vox" object="volume down"/>
		<vox id_="1488478976" pos="-2.8 0.4 5.0" rot="-90.0 0.0 0.0" desc="camera ring" prop="true" file="MOD/iphone/teardown_palette.vox" object="cam ring"/>
		<vox id_="913430976" pos="3.5 0.4 5.2" rot="-90.0 0.0 0.0" desc="camera base" prop="true" file="MOD/iphone/teardown_palette.vox" object="cam base"/>
		<vox id_="636000128" pos="7.8 0.2 -1.5" rot="0.0 0.0 0.0" desc="screen" prop="true" file="MOD/iphone/teardown_palette.vox" object="screen"/>
		<vox id_="1196957056" pos="7.8 0.2 -4.3" rot="0.0 0.0 0.0" prop="true" file="MOD/iphone/teardown_palette.vox" object="backboard"/>
		<vox id_="1838528128" pos="0.0 0.3 -4.4" rot="0.0 0.0 0.0" prop="true" file="MOD/iphone/teardown_palette.vox" object="shell"/>
		<vox id_="20907260" open_="true" pos="0.0 0.2 -1.3" rot="0.0 0.0 0.0" prop="true" file="MOD/iphone/teardown_palette.vox" object="phone parts">
			<vox id_="64163660" tags="explosive=10" pos="-0.2 0.0 2.3" rot="0.0 0.0 0.0" desc="battery ( it will explosive ))" prop="true" file="MOD/iphone/teardown_palette.vox" object="battery"/>
			<vox id_="1501062656" pos="-0.2 0.1 3.3" rot="90 0 0.0" desc="camera" prop="true" file="MOD/iphone/teardown_palette.vox" object="cam parts"/>
			<vox id_="1873067648" pos="-2.8 0.2 3.3" rot="90 0 0.0" desc="camera" prop="true" file="MOD/iphone/teardown_palette.vox" object="main cam"/>
			<vox id_="1660193792" pos="-4.7 0.4 3.3" rot="270 0 0.0" desc="charging port" prop="true" file="MOD/iphone/teardown_palette.vox" object="charging port"/>
		</vox>
		<vox id_="731623040" pos="-5.8 -2.9 3.0" file="MOD/iphone/teardown_palette.vox"/>
		<body id_="509639040" open_="true" name="box" dynamic="true">
			<vox id_="1797106816" open_="true" pos="-16.4 0.2 8.9" density="0.01" strength="10" prop="true" file="MOD/iphone/box of iFone.vox" object="box_bot">
				<vox id_="600084224" pos="0.0 0.1 -0.0" density="0.01" file="MOD/iphone/box of iFone.vox" object="inside"/>
			</vox>
			<vox id_="239679776" pos="-16.4 0.8 8.9" rot="0 180 0" density="0.01" strength="10" prop="true" file="MOD/iphone/box of iFone.vox" object="box_top"/>
			<vox id_="222049520" name="iFone" pos="-14.6 -4.9 -0.8" rot="90" density="0.05" strength="10" prop="true" file="MOD/iphone/teardown_palette.vox"/>
			<vox id_="83301344" open_="true" pos="-16.4 1.5 5.6" density="0.01" strength="10" prop="true" file="MOD/iphone/box of iFone.vox" object="card">
				<vox id_="1689555712" pos="0.0 0.1 0.0" density="0.001" strength="0.001" prop="true" file="MOD/iphone/box of iFone.vox" object="sticker"/>
				<vox id_="580160064" open_="true" pos="0.0 0.2 0.0" density="0.001" strength="10" prop="true" file="MOD/iphone/box of iFone.vox" object="pin base">
					<vox id_="1321286400" pos="0.1 0.1 0.1" density="0.001" prop="true" file="MOD/iphone/box of iFone.vox" object="pin for sim card"/>
				</vox>
			</vox>
		</body>
	</group>
	<vox id_="1233004032" tags="explosive=10" pos="-11.4 2.8 -11.3" rot="0.0 0.0 0.0" desc="battery ( it will explosive ))" file="MOD/iphone/teardown_palette.vox" object="battery"/>
	<layers/>
</scene>

