<prefab version="0.9.2">
	<group id_="605327424" open_="true" name="instance=MOD/assets/vehicle/boat/mediumboat_caribbean.xml" pos="-0.74998 0.3 -0.7" rot="0.0 -90.0 0.0">
		<vehicle id_="461073888" open_="true" name="mediumboat_caribbean" pos="-0.171 0.8 -0.018" rot="0.0 0.0 0.0" sound="mediumboat" spring="1.4" topspeed="50" strength="1" steerassist="0.1">
			<body id_="1189223296" open_="true" tags="boatbody" pos="-0.05 0.15 0.5" rot="0.0 0.0 0.0" dynamic="true">
				<vox id_="83039184" open_="true" pos="-0.05 -0.9 -0.9" rot="0.0 90.0 0.0" file="MOD/assets/vehicle/boat/mediumboat_caribbean.vox">
					<location id_="881447488" tags="player" pos="0.65 3.15 -0.15" rot="0.0 90.0 0.0"/>
					<location id_="703244224" tags="exit" pos="-2.85 3.15 -0.15" rot="0.0 90.0 0.0"/>
					<location id_="1561097216" tags="propeller" pos="-4.5 0.25 -0.05" rot="0.0 -90.0 0.0"/>
				</vox>
			</body>
		</vehicle>
	</group>
</prefab>

