<prefab version="0.9.3">
	<group id_="637507584" open_="true" name="instance=MOD/assets/vehicle/boat/mediumboat_fishing.xml" pos="-42.9 1.4 2.7" rot="0.0 0.0 0.0">
		<vehicle id_="1603436160" tags="boat dumptruck breakthreshold=0.5" pos="-0.1 -0.65 -3.15" rot="0.0 0.0 0.0" sound="fishingboat 1.4" spring="1.1" topspeed="25" acceleration="0.15" strength="1.5" steerassist="0.1">
			<body id_="925686976" tags="boat" pos="0.0 0.3 3.6" rot="0.0 0.0 0.0" dynamic="true">
				<vox id_="1961153408" pos="0.05 -0.6 -1.1" rot="0.0 90.0 0.0" texture="6 0.5" density="1.4" strength="3" file="MOD/assets/vehicle/boat/mediumboat_trawler.vox" object="boat">
					<location id_="1683526016" tags="player" pos="2.65 2.8 -0.05001" rot="0.0 90.0 0.0"/>
					<location id_="2040653440" tags="exit" pos="2.1 2.2 -0.74999" rot="0.0 90.0 0.0"/>
					<location id_="914610688" tags="propeller" pos="-5.05 0.45 -0.05" rot="0.0 -90.0 0.0"/>
					<group id_="1780852864" name="power_lever" pos="3.0 2.3 0.4" rot="0.0 0.0 -40.0">
						<vox id_="549552896" pos="-0.2 0.0 0.1" rot="0.0 0.0 0.0" texture="22 0.5" blendtexture="3 0.75" density="0.1" strength="25" file="MOD/assets/vehicle/boat/mediumboat_trawler.vox" object="power_stick"/>
					</group>
					<rope id_="2025710336" name="boat_rope_r" pos="-1.1 2.55 1.64999" rot="0.0 0.0 0.0" color="0.1 0.25 0.7">
						<location id_="25232900" pos="-0.05 0.0 -0.0" rot="0.0 0.0 0.0"/>
						<location id_="1753391616" pos="2.25 1.8 -0.9" rot="0.0 0.0 0.0"/>
					</rope>
					<rope id_="1430934784" name="boat_rope_l" pos="-1.09999 2.55 -1.75" rot="0.0 0.0 0.0" color="0.1 0.25 0.7">
						<location id_="2022433280" pos="-0.05 0.0 0.0" rot="0.0 0.0 0.0"/>
						<location id_="623285376" pos="2.25 1.8 0.9" rot="0.0 0.0 0.0"/>
					</rope>
				</vox>
				<group id_="581339776" name="mediumboat_trawler" pos="-0.05 -0.7 -1.1" rot="0.0 90.0 0.0"/>
				<vox id_="215823216" name="spotlight" pos="0.05 3.3 -5.0" rot="0.0 90.0 0.0" texture="22 0.5" blendtexture="3 0.75" density="0.1" strength="25" file="MOD/assets/vehicle/boat/mediumboat_trawler.vox" object="boat_spotlight">
					<light id_="537231360" name="boat_spotlight" pos="0.15 0.1 -0.05" rot="15.0 90.0 0.0" type="cone" color="1.0 0.8 0.6" scale="10" angle="150" penumbra="50" size="0.2" unshadowed="0.15" fogscale="1" fogiter="5" glare="0.35"/>
				</vox>
			</body>
			<body id_="1347633536" pos="-0.1 0.7 7.6" dynamic="true">
				<vox id_="72814944" pos="0.15 0.2 0.0" rot="0.0 90.0 0.0" texture="22 0.5" blendtexture="3 0.75" density="2" strength="25" file="MOD/assets/vehicle/boat/mediumboat_trawler.vox" object="ramp">
					<joint id_="1226253440" name="hinge_joint" pos="0.0 0.0 -0.5" rot="0.0 -180.0 90.0" type="hinge" rotstrength="0" limits="-125 0"/>
					<joint id_="604016640" name="hinge_joint" pos="0.0 0.0 0.4" rot="0.0 -180.0 90.0" type="hinge" rotstrength="0" limits="-125 0"/>
				</vox>
			</body>
		</vehicle>
		<body id_="266157936" name="life_ring_l" tags="awake" pos="-1.35 2.75 -3.15" rot="0.0 90.0 0.0" dynamic="true">
			<vox id_="977135872" pos="0.717 0.2 0.367" rot="-90.0 70.0 0.0" texture="22 0.75" blendtexture="6 0.75" density="0.2" strength="5" file="MOD/assets/vehicle/boat/mediumboat_trawler.vox" object="buoyancy_ring"/>
		</body>
		<body id_="831505984" name="life_ring_r" tags="awake" pos="0.85 2.75 -3.15" rot="0.0 90.0 0.0" dynamic="true">
			<vox id_="1467244032" pos="0.717 0.2 0.367" rot="-90.0 70.0 0.0" texture="22 0.75" blendtexture="6 0.75" density="0.2" strength="5" file="MOD/assets/vehicle/boat/mediumboat_trawler.vox" object="buoyancy_ring"/>
		</body>
		<group id_="1426609152" name="buoys" pos="-0.2 0.1 -1.7" prop0="maxstretch=1.5">
			<body id_="883675840" name="buoyancy_ball_orange" tags="awake" pos="-2.3 -0.15 2.9" rot="0.0 0.0 0.0" dynamic="true">
				<rope id_="420308032" pos="0.2 0.7 -0.2" color="0.1 0.25 0.7">
					<location id_="2109601536" pos="0.0 0.1 0.0" rot="0.0 0.0 0.0"/>
					<location id_="1214062976" pos="0.2 0.3 0.0" rot="0.0 0.0 0.0"/>
				</rope>
				<vox id_="870502272" pos="0.0 0.3 0.0" rot="0.0 0.0 0.0" density="0.2" strength="25" file="MOD/assets/vehicle/boat/mediumboat_trawler.vox" object="buoyancy_ball_orange_6x6x6"/>
			</body>
			<body id_="785627968" name="buoyancy_ball_orange" tags="awake" pos="2.5 -0.15 2.5" rot="0.0 -180.0 0.0" dynamic="true">
				<rope id_="1718065536" pos="0.2 0.7 -0.2" color="0.1 0.25 0.7">
					<location id_="1672318592" pos="0.0 0.1 0.0" rot="0.0 0.0 0.0"/>
					<location id_="1749786880" pos="0.2 0.3 0.0" rot="0.0 0.0 0.0"/>
				</rope>
				<vox id_="1808576256" pos="0.0 0.3 0.0" rot="0.0 0.0 0.0" density="0.2" strength="25" file="MOD/assets/vehicle/boat/mediumboat_trawler.vox" object="buoyancy_ball_orange_6x6x6"/>
			</body>
			<body id_="1495950464" name="buoyancy_ball_orange" tags="awake" pos="2.4 -0.05 -0.8" rot="0.0 -180.0 0.0" dynamic="true">
				<rope id_="1704760960" pos="0.2 0.7 -0.2" color="0.1 0.25 0.7">
					<location id_="1309816960" pos="0.0 0.1 0.0" rot="0.0 0.0 0.0"/>
					<location id_="150676464" pos="0.2 0.3 0.0" rot="0.0 0.0 0.0"/>
				</rope>
				<vox id_="1648920832" pos="0.0 0.3 0.0" rot="0.0 0.0 0.0" density="0.2" strength="25" file="MOD/assets/vehicle/boat/mediumboat_trawler.vox" object="buoyancy_ball_orange_6x6x6"/>
			</body>
			<body id_="1132137984" name="buoyancy_ball_pink" tags="awake" pos="-2.0 0.25 -2.5" rot="0.0 0.0 0.0" dynamic="true">
				<rope id_="1997724800" pos="0.2 0.6 -0.2" color="0.1 0.25 0.7">
					<location id_="996666752" pos="0.0 0.1 0.0" rot="0.0 0.0 0.0"/>
					<location id_="1661176832" pos="0.2 0.4 -0.0" rot="0.0 0.0 0.0"/>
				</rope>
				<vox id_="411787808" pos="0.0 0.1 0.0" rot="0.0 0.0 0.0" density="0.2" strength="25" file="MOD/assets/vehicle/boat/mediumboat_trawler.vox" object="buoyancy_ball_pink_6x6x6"/>
			</body>
			<body id_="340939072" name="buoyancy_ball_pink" tags="awake" pos="2.2 0.15 -2.9" rot="0.0 -180.0 0.0" dynamic="true">
				<rope id_="663068160" pos="0.2 0.7 -0.2" color="0.1 0.25 0.7">
					<location id_="122232096" pos="0.0 0.0 0.0" rot="0.0 0.0 0.0"/>
					<location id_="1427592320" pos="0.2 0.3 0.0" rot="0.0 0.0 0.0"/>
				</rope>
				<vox id_="953213760" pos="0.0 0.2 0.0" rot="0.0 0.0 0.0" density="0.2" strength="25" file="MOD/assets/vehicle/boat/mediumboat_trawler.vox" object="buoyancy_ball_pink_6x6x6"/>
			</body>
			<body id_="686859200" name="buoyancy_ball_orange" tags="awake" pos="-2.2 -0.05 -0.4" rot="0.0 0.0 0.0" dynamic="true">
				<rope id_="1050147392" pos="0.2 0.6 -0.2" color="0.1 0.25 0.7">
					<location id_="1673170688" pos="0.0 0.1 0.0" rot="0.0 0.0 0.0"/>
					<location id_="964617728" pos="0.2 0.4 -0.0" rot="0.0 0.0 0.0"/>
				</rope>
				<vox id_="1113655680" pos="0.0 0.2 0.0" rot="0.0 0.0 0.0" density="0.2" strength="25" file="MOD/assets/vehicle/boat/mediumboat_trawler.vox" object="buoyancy_ball_orange_6x6x6"/>
			</body>
		</group>
	</group>
</prefab>

