<prefab version="0.9.2">
	<group id_="342970816" open_="true" name="instance=MOD/assets/vehicle/boat//patrolboat.xml" pos="47.55006 1.5 0.3" rot="0.0 -90.0 0.0">
		<vehicle id_="442067296" open_="true" tags="boat dumptruck" pos="0.0 -1.0 0.5" sound="yacht 0.8" steerassist="0.25">
			<body id_="1996282880" open_="true" tags="boat" pos="-0.1 0.0 2.0" rot="0.0 0.0 0.0" dynamic="true">
				<vox id_="721071104" open_="true" name="patrolboat" pos="0.1 0.1 -1.9" rot="0.0 90.0 0.0" texture="13 0.65" blendtexture="7 0.15" file="MOD/assets/vehicle/boat//patrolboat.vox" object="patrolboat">
					<group id_="1487102592" open_="true" name="extras" pos="1.5 3.9 -0.1">
						<vox id_="933682816" open_="true" pos="-2.1 0.0 0.1" rot="0.0 0.0 0.0" texture="13 0.65" blendtexture="7 0.15" prop="true" file="MOD/assets/vehicle/boat//patrolboat.vox" object="door">
							<joint id_="2124413568" pos="0.1 1.7 0.5" rot="-90.0 90.0 0.0" type="hinge" rotstrength="0.001" limits="0 90"/>
							<joint id_="1181948416" pos="0.1 0.4 0.5" rot="-90.0 90.0 0.0" type="hinge" rotstrength="0.001" limits="0 90"/>
						</vox>
						<vox id_="1834071296" open_="true" name="engine_room_door" pos="-5.2 -2.6 0.1" rot="0.0 0.0 0.0" texture="13 0.65" blendtexture="7 0.15" prop="true" file="MOD/assets/vehicle/boat//patrolboat.vox" object="door">
							<joint id_="465923872" pos="0.1 1.7 0.5" rot="-90.0 90.0 0.0" type="hinge" rotstrength="0.001" limits="0 90"/>
							<joint id_="2104030592" pos="0.1 0.4 0.5" rot="-90.0 90.0 0.0" type="hinge" rotstrength="0.001" limits="0 90"/>
						</vox>
						<vox id_="1929956352" open_="true" name="antenna_spin_me" pos="5.2 3.6 0.1" rot="0.0 0.0 0.0" texture="13 0.65" blendtexture="7 0.15" prop="true" file="MOD/assets/vehicle/boat//patrolboat.vox" object="radio_spinner">
							<joint id_="1316174336" name="antenna_joint" pos="0.05 0.0 -0.05" rot="-90.0 0.0 0.0" type="hinge"/>
						</vox>
						<group id_="370104384" open_="true" name="deck_hatch_doors" pos="-8.0 -0.2 0.0" rot="0.0 0.0 0.0">
							<body id_="940302400" open_="true" pos="0.0 -0.1 0.9" dynamic="true">
								<vox id_="1490641792" open_="true" pos="0.0 0.1 0.1" rot="0.0 0.0 0.0" texture="13 0.65" blendtexture="7 0.15" file="MOD/assets/vehicle/boat//patrolboat.vox" object="hatch_right">
									<joint id_="1377912960" pos="-2.25 0.0 0.7" rot="0.0 90.0 0.0" type="hinge" rotstrength="0.001" limits="0 135"/>
									<joint id_="754103232" pos="2.35 0.0 0.7" rot="0.0 90.0 0.0" type="hinge" rotstrength="0.001" limits="0 135"/>
								</vox>
							</body>
							<body id_="954262400" open_="true" pos="0.0 -0.1 -0.9" dynamic="true">
								<vox id_="1656195840" open_="true" pos="0.0 0.1 0.1" rot="0.0 0.0 0.0" texture="13 0.65" blendtexture="7 0.15" file="MOD/assets/vehicle/boat//patrolboat.vox" object="hatch_left">
									<joint id_="1991826176" pos="-2.25 0.0 -0.8" rot="0.0 -90.0 0.0" type="hinge" rotstrength="0.001" limits="0 135"/>
									<joint id_="1126567040" pos="2.35 0.0 -0.8" rot="0.0 -90.0 0.0" type="hinge" rotstrength="0.001" limits="0 135"/>
								</vox>
							</body>
						</group>
						<group id_="1646495872" open_="true" name="cables" pos="0.0 0.9 0.0">
							<rope id_="1369785984" open_="true" name="wire_left" pos="2.55 4.9 -0.75" rot="0.0 180.0 0.0" color="0.4 0.05 0.05" slack="0.5">
								<location id_="1422545664" pos="0.0 0.0 0.0" rot="0.0 0.0 0.0"/>
								<location id_="894096704" pos="4.85 -3.55 2.7" rot="0.0 0.0 0.0"/>
							</rope>
							<rope id_="2032919680" open_="true" name="wire_left" pos="-2.35 1.3 -3.45" rot="0.0 180.0 0.0" color="0.4 0.05 0.05">
								<location id_="1406291840" pos="0.0 0.0 0.0" rot="0.0 0.0 0.0"/>
								<location id_="230045408" pos="2.35 -1.05 -0.1" rot="0.0 0.0 0.0"/>
							</rope>
							<rope id_="208220576" open_="true" name="wire_left" pos="4.8 0.15 -2.75" rot="0.0 180.0 0.0" color="0.35 0.05 0.05">
								<location id_="760788352" pos="0.0 0.0 0.0" rot="0.0 0.0 0.0"/>
								<location id_="1290154880" pos="3.3 0.0 0.6" rot="0.0 0.0 0.0"/>
							</rope>
							<rope id_="450980736" open_="true" name="wire_left" pos="0.6 3.45 -1.25" rot="0.0 180.0 0.0" color="0.4 0.05 0.05">
								<location id_="1341210624" pos="0.0 0.0 0.0" rot="0.0 0.0 0.0"/>
								<location id_="619484096" pos="2.8 -1.05 -1.3" rot="0.0 0.0 0.0"/>
							</rope>
							<rope id_="368007104" open_="true" name="wire_right" pos="4.8 0.15 2.85" rot="0.0 180.0 0.0" color="0.35 0.05 0.05">
								<location id_="1303459584" pos="0.0 0.0 0.0" rot="0.0 0.0 0.0"/>
								<location id_="905697280" pos="3.3 0.0 -0.6" rot="0.0 0.0 0.0"/>
							</rope>
							<rope id_="2124479104" open_="true" name="wire_right" pos="0.6 3.45 1.35" rot="0.0 180.0 0.0" color="0.4 0.05 0.05">
								<location id_="1335180928" pos="0.0 0.0 0.0" rot="0.0 0.0 0.0"/>
								<location id_="230962960" pos="2.8 -1.05 1.3" rot="0.0 0.0 0.0"/>
							</rope>
							<rope id_="1794878464" open_="true" name="wire_right" pos="-2.35 1.3 3.55" rot="0.0 180.0 0.0" color="0.4 0.05 0.05">
								<location id_="1262038272" pos="0.0 0.0 0.0" rot="0.0 0.0 0.0"/>
								<location id_="1163203968" pos="2.35 -1.05 0.1" rot="0.0 0.0 0.0"/>
							</rope>
							<rope id_="1059912896" open_="true" name="wire_right" pos="2.55 4.9 0.85" rot="0.0 180.0 0.0" color="0.4 0.05 0.05" slack="0.5">
								<location id_="789494848" pos="0.0 0.0 0.0" rot="0.0 0.0 0.0"/>
								<location id_="1163597184" pos="4.85 -3.55 -2.7" rot="0.0 0.0 0.0"/>
							</rope>
						</group>
						<group id_="1000402560" open_="true" name="buoyancy_rings" pos="2.1 1.9 0.0">
							<vox id_="1170740992" pos="0.0 0.0 -1.9" rot="0.0 0.0 0.0" texture="13 0.65" blendtexture="7 0.15" density=".1" prop="true" file="MOD/assets/vehicle/boat//patrolboat.vox" object="buoyancy_ring"/>
							<vox id_="1062272320" pos="0.0 0.0 2.1" rot="0.0 0.0 0.0" texture="13 0.65" blendtexture="7 0.15" density=".1" prop="true" file="MOD/assets/vehicle/boat//patrolboat.vox" object="buoyancy_ring"/>
						</group>
						<group id_="1480876288" open_="true" name="cabin_lights" pos="3.0 0.0 0.0">
							<light id_="1185618560" open_="true" name="cabin_light_4000k" pos="0.0 2.8 0.05" rot="90.0 0.0 0.0" type="area" color="1.0 0.7 0.4" scale="1" size=".8 .1">
								<light id_="1626178432" name="cabin_Fill_light_4000k" pos="0.0 0.0 2.8" rot="-180.0 0.0 0.0" type="area" color="1.0 0.7 0.4" scale="1" size=".8 .8" fogscale="0"/>
							</light>
						</group>
						<light id_="480735904" name="deck_light_4000k" pos="-2.45 3.15 0.05" rot="90.0 0.0 -45.0" type="area" color="1.0 0.7 0.4" scale="12" size=".1 .3" unshadowed="0.2" glare="0.25"/>
						<light id_="682533568" name="engine_room_light_4000k" pos="-2.5 -0.35 0.05" rot="0.0 90.0 0.0" type="capsule" color="1.0 0.7 0.4" scale="3" size=".7 .05" unshadowed="0.2"/>
					</group>
				</vox>
				<location id_="1786685952" tags="propeller" pos="0.05 0.6 10.2" rot="0.0 0.0 0.0"/>
				<location id_="501512064" tags="player" pos="0.05 5.6 -7.7" rot="0.0 -180.0 0.0"/>
				<location id_="1120078592" tags="exhaust" pos="2.75 3.0 7.35" rot="0.0 0.0 0.0"/>
				<location id_="1203773184" tags="exhaust" pos="-2.65 3.0 7.35" rot="0.0 0.0 0.0"/>
				<location id_="195374736" tags="exit" pos="0.05 5.3 -6.9" rot="0.0 -180.0 0.0"/>
			</body>
		</vehicle>
	</group>
</prefab>

