<prefab version="0.9.3">
	<group id_="1311127680" open_="true" name="instance=MOD/assets/vehicle/boat/yacht_caribbean.xml" pos="-10.7 1.3 8.09999" rot="0.0 0.0 0.0">
		<group id_="1985206656" name="carib yacht " pos="0.69999 -0.65 -4.54013" rot="0.0 0.0 0.0" prop0="texture=1 0.5">
			<vehicle id_="228669056" tags="boat" pos="0.0 0.0 0.0" rot="0.0 0.0 0.0" sound="yacht" spring="1.5" topspeed="50" acceleration=".6" strength="0.7" steerassist="0.05">
				<body id_="1677692928" pos="-0.05 0.45 9.6" rot="0.0 0.0 0.0" dynamic="true">
					<vox id_="1407995776" tags="autobreak" pos="0.05 -0.6 4.1" rot="0.0 90.0 0.0" file="MOD/assets/vehicle/boat/yacht_small.vox" object="engines_back"/>
					<vox id_="2001132800" tags="autobreak" pos="0.05 -0.6 -9.3" rot="0.0 90.0 0.0" file="MOD/assets/vehicle/boat/yacht_small.vox" object="engines_front"/>
					<vox id_="256326944" tags="autobreak" pos="0.05 -0.9 -3.0" rot="0.0 90.0 0.0" file="MOD/assets/vehicle/boat/yacht_small.vox" object="hull">
						<location id_="1858386688" tags="player" pos="-0.4 6.4 0.0" rot="0.0 90.0 0.0"/>
						<location id_="280707808" tags="exit" pos="-0.7 5.5 0.7" rot="0.0 0.0 0.0"/>
						<location id_="79368944" tags="propeller" pos="-12.35 -0.25 -0.14999"/>
					</vox>
					<body id_="158410176" pos="0.0 1.9 6.6" rot="0.0 0.0 0.0" dynamic="true">
						<vox id_="1306605440" tags="autobreak" pos="0.05 -1.2 0.6" rot="0.0 90.0 0.0" file="MOD/assets/vehicle/boat/yacht_small.vox" object="engine_room_hatch">
							<joint id_="1792322432" pos="0.6 1.2 -0.4" rot="180.0 180.0 80.0" type="hinge" rotstrength="0.05" rotspring="0" limits="-130 0"/>
						</vox>
					</body>
					<vox id_="1869135232" tags="autobreak" pos="0.05 3.6 -6.3" rot="0.0 90.0 0.0" file="MOD/assets/vehicle/boat/yacht_small.vox" object="front_window"/>
					<vox id_="1087701888" tags="autobreak" pos="0.05 1.4 -3.2" rot="0.0 90.0 0.0" file="MOD/assets/vehicle/boat/yacht_small.vox" object="ship_top"/>
					<vox id_="449276704" tags="autobreak" pos="0.05 0.8 -2.3" rot="0.0 90.0 0.0" file="MOD/assets/vehicle/boat/yacht_small.vox" object="glass"/>
					<vox id_="523074752" tags="autobreak" pos="0.05 -0.7 10.1" rot="0.0 90.0 0.0" file="MOD/assets/vehicle/boat/yacht_small.vox" object="steps"/>
				</body>
				<vox id_="610963904" tags="autobreak" pos="0.8 2.05 11.7" rot="0.0 90.0 0.0" prop="true" file="MOD/assets/vehicle/boat/yacht_small.vox" object="slide_door">
					<joint id_="1104676736" pos="0.15 1.9 -0.7" rot="0.0 0.0 0.0" type="prismatic" size=".2" rotstrength="0.3" rotspring="0" limits="-1.4 0" sound="true"/>
				</vox>
			</vehicle>
		</group>
	</group>
</prefab>

