<prefab version="3">
	<group id_="1897579648" pos="130.60001 0.0 -30.9">
		<body id_="1732877568" open_="true" tags="chopper" pos="-0.00002 1.3 -1.1">
			<vox id_="1461214336" tags="unbreakable" pos="0.0 -1.3 2.1" rot="0 -90 0" collide="false" prop="false" file="MOD/chopper/chopper.vox" object="body"/>
		</body>
		<body id_="7340480" open_="true" tags="mainrotor" pos="-0.00002 3.0 -1.1" dynamic="false">
			<vox id_="1837282816" tags="unbreakable" pos="0.0 0.0 0.0" rot="0.0 0.0 0.0" collide="false" file="MOD/chopper/chopper.vox" object="rotor1"/>
		</body>
		<body id_="670670848" open_="true" tags="tailrotor" pos="-0.10001 2.35 6.45" dynamic="false">
			<vox id_="1788193408" tags="unbreakable" pos="-0.1 1.25 -0.05" rot="180.0 -90.0 0.0" collide="false" file="MOD/chopper/chopper.vox" object="rotor2"/>
		</body>
		<body id_="55381300" open_="true" tags="light" pos="-0.00002 0.4 -3.3">
			<voxbox id_="807125120" open_="true" tags="unbreakable" pos="-0.1 -0.1 -0.1" collide="false" size="2 2 2" pbr="0 0 0 32">
				<light id_="260914736" tags="light" pos="0.1 0.1 0.1" rot="0 180 0" type="cone" scale="4000" angle="30" reach="100" unshadowed="0.5" fogscale="0.2"/>
			</voxbox>
		</body>
	</group>
</prefab>

