<prefab version="1.1.0">
	<group name="instance=MOD/Vehicles/ford/suv3.xml" pos="6.5 0.1 0.0" rot="0.0 0.0 0.0">
		<vehicle pos="0.0 0.0 0.0" rot="0.0 0.0 0.0" driven="false" sound="pickup 1.1" spring="1.2" damping="0.9" topspeed="80" acceleration="8" strength="8" antispin="0" antiroll="0.2" difflock="1" steerassist="0.15" friction="1.5">
			<body pos="-0.05 0.5 -0.25" rot="0.0 0.0 0.0" dynamic="true">
				<vox pos="0.05 -0.2 0.15" rot="0 180 0" density="2" strength="3" file="MOD/Vehicles/ford/suv3.vox" object="body">
					<light pos="0.85 0.85 -2.1" rot="0.0 -180.0 0.0" type="area" size="0.1 0.1" unshadowed="0.3"/>
					<light pos="-0.75 0.85 -2.1" rot="0.0 -180.0 0.0" type="area" size="0.1 0.1" unshadowed="0.3"/>
					<light pos="0.7 0.7 2.2" rot="0.0 0.0 0.0" type="cone" color="1 .9 .8" scale="50" angle="50" penumbra="15" size="0.1" unshadowed="0.2"/>
					<light pos="-0.6 0.7 2.2" rot="0.0 0.0 0.0" type="cone" color="1 .9 .8" scale="50" angle="50" penumbra="15" size="0.1" unshadowed="0.2"/>
					<location tags="exhaust" pos="0.5 0.2 -2.1" rot="-180.0 360.0 -180.0"/>
					<location tags="vital" pos="0.05 0.65 1.4" rot="-180.0 360.0 -180.0"/>
					<location tags="player" pos="0.45 1.3 0.2" rot="0.0 0.0 0.0"/>
				</vox>
				<wheel name="bl" pos="-0.65 -0.05 1.6" drive="1" travel="-0.1 0.2">
					<vox pos="-0.1 -0.45 -0.05" rot="0.0 -180.0 0.0" file="MOD/Vehicles/ford/suv3.vox" object="wheeL_bl"/>
				</wheel>
				<wheel name="br" pos="0.75 -0.05 1.6" drive="1" travel="-0.1 0.2">
					<vox pos="0.1 -0.45 -0.05" rot="0 180 0" file="MOD/Vehicles/ford/suv3.vox" object="wheel_br"/>
				</wheel>
				<wheel name="fl" pos="-0.65 -0.05 -1.4" drive="1" steer="1" travel="-0.1 0.2">
					<vox pos="-0.1 -0.45 -0.05" rot="0 180 0" file="MOD/Vehicles/ford/suv3.vox" object="wheel_fl"/>
				</wheel>
				<wheel name="fr" pos="0.75 -0.05 -1.4" drive="1" steer="1" travel="-0.1 0.2">
					<vox pos="0.1 -0.45 -0.05" rot="0.0 -180.0 0.0" file="MOD/Vehicles/ford/suv3.vox" object="wheel_fr"/>
				</wheel>
			</body>
		</vehicle>
	</group>
</prefab>

