<prefab version="1.0.0">
	<group name="MOD/Spawnable/NovaPoshtaTruck.xml" pos="-21.1 0.2 -24.5" rot="0.0 -90.0 0.0">
		<vehicle tags="dumptruck reversebeep" pos="0.1 0.0 -0.1" rot="0.0 0.0 0.0" driven="false" sound="semitruck2" spring="0.4" damping="0.4" topspeed="60" acceleration="0.5" strength="2" antiroll="0.3" difflock="0.5">
			<body pos="0.0 1.2 -0.2" rot="0.0 0.0 0.0" dynamic="true">
				<vox pos="0.0 -0.7 0.3" rot="0.00001 180.0 -0.00001" file="MOD/Scripts/Vehicles/NovaPoshtaTruck/NovaPoshtaTruck.vox" object="body">
					<light pos="1.0 0.4 -4.0" rot="0.00001 180.0 -0.00001" type="area" color="1 .1 .1" size="0.2 0.2" unshadowed="0.2" glare="0.2"/>
					<light pos="-1.0 0.4 -4.0" rot="0.00001 180.0 -0.00001" type="area" color="1 .1 .1" size="0.2 0.2" unshadowed="0.2" glare="0.2"/>
					<light pos="-1.15 0.4 -4.0" rot="0.00001 180.0 -0.00001" type="area" size="0.1 0.2" unshadowed="0.2"/>
					<light pos="1.15 0.4 -4.0" rot="0.00001 180.0 -0.00001" type="area" size="0.1 0.2" unshadowed="0.2"/>
					<light pos="-0.8 0.8 3.9" rot="0.0 0.0 0.0" type="cone" color="1 .9 .8" scale="30" angle="90" penumbra="30" size="0.1" unshadowed="0.3" glare="0.4"/>
					<light pos="0.8 0.8 3.9" rot="0.0 0.0 0.0" type="cone" color="1 .9 .8" scale="30" angle="90" penumbra="30" size="0.1" unshadowed="0.3" glare="0.4"/>
					<location name="player" tags="player" pos="0.65 1.85 3.15" rot="0.0 0.0 0.0"/>
				</vox>
				<vox pos="1.4 0.0 -2.9" rot="0 180 0" prop="true" file="MOD/Scripts/Vehicles/NovaPoshtaTruck/NovaPoshtaTruck.vox" object="doorr">
					<joint pos="0.1 0.3 0.6" rotstrength="0.1" collide="true"/>
					<joint pos="0.1 1.2 0.6" rotstrength="0.1" collide="true"/>
				</vox>
				<vox pos="-1.4 0.0 -2.9" rot="0 180 0" prop="true" file="MOD/Scripts/Vehicles/NovaPoshtaTruck/NovaPoshtaTruck.vox" object="doorl">
					<joint pos="-0.1 0.3 0.6" rotstrength="0.1" collide="true"/>
					<joint pos="-0.1 1.2 0.6" rotstrength="0.1" collide="true"/>
				</vox>
				<group name="Wheels" pos="0.1 0.0 -0.5" rot="0.0 0.0 0.0">
					<wheel name="bl2" pos="-1.2 -0.7 3.0" rot="0.0 0.0 0.0" drive="1" travel="-0.1 0.2">
						<vox pos="-0.2 -0.5 0.0" rot="0.0 -179.99998 0.0" file="MOD/Scripts/Vehicles/NovaPoshtaTruck/NovaPoshtaTruck.vox" object="wheel_bl"/>
					</wheel>
					<wheel name="br2" pos="1.0 -0.7 3.0" rot="0.0 0.0 0.0" drive="1" travel="-0.1 0.2">
						<vox pos="0.2 -0.5 0.0" rot="0.0 -179.99998 0.0" file="MOD/Scripts/Vehicles/NovaPoshtaTruck/NovaPoshtaTruck.vox" object="wheel_br"/>
					</wheel>
					<wheel name="br2" pos="1.0 -0.7 1.7" rot="0.0 0.0 0.0" drive="1" travel="-0.1 0.2">
						<vox pos="0.2 -0.5 0.0" rot="0.0 -179.99998 0.0" file="MOD/Scripts/Vehicles/NovaPoshtaTruck/NovaPoshtaTruck.vox" object="wheel_mr"/>
					</wheel>
					<wheel name="bl1" pos="-1.2 -0.7 1.7" rot="0.0 0.0 0.0" drive="1" travel="-0.1 0.2">
						<vox pos="-0.2 -0.5 0.0" rot="0.0 -179.99998 0.0" file="MOD/Scripts/Vehicles/NovaPoshtaTruck/NovaPoshtaTruck.vox" object="wheel_ml"/>
					</wheel>
					<wheel name="fl" pos="-1.2 -0.7 -1.7" rot="0.0 0.0 0.0" steer="1" travel="-0.1 0.2">
						<vox pos="-0.2 -0.5 0.0" rot="0.0 -179.99998 0.0" file="MOD/Scripts/Vehicles/NovaPoshtaTruck/NovaPoshtaTruck.vox" object="wheel_fl"/>
					</wheel>
					<wheel name="fr" pos="1.0 -0.7 -1.7" rot="0.0 0.0 0.0" steer="1" travel="-0.1 0.2">
						<vox pos="0.2 -0.5 0.0" rot="0.0 -179.99998 0.0" file="MOD/Scripts/Vehicles/NovaPoshtaTruck/NovaPoshtaTruck.vox" object="wheel_fr"/>
					</wheel>
				</group>
				<body pos="-0.1 0.0 4.3" dynamic="true">
					<script pos="0.1 0.0 0.0" file="MOD/Scripts/Vehicles/NovaPoshtaTruck/script.lua">
						<vox pos="0.0 0.0 0.1" density="20" file="MOD/Scripts/Vehicles/NovaPoshtaTruck/NovaPoshtaTruck.vox" object="Door holders">
							<joint name="Joint3" tags="Joint3 holder" pos="-1.45 2.6 -0.05" rot="90 0 0" type="prismatic" rotspring="0" limits="0 1.3"/>
							<joint name="Joint4" tags="Joint4 holder" pos="1.45 2.6 -0.05" rot="90 0 0" type="prismatic" rotspring="0" limits="0 1.3"/>
						</vox>
						<body pos="0.0 0.3 0.0" rot="0.0 0.0 0.0" dynamic="true">
							<vox tags="interact down" pos="-1.2 -0.2 0.1" density="10" file="MOD/Scripts/Vehicles/NovaPoshtaTruck/NovaPoshtaTruck.vox" object="Green button"/>
							<vox tags="interact up" pos="-1.0 -0.2 0.1" density="10" file="MOD/Scripts/Vehicles/NovaPoshtaTruck/NovaPoshtaTruck.vox" object="Red button"/>
							<vox pos="0.0 -0.3 0.0" rot="0.00001 180.0 -0.00001" density="10" file="MOD/Scripts/Vehicles/NovaPoshtaTruck/NovaPoshtaTruck.vox" object="back_door">
								<joint name="Hinge for ramp" pos="-1.4 0.05 -0.05" rot="0.0 90.0 90.0" type="hinge" rotstrength="0.002" rotspring="0" limits="-90 0"/>
								<joint name="Hinge for ramp" pos="1.4 0.05 -0.05" rot="0.0 90.0 90.0" type="hinge" rotstrength="0.002" rotspring="0" limits="-90 0"/>
							</vox>
						</body>
					</script>
				</body>
			</body>
			<location name="exhaust " tags="exhaust" pos="-1.3 0.7 -0.9" rot="0.0 -30.0 0.0"/>
			<location name="exhaust" tags="exhaust" pos="1.3 0.7 -0.9" rot="0.0 30.0 0.0"/>
			<location name="vital" tags="vital" pos="0.0 1.0 -3.25" rot="0.0 0.0 0.0"/>
		</vehicle>
	</group>
</prefab>

