<scene id_="1314142592" version="0.7.1" shadowVolume="140 30 140">
	<group id_="104470760" name="Map">
		<group id_="1652853248" name="vehicles" pos="-15.8 3.3 3.5">
			<instance id_="448359136" pos="6.5 0.0 -4.9" rot="0.0 -90.0 0.0" file="MOD/assets/vehicles/land/taskmaster-4wd.xml"/>
			<instance id_="415064832" pos="22.9 -0.3 -8.6" rot="0.0 90.0 0.0" file="MOD/assets/vehicles/land/dumptruck.xml"/>
			<instance id_="1139675008" pos="39.3 -0.3 0.0" rot="0.0 180.0 0.0" file="MOD/assets/vehicles/land/crane.xml"/>
		</group>
		<voxscript id_="572295296" pos="-50.1 -5.1 -49.9" rot="0.0 0.0 0.0" texture="6" file="MOD/assets/ground.lua">
			<parameters file="MOD/heightmap.png" scale="256"/>
		</voxscript>
		<water id_="1442273280" name="water" pos="0.0 1.6 46.8" rot="0.0 0.0 0.0"/>
		<environment id_="623416448" name="environment" template="sunset" pos="0.0 5.9 46.8" skyboxrot="135"/>
		<group id_="1500276096" name="buildings" pos="-3.0 3.0 -11.4">
			<group id_="886625152" name="factory" pos="-11.0 0.0 -8.6" rot="0.0 0.0 0.0" prop0="texture=2 0.5">
				<group id_="1268002432" name="roof" pos="-0.1 6.2 -1.5" rot="0.0 0.0 0.0">
					<voxbox id_="603164608" pos="-7.3 1.8 -8.1" rot="0.0 0.0 0.0" size="148 40 35" brush="MOD/assets/industrial/roofs.vox" object="roof01-steep" offset="11"/>
					<voxbox id_="1760338816" pos="-7.3 5.1 -6.1" rot="0.0 0.0 0.0" size="148 16 20" brush="MOD/assets/industrial/roofs.vox" object="roof01-gentle" offset="11"/>
					<voxbox id_="1928252288" pos="7.5 5.1 -2.1" rot="0.0 -180.0 0.0" size="148 16 20" brush="MOD/assets/industrial/roofs.vox" object="roof01-gentle" offset="11"/>
					<voxbox id_="1083572864" pos="7.5 2.2 -0.4" rot="0.0 180.0 0.0" size="148 36 32" brush="MOD/assets/industrial/roofs.vox" object="roof01-steep" offset="11"/>
					<voxbox id_="1900070144" pos="7.5 -1.4 11.1" rot="0.0 -180.0 0.0" size="148 50 117" brush="MOD/assets/industrial/roofs.vox" object="roof01-gentle" offset="11">
						<vox id_="1011806528" pos="12.5 2.3 5.9" rot="75.0 0.0 0.0" file="MOD/assets/industrial/components.vox" object="roofwindow-wood-10x30x7"/>
						<vox id_="103880896" pos="10.8 2.3 5.9" rot="75.0 0.0 0.0" file="MOD/assets/industrial/components.vox" object="roofwindow-wood-10x30x7"/>
						<vox id_="550077248" pos="9.1 2.3 5.9" rot="75.0 0.0 0.0" file="MOD/assets/industrial/components.vox" object="roofwindow-wood-10x30x7"/>
						<vox id_="1005383616" pos="7.4 2.3 5.9" rot="75.0 0.0 0.0" file="MOD/assets/industrial/components.vox" object="roofwindow-wood-10x30x7"/>
					</voxbox>
					<voxbox id_="1856944768" pos="6.8 1.8 -1.0" rot="0.0 270.0 0.0" size="6 6 135" brush="MOD/assets/industrial/beams.vox" object="wood-light-6x6"/>
				</group>
				<vox id_="913889792" pos="-2.2 0.8 -1.6" rot="90.0 -180.0 0.0" prop="true" file="MOD/assets/props/plasticcan.vox"/>
				<voxbox id_="616862464" pos="6.5 0.3 -9.1" rot="0.0 0.0 0.0" size="6 84 6" brush="MOD/assets/industrial/components.vox" object="corner-brick-plain"/>
				<compound id_="1795992576" pos="-6.8 0.3 -0.1" rot="0.0 0.0 0.0">
					<voxagon id_="1134956160" pos="0.2 6.3 -7.4" rot="-90.0 90.0 0.0" brush="MOD/assets/industrial/components.vox" object="wall-brick-plain" axis="y" extrude="5">
						<vertex pos="-15.7 -1.0"/>
						<vertex pos="1.0 -1.0"/>
						<vertex pos="1.0 2.1"/>
						<vertex pos="1.7 2.1"/>
						<vertex pos="0.0 5.3"/>
						<vertex pos="-1.9 5.6"/>
						<vertex pos="-3.5 5.3"/>
						<vertex pos="-5.5 2.0"/>
					</voxagon>
					<voxbox id_="1522232064" pos="0.2 0.0 -8.4" rot="0.0 -90.0 0.0" size="169 54 5" brush="MOD/assets/industrial/components.vox" object="wall-brick-plain">
						<vox id_="155264256" pos="13.6 1.2 0.2" rot="0.0 0.0 0.0" file="MOD/assets/industrial/components.vox" object="window-brick-59x35x7"/>
					</voxbox>
					<voxbox id_="1594391552" pos="-0.3 0.0 -8.4" rot="0.0 90.0 0.0" size="6 83 6" brush="MOD/assets/industrial/components.vox" object="corner-brick-plain"/>
					<voxbox id_="1134104192" pos="0.3 0.0 9.1" rot="0.0 -180.0 0.0" size="6 52 6" brush="MOD/assets/industrial/components.vox" object="corner-brick-plain"/>
				</compound>
				<voxbox id_="107616680" pos="-7.0 -0.1 -9.0" rot="0.0 0.0 0.0" size="141 4 179" brush="MOD/assets/industrial/innerfloors.vox" object="epoxy-wet-gray"/>
				<voxbox id_="1171199744" pos="-7.0 3.8 -1.5" rot="0.0 90.0 0.0" size="21 3 159" brush="MOD/assets/industrial/innerfloors.vox" object="planks-plain-medium_brown">
					<voxbox id_="600346368" pos="0.2 0.3 2.2" rot="0.0 270.0 0.0" size="93 10 2" brush="MOD/assets/industrial/components.vox" object="railing-plain-wood"/>
					<voxbox id_="1516071296" pos="0.2 0.3 11.7" rot="0.0 180.0 0.0" size="29 10 2" brush="MOD/assets/industrial/components.vox" object="railing-plain-wood"/>
					<voxbox id_="373905696" pos="-2.7 0.3 11.5" rot="0.0 270.0 0.0" size="21 10 2" brush="MOD/assets/industrial/components.vox" object="railing-plain-wood"/>
					<voxbox id_="267927520" pos="1.9 0.3 13.6" rot="0.0 90.0 0.0" size="22 10 2" brush="MOD/assets/industrial/components.vox" object="railing-plain-wood"/>
					<voxbox id_="1966593280" pos="1.9 0.3 9.9" rot="0.0 90.0 0.0" size="95 10 2" brush="MOD/assets/industrial/components.vox" object="railing-plain-wood"/>
				</voxbox>
				<voxbox id_="2123233792" pos="6.9 3.8 1.2" rot="0.0 90.0 0.0" size="27 3 20" brush="MOD/assets/industrial/innerfloors.vox" object="planks-plain-medium_brown" offset="0 0 5">
					<voxbox id_="1737530880" pos="0.2 0.3 0.2" rot="0.0 -90.0 0.0" size="16 10 2" brush="MOD/assets/industrial/components.vox" object="railing-plain-wood"/>
					<voxbox id_="1290154880" pos="-0.0 0.3 1.8" rot="0.0 0.0 0.0" size="48 10 2" brush="MOD/assets/industrial/components.vox" object="railing-plain-wood"/>
				</voxbox>
				<voxbox id_="1836168704" pos="2.5 4.5 -6.2" rot="0.0 0.0 0.0" size="29 3 21" brush="MOD/assets/industrial/innerfloors.vox" object="planks-plain-medium_brown">
					<voxbox id_="1159140480" pos="0.2 0.3 0.0" rot="0.0 -90.0 0.0" size="21 10 2" brush="MOD/assets/industrial/components.vox" object="railing-plain-wood"/>
					<voxbox id_="1367557632" pos="2.7 0.3 2.1" rot="0.0 90.0 0.0" size="21 10 2" brush="MOD/assets/industrial/components.vox" object="railing-plain-wood"/>
				</voxbox>
				<voxbox id_="1956106880" pos="6.6 3.8 -1.5" rot="0.0 -90.0 0.0" size="29 3 21" brush="MOD/assets/industrial/innerfloors.vox" object="planks-plain-medium_brown"/>
				<voxbox id_="1795664896" pos="-6.3 0.3 2.3" rot="0.0 90.0 0.0" size="38 38 15" brush="MOD/assets/industrial/components.vox" object="stairs-industrial-metal">
					<voxbox id_="2124479104" pos="0.0 0.2 1.4" size="40 46 1" brush="MOD/assets/industrial/components.vox" object="stairs_railing-industrial-yellow"/>
				</voxbox>
				<voxbox id_="1564964096" pos="2.9 4.1 -3.3" rot="0.0 90.0 0.0" size="9 6 15" brush="MOD/assets/industrial/components.vox" object="stairs-plain-wood"/>
				<voxbox id_="980019648" pos="-6.5 0.3 -9.1" rot="0.0 0.0 0.0" size="130 84 5" brush="MOD/assets/industrial/components.vox" object="wall-brick-plain"/>
				<voxbox id_="661233088" pos="-6.5 0.3 8.5" rot="0.0 0.0 0.0" size="130 52 5" brush="MOD/assets/industrial/components.vox" object="wall-brick-plain"/>
				<compound id_="1143214208" pos="6.8 0.2 -0.1" rot="0.0 0.0 0.0">
					<voxbox id_="804765632" pos="0.3 0.1 -8.4" rot="0.0 -90.0 0.0" size="169 54 5" brush="MOD/assets/industrial/components.vox" object="wall-brick-plain">
						<vox id_="518159232" pos="12.7 0.0 0.30001" file="MOD/assets/industrial/components.vox" object="arch-brick-50x45x7"/>
					</voxbox>
					<voxbox id_="295650944" pos="0.3 0.1 8.5" rot="0.0 270.0 0.0" size="6 52 6" brush="MOD/assets/industrial/components.vox" object="corner-brick-plain"/>
					<voxbox id_="920443776" pos="-0.3 0.1 -9.0" rot="0.0 0.0 0.0" size="6 83 6" brush="MOD/assets/industrial/components.vox" object="corner-brick-plain"/>
					<voxagon id_="1526098944" pos="0.3 6.4 -7.4" rot="-90.0 90.0 0.0" brush="MOD/assets/industrial/components.vox" object="wall-brick-plain" axis="y" extrude="5">
						<vertex pos="-15.8 -1.0"/>
						<vertex pos="1.0 -1.0"/>
						<vertex pos="1.0 2.1"/>
						<vertex pos="1.6 2.1"/>
						<vertex pos="-0.1 5.3"/>
						<vertex pos="-1.9 5.6"/>
						<vertex pos="-3.6 5.3"/>
						<vertex pos="-5.5 1.9"/>
						<voxbox id_="1319844480" pos="-1.8 0.5 2.7" rot="90.0 0.0 0.0" size="18 11 5" brush="hole"/>
					</voxagon>
				</compound>
				<vox id_="1094452480" pos="3.9 0.3 -6.1" rot="0.0 90.0 0.0" file="MOD/assets/industrial/machinery.vox" object="machine01"/>
				<vox id_="2003295616" pos="-2.8 0.3 -5.8" rot="0.0 0.0 0.0" file="MOD/assets/industrial/machinery.vox" object="cooker2"/>
				<voxbox id_="108993024" pos="8.9 0.0 -7.7" rot="0.0 -90.0 0.0" size="41 41 15" brush="MOD/assets/industrial/components.vox" object="stairs-industrial-metal">
					<voxbox id_="1926876032" pos="-0.0 0.2 0.0" size="41 49 1" brush="MOD/assets/industrial/components.vox" object="stairs_railing-industrial-yellow"/>
				</voxbox>
				<instance id_="361584192" pos="6.9 4.1 -2.5" rot="0.0 -90.0 0.0" file="MOD/assets/industrial/door-outer-wood.xml"/>
				<vox id_="1236674304" pos="-2.1 0.3 -1.7" rot="0.0 90.0 0.0" prop="true" file="MOD/assets/furniture/industrial.vox" object="shelf"/>
				<vox id_="86578336" pos="0.6 0.3 -1.7" rot="0.0 90.0 0.0" prop="true" file="MOD/assets/furniture/industrial.vox" object="shelf"/>
				<vox id_="1631552768" pos="0.6 0.3 0.7" rot="0.0 90.0 0.0" prop="true" file="MOD/assets/furniture/industrial.vox" object="shelf"/>
				<vox id_="1771939456" pos="5.0 0.3 7.5" rot="0.0 180.0 0.0" prop="true" file="MOD/assets/furniture/industrial.vox" object="box"/>
				<vox id_="1658882944" pos="-4.9 0.3 7.4" rot="0.0 90.0 0.0" prop="true" file="MOD/assets/furniture/industrial.vox" object="pallet_shelf"/>
				<vox id_="1198857728" pos="-1.7 0.3 7.5" rot="0.0 180.0 0.0" file="MOD/assets/industrial/machinery.vox" object="cabinett1"/>
				<vox id_="1380665600" pos="3.7 5.6 -6.0" rot="0.0 0.0 0.0" file="MOD/assets/industrial/machinery.vox" object="wall-terminal"/>
				<vox id_="1258105856" pos="1.6 0.3 7.5" rot="0.0 180.0 0.0" file="MOD/assets/industrial/machinery.vox" object="cabinett2"/>
				<vox id_="209203680" pos="6.5 1.0 -4.2" rot="0.0 -90.0 0.0" file="MOD/assets/industrial/machinery.vox" object="cables-on_wall"/>
				<vox id_="532250336" pos="6.9 6.0 -1.6" rot="0.0 90.0 90.0" file="MOD/assets/industrial/components.vox" object="window-brick-19x25x7"/>
				<vox id_="260587040" pos="6.9 6.0 -6.7" rot="0.0 90.0 90.0" file="MOD/assets/industrial/components.vox" object="window-brick-19x25x7"/>
				<vox id_="1901446528" pos="6.9 2.2 -1.6" rot="0.0 90.0 90.0" file="MOD/assets/industrial/components.vox" object="window-brick-19x25x7"/>
				<instance id_="1853471232" pos="7.3 4.7 4.2" rot="0.0 90.0 0.0" file="MOD/assets/industrial/lamp-wall-fluorecent-long.xml"/>
				<instance id_="1299920384" pos="2.7 10.6 -5.3" rot="0.0 -180.0 0.0" file="MOD/assets/industrial/lamp-ceiling-hanging.xml"/>
				<instance id_="1847703680" pos="-3.1 10.6 -5.3" rot="0.0 -180.0 0.0" file="MOD/assets/industrial/lamp-ceiling-hanging.xml"/>
				<vox id_="1675857792" tags="explosive=3" pos="3.8 0.0 -10.1" rot="0.0 90.0 0.0" prop="true" file="MOD/assets/props/propane_huge.vox"/>
				<group id_="1589213952" name="barrels" pos="3.9 0.0 9.7" rot="0.0 90.0 0.0">
					<vox id_="964945408" pos="0.67853 0.50008 3.13222" rot="0.0 -2.5 90.0" prop="true" file="MOD/assets/props/barrels.vox" object="barrel_brown"/>
					<vox id_="1517447680" pos="-0.20056 0.0 1.59897" rot="0.0 90.1 0.0" prop="true" file="MOD/assets/props/barrels.vox" object="barrel_grey"/>
					<vox id_="1781246080" pos="0.2428 1.77465 -0.75498" rot="90.0 -30.5 45.1" prop="true" file="MOD/assets/props/barrels.vox" object="barrel_blue"/>
					<vox id_="270811264" pos="0.04625 0.00009 -0.84628" rot="0.0 11.5 0.0" prop="true" file="MOD/assets/props/barrels.vox" object="barrel_yellow"/>
					<vox id_="1488347904" pos="-0.20471 0.00012 0.27957" rot="0.0 58.6 0.0" prop="true" file="MOD/assets/props/barrels.vox" object="barrel_green"/>
				</group>
				<group id_="1639483136" name="crates" pos="4.5 3.0 6.9" rot="0.0 0.0 0.0">
					<vox id_="671522816" pos="0.2 -2.69994 -9.30007" rot="0.0 -10.0 0.0" prop="true" file="MOD/assets/props/pallettruck.vox"/>
					<vox id_="1422545664" pos="0.59998 -2.69978 -7.40005" rot="-0.1 0.0 0.0" prop="true" file="MOD/assets/props/pallets.vox" object="large"/>
					<vox id_="610046336" pos="-9.40018 -0.89982 0.39972" rot="0.0 90.0 0.0" prop="true" file="MOD/assets/props/pallets.vox" object="medium"/>
					<vox id_="1966724352" pos="0.68922 -2.03196 0.81226" rot="1.4 0.4 -63.0" prop="true" file="MOD/assets/props/pallets.vox" object="small"/>
					<vox id_="1079509376" pos="0.49995 -2.49966 -7.50034" rot="-0.1 0.0 0.0" prop="true" file="MOD/assets/props/crates.vox" object="large"/>
					<vox id_="1888731776" pos="-9.40039 -0.7002 0.39957" rot="-0.1 90.0 0.0" prop="true" file="MOD/assets/props/crates.vox" object="medium"/>
					<vox id_="185281584" pos="-0.01109 -2.60006 0.76635" rot="0.0 -1.1 0.0" prop="true" file="MOD/assets/props/crates.vox" object="small"/>
					<vox id_="1515481472" pos="-4.00051 -0.99996 -9.10003" rot="0.0 0.0 0.0" prop="true" file="MOD/assets/props/crates.vox" object="tiny"/>
					<vox id_="1876475776" pos="-4.0005 -0.99996 -8.3" rot="0.0 0.0 0.0" prop="true" file="MOD/assets/props/crates.vox" object="tiny"/>
					<vox id_="1189354368" pos="-4.00047 -0.99995 -5.80004" rot="0.0 0.0 0.0" prop="true" file="MOD/assets/props/crates.vox" object="tiny"/>
					<vox id_="1440962432" pos="-9.40024 -2.49973 0.39999" rot="-0.1 90.0 0.0" prop="true" file="MOD/assets/props/crates.vox" object="medium"/>
					<vox id_="464481984" pos="-9.40007 -2.69988 0.4" rot="-0.1 90.0 0.0" prop="true" file="MOD/assets/props/pallets.vox" object="medium"/>
				</group>
				<vox id_="609980800" pos="1.5 0.3 -7.4" rot="0.0 90.0 0.0" prop="true" file="MOD/assets/props/ladder.vox"/>
				<vox id_="617583424" pos="-5.5 0.3 -2.6" rot="0.0 -89.9 0.0" prop="true" file="MOD/assets/props/barrels.vox" object="barrel_grey"/>
				<vox id_="435840992" pos="-5.8 0.3 -1.4" rot="0.0 -89.9 0.0" prop="true" file="MOD/assets/props/barrels.vox" object="barrel_grey"/>
				<vox id_="1159140480" pos="-2.2 2.0 -1.2" rot="0.0 180.0 0.0" prop="true" file="MOD/assets/props/plasticcan.vox"/>
				<vox id_="425092448" pos="-2.1 2.0 -1.6" rot="0.0 170.0 0.0" prop="true" file="MOD/assets/props/plasticcan.vox"/>
			</group>
			<group id_="1692046208" name="garage" pos="-7.1 0.0 10.7" rot="0.0 0.0 0.0" prop0="texture=2 0.5">
				<voxbox id_="404971648" pos="-3.5 -0.1 -7.8" rot="0.0 0.0 0.0" size="90 4 94" brush="MOD/assets/industrial/innerfloors.vox" object="epoxy-wet-gray"/>
				<voxbox id_="2005458432" pos="-3.6 0.3 1.1" rot="0.0 90.0 0.0" size="84 27 5" brush="MOD/assets/industrial/components.vox" object="wall-brick-plain"/>
				<voxbox id_="462450240" pos="5.1 0.3 1.1" rot="0.0 90.0 0.0" size="84 52 5" brush="MOD/assets/industrial/components.vox" object="wall-brick-plain">
					<vox id_="1933102336" pos="2.5 0.0 0.3" rot="0.0 0.0 0.0" file="MOD/assets/industrial/components.vox" object="arch-brick-50x45x7"/>
				</voxbox>
				<voxbox id_="1642694528" pos="-4.0 2.3 2.0" rot="0.0 90.0 0.0" size="102 35 98" brush="MOD/assets/industrial/roofs.vox" object="roof02-gentle" offset="10"/>
				<voxbox id_="2120350080" pos="5.0 0.3 -7.9" rot="0.0 0.0 0.0" size="6 52 6" brush="MOD/assets/industrial/components.vox" object="corner-brick-plain"/>
				<voxbox id_="2118449408" pos="5.6 0.3 1.1" rot="0.0 -90.0 0.0" size="6 52 6" brush="MOD/assets/industrial/components.vox" object="corner-brick-plain"/>
				<voxbox id_="2042881792" pos="-3.6 0.3 -7.3" rot="0.0 90.0 0.0" size="6 27 6" brush="MOD/assets/industrial/components.vox" object="corner-brick-plain"/>
				<voxbox id_="707766464" pos="-3.0 0.3 1.7" rot="0.0 180.0 0.0" size="6 27 6" brush="MOD/assets/industrial/components.vox" object="corner-brick-plain"/>
				<voxagon id_="601460608" pos="-2.0 1.3 1.2" rot="90.0 0.0 0.0" brush="MOD/assets/industrial/components.vox" object="wall-brick-plain" offset="0 1" axis="y" extrude="5">
					<vertex pos="-1.0 -1.8"/>
					<vertex pos="7.0 -4.1"/>
					<vertex pos="7.0 1.0"/>
					<vertex pos="-1.0 1.0"/>
				</voxagon>
				<voxagon id_="1773119104" pos="-2.0 1.3 -7.9" rot="90.0 0.0 0.0" brush="MOD/assets/industrial/components.vox" object="wall-brick-plain" offset="0 1" axis="y" extrude="5">
					<vertex pos="-1.0 -1.8"/>
					<vertex pos="7.0 -4.1"/>
					<vertex pos="7.0 1.0"/>
					<vertex pos="-1.0 1.0"/>
				</voxagon>
				<vox id_="1081278976" pos="-1.4 0.3 -7.0" rot="0.0 0.0 0.0" prop="true" file="MOD/assets/furniture/industrial.vox" object="shelf"/>
				<vox id_="1942474496" pos="1.5 0.3 -7.0" rot="0.0 0.0 0.0" prop="true" file="MOD/assets/furniture/industrial.vox" object="shelf"/>
				<vox id_="1739038336" pos="-2.6 0.3 -4.6" rot="0.0 90.0 0.0" prop="true" file="MOD/assets/furniture/office_murky.vox" object="table"/>
				<instance id_="1636271616" pos="-4.6 0.0 -6.6" rot="0.0 -90.0 0.0" file="MOD/assets/props/trashcan-big.xml"/>
				<instance id_="1875623680" pos="-4.4 0.0 -4.1" rot="0.0 -90.0 0.0" file="MOD/assets/props/trashcan-big.xml"/>
				<instance id_="2061167488" pos="4.5 3.3 -5.8" rot="-90.0 -90.0 0.0" file="MOD/assets/industrial/lamp-ceiling-globe.xml"/>
				<vox id_="376396224" pos="3.8 0.3 -6.2" rot="0.0 0.0 0.0" prop="true" file="MOD/assets/props/liquidcontainer.vox"/>
				<vox id_="1213931904" pos="3.8 0.3 -4.6" rot="0.0 0.0 0.0" prop="true" file="MOD/assets/props/liquidcontainer.vox"/>
				<vox id_="306792736" pos="1.9 2.0 -6.9" rot="0.0 0.0 0.0" prop="true" file="MOD/assets/props/toolbox.vox"/>
				<vox id_="420308032" pos="-2.5 1.2 -5.5" rot="0.0 160.0 0.0" prop="true" file="MOD/assets/props/plasticcan.vox"/>
				<vox id_="984935104" pos="-2.7 0.3 -4.4" rot="0.0 0.0 0.0" prop="true" file="MOD/assets/props/pylone.vox"/>
				<vox id_="1851832704" pos="-2.7 0.3 -5.0" rot="0.0 -10.0 0.0" prop="true" file="MOD/assets/props/pylone.vox"/>
				<vox id_="194653792" pos="6.6 0.0 -5.2" rot="0.0 -1.6 0.0" prop="true" file="MOD/assets/props/crates.vox" object="medium"/>
				<vox id_="281625376" pos="7.0 0.2 -7.0" rot="0.0 3.0 0.0" prop="true" file="MOD/assets/props/crates.vox" object="large"/>
				<vox id_="1360282752" pos="7.0 0.0 -6.8" rot="0.0 0.0 0.0" prop="true" file="MOD/assets/props/pallets.vox" object="large"/>
			</group>
			<group id_="230045408" name="office" tags="2 0.5" pos="30.9 0.0 36.7" rot="0.0 0.0 0.0" prop0="texture=2 0.5">
				<voxbox id_="1727831040" pos="-3.5 -0.1 -7.4" rot="0.0 0.0 0.0" size="90 4 108" brush="MOD/assets/industrial/innerfloors.vox" object="concrete"/>
				<voxbox id_="1119095552" pos="-4.2 0.0 -0.9" rot="0.0 0.0 0.0" size="7 5 18" brush="MOD/assets/industrial/innerfloors.vox" object="concrete"/>
				<voxbox id_="902682432" pos="-3.0 0.3 -6.9" size="81 3 99" brush="MOD/assets/industrial/innerfloors.vox" object="planks-plain-medium_brown"/>
				<voxbox id_="1796123648" pos="-3.0 0.6 -6.9" size="81 1 99" brush="MOD/assets/industrial/innerfloors.vox" object="concrete"/>
				<compound id_="243612176" pos="1.0 4.2 -2.0">
					<voxbox id_="2031346816" pos="-4.0 0.0 -4.9" texture="11 0.4" size="81 1 99" brush="MOD/assets/industrial/innerceilings.vox" object="plaster-tiles-small" material="plaster"/>
					<voxbox id_="1173100416" pos="-4.0 0.1 -4.9" size="81 3 99" brush="MOD/assets/industrial/innerfloors.vox" object="planks-plain-medium_brown"/>
				</compound>
				<compound id_="2137456000" pos="-3.3 0.3 0.6">
					<voxbox id_="421356672" pos="-0.1 0.0 2.3" rot="0.0 90.0 0.0" size="99 45 3" brush="MOD/assets/industrial/components.vox" object="wall-brick-plain" offset="0 0 1"/>
					<voxbox id_="1854716416" pos="-0.2 0.0 2.3" rot="0.0 90.0 0.0" size="98 45 1" brush="MOD/assets/industrial/outerwalls.vox" object="plaster-cracked-yellow"/>
					<voxbox id_="1620345472" pos="0.4 0.4 -7.50001" rot="0.0 -90.0 0.0" size="98 40 2" brush="MOD/assets/industrial/innerwalls.vox" object="wainscot-diamond_orange">
						<vox id_="1378044032" pos="2.2 0.8 0.4" rot="0.0 0.0 0.0" file="MOD/assets/industrial/components.vox" object="window-brick-31x25x7"/>
					</voxbox>
					<voxbox id_="1098450432" pos="0.3 0.0 2.9" rot="0.0 -180.0 0.0" size="6 45 6" brush="MOD/assets/industrial/components.vox" object="corner-brick-plain"/>
				</compound>
				<compound id_="10420860" pos="5.3 0.3 -0.4" rot="0.0 180.0 0.0">
					<voxbox id_="235223056" pos="-0.1 0.0 6.5" rot="0.0 90.0 0.0" size="99 45 3" brush="MOD/assets/industrial/components.vox" object="wall-brick-plain" offset="0 0 1"/>
					<voxbox id_="1071775616" pos="-0.2 0.0 6.5" rot="0.0 90.0 0.0" size="98 45 1" brush="MOD/assets/industrial/outerwalls.vox" object="plaster-cracked-yellow"/>
					<voxbox id_="1544581120" pos="0.3 0.0 7.1" rot="0.0 -180.0 0.0" size="6 45 6" brush="MOD/assets/industrial/components.vox" object="corner-brick-plain"/>
					<voxbox id_="1191451648" pos="0.4 0.4 -3.3" rot="0.0 270.0 0.0" size="98 40 2" brush="MOD/assets/industrial/innerwalls.vox" object="wainscot-diamond_orange"/>
				</compound>
				<compound id_="178465424" pos="3.5 0.3 -7.2" rot="0.0 270.0 0.0">
					<voxbox id_="1379420416" pos="-0.1 0.0 6.5" rot="0.0 90.0 0.0" size="80 45 3" brush="MOD/assets/industrial/components.vox" object="wall-brick-plain" offset="0 0 1"/>
					<voxbox id_="1981405312" pos="-0.2 0.0 6.5" rot="0.0 90.0 0.0" size="80 45 1" brush="MOD/assets/industrial/outerwalls.vox" object="plaster-cracked-yellow"/>
					<voxbox id_="881578560" pos="0.3 0.0 7.1" rot="0.0 -180.0 0.0" size="6 45 6" brush="MOD/assets/industrial/components.vox" object="corner-brick-plain"/>
					<voxbox id_="1277636736" pos="0.40001 0.4 -1.5" rot="0.0 -90.0 0.0" size="80 40 2" brush="MOD/assets/industrial/innerwalls.vox" object="wainscot-diamond_orange">
						<vox id_="294471232" pos="6.0 0.8 0.4" rot="0.0 0.0 0.0" file="MOD/assets/industrial/components.vox" object="window-brick-31x25x7"/>
					</voxbox>
				</compound>
				<compound id_="765245056" pos="-1.5 0.3 3.2" rot="0.0 90.0 0.0">
					<voxbox id_="498431712" pos="-0.1 0.0 6.5" rot="0.0 90.0 0.0" size="80 45 3" brush="MOD/assets/industrial/components.vox" object="wall-brick-plain" offset="0 0 1"/>
					<voxbox id_="861654400" pos="-0.2 0.0 6.5" rot="0.0 90.0 0.0" size="80 45 1" brush="MOD/assets/industrial/outerwalls.vox" object="plaster-cracked-yellow"/>
					<voxbox id_="1720228352" pos="0.3 0.0 7.1" rot="0.0 -180.0 0.0" size="6 45 6" brush="MOD/assets/industrial/components.vox" object="corner-brick-plain"/>
					<voxbox id_="1818931584" pos="0.40001 0.4 -1.5" rot="0.0 -90.0 0.0" size="80 40 2" brush="MOD/assets/industrial/innerwalls.vox" object="wainscot-diamond_orange"/>
				</compound>
				<group id_="1027405056" name="furniture">
					<vox id_="1731239040" pos="-0.2 0.7 0.5" rot="0.0 90.0 0.0" prop="true" file="MOD/assets/furniture/livingroom_oldie.vox" object="armchair"/>
					<vox id_="1335705216" pos="2.8 0.7 -0.8" rot="0.0 -10.0 0.0" prop="true" file="MOD/assets/furniture/livingroom_oldie.vox" object="couch with blanket"/>
					<vox id_="1915734144" pos="2.8 0.7 2.1" rot="0.0 180.0 0.0" prop="true" file="MOD/assets/furniture/livingroom_oldie.vox" object="couch"/>
					<vox id_="1923795584" pos="4.2 0.7 0.4" rot="0.0 270.0 0.0" prop="true" file="MOD/assets/furniture/livingroom_oldie.vox" object="lamp_1">
						<light id_="1413763328" pos="0.0 1.4 0.2" rot="0.0 0.0 0.0" color="0.96 0.57 0.33" scale="0.5" unshadowed="0.3"/>
					</vox>
					<vox id_="709994816" pos="0.2 0.7 1.8" rot="0.0 0.0 0.0" prop="true" file="MOD/assets/furniture/livingroom_oldie.vox" object="table_1"/>
					<vox id_="6422920" pos="2.7 0.7 0.7" rot="0.0 0.0 0.0" prop="true" file="MOD/assets/furniture/livingroom_oldie.vox" object="table_2"/>
					<vox id_="487552064" pos="-0.2 1.7 -6.3" rot="0.0 0.0 0.0" prop="true" file="MOD/assets/furniture/bedroom_oldie.vox" object="lamp">
						<light id_="1423070080" pos="0.1 0.6 -0.1" rot="0.0 0.0 0.0" color="0.96 0.57 0.33" scale="0.3" size="0.4" unshadowed="0.3"/>
					</vox>
					<vox id_="1289696128" pos="0.3 1.5 1.8" rot="0.0 140.0 0.0" prop="true" file="MOD/assets/furniture/bedroom_oldie.vox" object="tv"/>
					<vox id_="287327360" pos="4.6 0.7 -2.0" rot="0.0 270.0 0.0" prop="true" file="MOD/assets/furniture/diningroom_dark.vox" object="display_cabinet"/>
					<vox id_="1421955840" pos="2.5 0.7 -4.0" rot="0.0 -10.0 0.0" prop="true" file="MOD/assets/furniture/diningroom_dark.vox" object="chair"/>
					<vox id_="577341888" pos="1.7 0.7 -3.7" rot="0.0 0.0 0.0" prop="true" file="MOD/assets/furniture/diningroom_dark.vox" object="chair"/>
					<vox id_="1776985984" pos="2.1 0.7 -3.1" rot="0.0 0.0 0.0" prop="true" file="MOD/assets/furniture/diningroom_dark.vox" object="table"/>
					<vox id_="1181948416" pos="-2.9 2.2 -2.0" rot="0.0 90.0 0.0" desc="TODO: Make more content" prop="true" file="MOD/assets/furniture/office_supplies.vox" object="whiteboard">
						<joint id_="934272704" pos="0.0 1.1 -0.1" collide="true"/>
					</vox>
					<vox id_="1991367424" pos="4.6 1.6 -6.5" rot="0.0 0.0 0.0" prop="true" file="MOD/assets/furniture/office_supplies.vox" object="paperbox"/>
					<vox id_="1720752640" pos="4.6 1.6 -6.0" rot="0.0 -50.0 0.0" prop="true" file="MOD/assets/furniture/office_supplies.vox" object="paperbox"/>
					<vox id_="1144983808" pos="-0.6 1.7 -5.9" rot="0.0 0.0 0.0" prop="true" file="MOD/assets/furniture/office_supplies.vox" object="mouse"/>
					<vox id_="1276981376" pos="-1.1 1.7 -6.4" rot="0.0 0.0 0.0" prop="true" file="MOD/assets/furniture/office_supplies.vox" object="monitor_crt"/>
					<vox id_="1279799552" pos="-1.0 1.7 -5.9" rot="0.0 0.0 0.0" prop="true" file="MOD/assets/furniture/office_supplies.vox" object="keyboard"/>
					<vox id_="1080230272" pos="-2.0 0.7 -6.2" rot="0.0 0.0 0.0" prop="true" file="MOD/assets/furniture/office_supplies.vox" object="computer"/>
					<vox id_="934272704" pos="4.5 0.7 -3.2" rot="0.0 270.0 0.0" prop="true" file="MOD/assets/furniture/office_supplies.vox" object="printer"/>
					<vox id_="151790640" pos="-0.8 0.7 -6.2" rot="0.0 0.0 0.0" prop="true" file="MOD/assets/furniture/office_murky.vox" object="desk"/>
					<vox id_="1438865152" pos="4.4 0.7 -5.4" rot="0.0 270.0 0.0" prop="true" file="MOD/assets/furniture/office_murky.vox" object="table"/>
					<vox id_="1090257920" pos="0.5 0.7 -4.0" rot="0.0 0.0 0.0" prop="true" file="MOD/assets/furniture/office_murky.vox" object="chair"/>
					<vox id_="662085056" pos="1.4 0.7 -6.6" rot="0.0 0.0 0.0" desc="How to set up a heist" prop="true" file="MOD/assets/furniture/office_murky.vox" object="bookshelf"/>
					<vox id_="408314208" pos="2.8 0.7 -6.6" rot="0.0 0.0 0.0" desc="Teardown modding 101" prop="true" file="MOD/assets/furniture/office_murky.vox" object="bookshelf"/>
					<vox id_="919919424" pos="-0.9 0.7 -5.3" rot="0.0 170.0 0.0" prop="true" file="MOD/assets/furniture/office_murky.vox" object="chair_boss"/>
					<vox id_="1529310336" pos="-1.7 0.7 1.8" rot="0.0 0.0 0.0" prop="true" file="MOD/assets/furniture/potted_plants.vox" object="big_leaf_black"/>
					<vox id_="1780590720" pos="-4.5 0.0 1.7" rot="0.0 0.0 0.0" prop="true" file="MOD/assets/furniture/potted_plants.vox" object="short_round_black"/>
					<vox id_="166995920" pos="-2.5 0.7 -6.0" rot="0.0 0.0 0.0" prop="true" file="MOD/assets/furniture/potted_plants.vox" object="small_black"/>
					<vox id_="83366880" pos="2.6 0.7 -2.5" rot="0.0 -180.0 0.0" prop="true" file="MOD/assets/furniture/diningroom_dark.vox" object="chair"/>
					<vox id_="1834399104" pos="1.8 0.7 -2.6" rot="0.0 -180.0 0.0" prop="true" file="MOD/assets/furniture/diningroom_dark.vox" object="chair"/>
					<instance id_="527924704" pos="0.9 3.9 -1.4" rot="0.0 -90.0 0.0" file="MOD/assets/industrial/lamp-ceiling-fixed.xml"/>
					<vox id_="1380927744" pos="-2.6 0.7 -4.8" rot="0.0 90.0 0.0" prop="true" file="MOD/assets/props/suitcases.vox" object="medium"/>
				</group>
				<instance id_="1849276672" pos="-3.2 0.5 0.0" rot="0.0 90.0 0.0" file="MOD/assets/industrial/door-outer-wood.xml"/>
				<voxbox id_="1732353280" pos="-3.9 4.3 3.8" rot="0.0 90.0 0.0" size="116 43 49" brush="MOD/assets/industrial/roofs.vox" object="roof04-medium" offset="3"/>
				<voxbox id_="447048352" pos="5.9 4.3 -7.8" rot="0.0 270.0 0.0" size="116 43 49" brush="MOD/assets/industrial/roofs.vox" object="roof04-medium" offset="3"/>
				<voxagon id_="1277505664" name="gable" pos="2.5 5.8 3.4" rot="-90.0 0.0 0.0" brush="MOD/assets/industrial/components.vox" object="wall-brick-plain" offset="0 1" axis="y" extrude="5">
					<vertex pos="-5.9 -1.0"/>
					<vertex pos="2.9 -1.0"/>
					<vertex pos="-1.5 2.5"/>
				</voxagon>
				<voxagon id_="781957760" name="gable" pos="2.5 5.8 -7.0" rot="-90.0 0.0 0.0" brush="MOD/assets/industrial/components.vox" object="wall-brick-plain" offset="0 1" axis="y" extrude="5">
					<vertex pos="-6.0 -1.0"/>
					<vertex pos="2.9 -1.0"/>
					<vertex pos="-1.5 2.6"/>
				</voxagon>
				<vox id_="2068835584" pos="-1.4 1.5 3.2" rot="0.0 0.0 0.0" file="MOD/assets/industrial/components.vox" object="window-brick-19x25x7"/>
				<vox id_="1026553024" pos="2.7 1.5 3.2" rot="0.0 0.0 0.0" file="MOD/assets/industrial/components.vox" object="window-brick-31x25x7"/>
				<vox id_="1508206464" pos="5.2 1.5 0.7" rot="0.0 270.0 0.0" file="MOD/assets/industrial/components.vox" object="window-brick-31x25x7"/>
				<vox id_="248855376" pos="5.2 1.5 -4.4" rot="0.0 270.0 0.0" file="MOD/assets/industrial/components.vox" object="window-brick-31x25x7"/>
			</group>
			<group id_="1698403584" name="refinery" pos="9.0 0.0 -13.2" rot="0.0 0.0 0.0" prop0="texture=2 0.5">
				<voxbox id_="332943200" pos="-5.0 -0.1 -7.5" rot="0.0 0.0 0.0" size="100 4 150" brush="MOD/assets/industrial/innerfloors.vox" object="epoxy-wet-gray"/>
				<voxbox id_="1345863936" pos="-4.5 0.3 -7.6" rot="0.0 0.0 0.0" size="90 150 5" brush="MOD/assets/industrial/components.vox" object="wall-brick-plain"/>
				<voxbox id_="291063136" pos="-5.3 14.7 -8.0" rot="0.0 0.0 0.0" size="106 53 161" brush="MOD/assets/industrial/roofs.vox" object="roof01-gentle" offset="12"/>
				<voxbox id_="1788258944" pos="-4.5 0.3 7.2" rot="0.0 0.0 0.0" size="90 114 5" brush="MOD/assets/industrial/components.vox" object="wall-brick-plain">
					<instance id_="219427920" pos="7.7 4.1 0.2" rot="0.0 -180.0 0.0" file="MOD/assets/industrial/door-outer-wood.xml"/>
					<vox id_="1691521920" pos="3.2 5.6 0.3" rot="0.0 0.0 0.0" file="MOD/assets/industrial/components.vox" object="window-industrial-medium"/>
				</voxbox>
				<voxbox id_="1857927936" pos="-4.5 11.7 7.2" rot="0.0 0.0 0.0" size="90 78 5" brush="MOD/assets/industrial/components.vox" object="wall-brick-plain">
					<vox id_="1269903104" pos="4.9 0.3 0.4" rot="0.0 0.0 0.0" file="MOD/assets/industrial/components.vox" object="arch-brick-50x36x7"/>
				</voxbox>
				<vox id_="843893056" pos="0.7 12.0 5.2" rot="0.0 -90.0 0.0" file="MOD/assets/industrial/machinery.vox" object="machine05"/>
				<vox id_="804306880" pos="0.7 12.0 8.7" rot="0.0 90.0 0.0" file="MOD/assets/industrial/machinery.vox" object="machine03">
					<voxbox id_="554861632" pos="-1.6 0.0 -1.0" rot="180.0 180.0 0.0" texture="3" size="4 120 7" material="metal" color="0.6 0.6 0.6"/>
				</vox>
				<vox id_="711240064" pos="0.5 0.0 -1.4" rot="0.0 -90.0 0.0" file="MOD/assets/industrial/machinery.vox" object="cooker1"/>
				<compound id_="1938279936" pos="4.8 0.3 0.0">
					<voxbox id_="509180256" pos="-0.2 0.0 7.1" rot="0.0 90.0 0.0" size="141 150 5" brush="MOD/assets/industrial/components.vox" object="wall-brick-plain"/>
					<voxbox id_="1797565568" pos="-0.3 0.0 -7.6" rot="0.0 0.0 0.0" size="6 150 6" brush="MOD/assets/industrial/components.vox" object="corner-brick-plain"/>
				</compound>
				<voxbox id_="1779673216" pos="5.1 0.3 7.1" rot="0.0 -90.0 0.0" size="6 192 6" brush="MOD/assets/industrial/components.vox" object="corner-brick-plain"/>
				<compound id_="700688128" pos="-4.9 0.2 0.0">
					<voxbox id_="1227695232" pos="-0.2 0.1 7.3" rot="0.0 90.0 0.0" size="143 150 5" brush="MOD/assets/industrial/components.vox" object="wall-brick-plain">
						<vox id_="1443387392" pos="2.9 0.0 0.3" file="MOD/assets/industrial/components.vox" object="arch-brick-50x36x7"/>
						<vox id_="1694536704" pos="2.9 -0.0 0.3" file="MOD/assets/industrial/components.vox" object="archfence-metal-50x36x3"/>
						<voxbox id_="1050606208" pos="8.4 9.0 -0.0" size="18 11 6" brush="hole"/>
					</voxbox>
					<voxbox id_="868470528" pos="-0.2 0.1 -7.0" rot="0.0 90.0 0.0" size="6 150 6" brush="MOD/assets/industrial/components.vox" object="corner-brick-plain"/>
				</compound>
				<voxbox id_="401039264" pos="-4.5 0.3 7.7" rot="0.0 -180.0 0.0" size="6 192 6" brush="MOD/assets/industrial/components.vox" object="corner-brick-plain"/>
				<voxbox id_="398483200" pos="-0.6 12.0 3.8" rot="0.0 -180.0 0.0" size="23 10 2" brush="MOD/assets/industrial/components.vox" object="railing-plain-wood"/>
				<voxbox id_="750891776" pos="4.6 12.0 3.8" rot="0.0 -180.0 0.0" size="27 10 2" brush="MOD/assets/industrial/components.vox" object="railing-plain-wood"/>
				<voxbox id_="726969664" pos="-4.4 12.0 7.7" rot="0.0 270.0 0.0" size="23 10 2" brush="MOD/assets/industrial/components.vox" object="railing-plain-wood"/>
				<voxbox id_="1433818624" pos="-4.6 12.0 10.0" rot="0.0 360.0 0.0" size="43 10 2" brush="MOD/assets/industrial/components.vox" object="railing-plain-wood"/>
				<voxbox id_="1876016896" pos="1.8 12.0 10.0" rot="0.0 360.0 0.0" size="27 10 2" brush="MOD/assets/industrial/components.vox" object="railing-plain-wood"/>
				<voxbox id_="1549693312" pos="4.5 12.0 10.2" rot="0.0 90.0 0.0" size="25 10 2" brush="MOD/assets/industrial/components.vox" object="railing-plain-wood"/>
				<voxbox id_="1786096128" pos="-4.0 0.0 10.1" rot="-90.0 0.0 0.0" size="4 4 114" brush="MOD/assets/industrial/beams.vox" object="wood-dark-4x4"/>
				<voxbox id_="1507682176" pos="4.3 0.0 10.1" rot="-90.0 0.0 0.0" size="4 4 114" brush="MOD/assets/industrial/beams.vox" object="wood-dark-4x4"/>
				<voxagon id_="1875033856" pos="-4.6 16.3 -2.9" rot="90.0 -90.0 0.0" brush="MOD/assets/industrial/components.vox" object="wall-brick-plain" offset="0 1" axis="y" extrude="5">
					<vertex pos="10.0 -3.2"/>
					<vertex pos="10.0 1.0"/>
					<vertex pos="-4.6 1.1"/>
				</voxagon>
				<voxagon id_="1144066304" pos="5.1 16.3 -2.9" rot="90.0 -90.0 0.0" brush="MOD/assets/industrial/components.vox" object="wall-brick-plain" offset="0 1" axis="y" extrude="5">
					<vertex pos="10.0 -3.2"/>
					<vertex pos="10.0 1.0"/>
					<vertex pos="-4.6 1.1"/>
				</voxagon>
				<voxbox id_="1066663488" pos="4.7 6.6 -7.0" rot="0.0 -90.0 0.0" size="21 3 93" brush="MOD/assets/industrial/innerfloors.vox" object="planks-plain-medium_brown">
					<voxbox id_="2093609728" pos="1.9 0.3 7.5" rot="0.0 90.0 0.0" size="57 10 2" brush="MOD/assets/industrial/components.vox" object="railing-plain-wood"/>
				</voxbox>
				<voxbox id_="1451186688" pos="4.7 10.7 -1.2" rot="0.0 -90.0 0.0" size="21 3 93" brush="MOD/assets/industrial/innerfloors.vox" object="planks-plain-medium_brown">
					<voxbox id_="1045100864" pos="1.9 0.3 7.5" rot="0.0 90.0 0.0" size="74 10 2" brush="MOD/assets/industrial/components.vox" object="railing-plain-wood"/>
					<voxbox id_="1833547008" pos="4.0 0.3 7.5" rot="0.0 180.0 0.0" size="19 10 2" brush="MOD/assets/industrial/components.vox" object="railing-plain-wood"/>
					<voxbox id_="496793216" pos="0.2 0.3 1.8" rot="0.0 270.0 0.0" size="75 10 2" brush="MOD/assets/industrial/components.vox" object="railing-plain-wood"/>
				</voxbox>
				<voxbox id_="1131154816" pos="-2.5 10.7 0.9" rot="0.0 -90.0 0.0" size="19 3 21" brush="MOD/assets/industrial/innerfloors.vox" object="planks-plain-medium_brown"/>
				<voxbox id_="562660928" pos="4.7 4.2 5.0" rot="0.0 -90.0 0.0" size="21 3 93" brush="MOD/assets/industrial/innerfloors.vox" object="planks-plain-medium_brown">
					<voxbox id_="2092823296" pos="0.2 0.3 0.1" rot="0.0 270.0 0.0" size="92 10 2" brush="MOD/assets/industrial/components.vox" object="railing-plain-wood"/>
				</voxbox>
				<vox id_="501905312" tags="alarmbox" pos="-3.7 4.5 6.3" rot="0.0 180.0 0.0" texture="0" prop="true" file="MOD/assets/props/crates.vox" object="small"/>
				<voxbox id_="666935040" pos="5.1 4.1 7.5" rot="0.0 -90.0 0.0" size="21 3 59" brush="MOD/assets/industrial/innerfloors.vox" object="planks-plain-medium_brown"/>
				<voxbox id_="1896924160" pos="-5.1 0.0 7.9" rot="0.0 0.0 0.0" size="43 44 15" brush="MOD/assets/industrial/components.vox" object="stairs-industrial-metal"/>
				<voxbox id_="333008736" pos="-4.3 0.3 1.9" rot="0.0 90.0 0.0" size="71 66 15" brush="MOD/assets/industrial/components.vox" object="stairs-industrial-metal">
					<voxbox id_="1439258368" pos="0.0 0.2 1.4" size="68 76 1" brush="MOD/assets/industrial/components.vox" object="stairs_railing-industrial-yellow"/>
				</voxbox>
				<voxbox id_="1573484288" pos="4.4 6.9 -5.2" rot="0.0 -90.0 0.0" size="40 55 15" brush="MOD/assets/industrial/components.vox" object="stairs-industrial-metal">
					<voxbox id_="911202624" pos="0.0 0.2 1.4" size="42 49 1" brush="MOD/assets/industrial/components.vox" object="stairs_railing-industrial-yellow"/>
				</voxbox>
				<voxbox id_="223753568" pos="-2.8 11.0 2.5" rot="0.0 -90.0 0.0" size="11 10 15" brush="MOD/assets/industrial/components.vox" object="stairs-industrial-metal"/>
				<group id_="275136928" name="props" pos="-6.0 -0.1 -3.5" rot="0.0 0.0 0.0">
					<voxbox id_="1540910976" pos="0.01828 0.13248 1.80332" rot="-90.0 16.4 -5.2" prop="true" size="4 6 59" brush="MOD/assets/industrial/beams.vox" object="metal-blue-4x6"/>
					<voxbox id_="1864285312" pos="-0.69317 0.10016 -2.85972" rot="0.0 -2.3 0.0" prop="true" size="6 9 59" brush="MOD/assets/industrial/beams.vox" object="metal-blue-6x9"/>
					<voxbox id_="1169889024" pos="-2.4202 0.69956 -2.21715" rot="0.0 -354.5 -90.0" prop="true" size="6 9 59" brush="MOD/assets/industrial/beams.vox" object="metal-blue-6x9"/>
					<vox id_="1852553600" pos="4.95081 1.20132 12.08787" rot="-0.1 -18.5 -0.2" prop="true" file="MOD/assets/props/trashcan.vox" object="lid"/>
					<vox id_="1766368512" pos="5.0 0.10006 11.89989" rot="0.0 0.0 0.0" prop="true" file="MOD/assets/props/trashcan.vox" object="can"/>
					<voxbox id_="1544843392" pos="11.30034 0.10015 12.59426" rot="0.0 270.0 90.0" prop="true" size="4 4 52" brush="MOD/assets/industrial/beams.vox" object="wood-dark-4x4"/>
					<voxbox id_="1762632704" pos="11.68689 0.09938 12.74222" rot="0.0 -87.5 0.0" prop="true" size="4 4 52" brush="MOD/assets/industrial/beams.vox" object="wood-dark-4x4"/>
					<voxbox id_="176237056" pos="11.53123 0.87592 11.23686" rot="3.7 -76.5 -15.4" prop="true" size="4 4 52" brush="MOD/assets/industrial/beams.vox" object="wood-dark-4x4"/>
					<voxbox id_="698984128" pos="11.79975 0.10025 11.99918" rot="0.0 269.89999 90.0" prop="true" size="6 6 52" brush="MOD/assets/industrial/beams.vox" object="wood-dark-6x6"/>
				</group>
				<vox id_="1706596096" pos="-4.9 12.8 3.1" rot="0.0 -90.0 0.0" file="MOD/assets/industrial/components.vox" object="window-industrial-large"/>
				<vox id_="1076560000" pos="0.1 8.0 -7.4" rot="0.0 180.0 0.0" file="MOD/assets/industrial/components.vox" object="window-industrial-large"/>
				<vox id_="1984485632" pos="-4.9 5.9 3.1" rot="0.0 -90.0 0.0" file="MOD/assets/industrial/components.vox" object="window-industrial-large"/>
				<vox id_="1905247744" pos="4.9 1.3 -3.5" rot="0.0 90.0 0.0" file="MOD/assets/industrial/components.vox" object="window-industrial-large"/>
				<vox id_="855821312" pos="4.9 1.3 3.4" rot="0.0 90.0 0.0" file="MOD/assets/industrial/components.vox" object="window-industrial-large"/>
				<vox id_="23201160" pos="2.0 1.3 7.5" rot="0.0 0.0 0.0" file="MOD/assets/industrial/components.vox" object="window-industrial-medium"/>
				<voxbox id_="1108674688" pos="4.7 11.4 3.6" rot="0.0 -90.0 0.0" size="66 6 93" brush="MOD/assets/industrial/innerfloors.vox" object="planks-with_beams-medium_brown"/>
				<instance id_="432432928" pos="0.2 6.0 -6.2" file="MOD/assets/industrial/lamp-ceiling-globe.xml"/>
				<instance id_="578324992" pos="0.0 15.5 -0.8" rot="0.0 -180.0 0.0" file="MOD/assets/industrial/lamp-ceiling-hanging.xml"/>
				<instance id_="1670155776" pos="0.0 17.1 4.6" rot="0.0 -180.0 0.0" file="MOD/assets/industrial/lamp-ceiling-hanging.xml"/>
				<vox id_="1161893120" pos="-4.0 12.0 6.6" rot="0.0 0.0 0.0" prop="true" file="MOD/assets/props/barrels.vox" object="waterbarrel_blue"/>
				<vox id_="498366144" pos="4.6 5.6 6.1" rot="0.0 270.0 0.0" file="MOD/assets/industrial/machinery.vox" object="wall-terminal"/>
				<vox id_="685220672" pos="2.7 0.3 5.9" rot="0.0 -100.0 0.0" prop="true" file="MOD/assets/props/liquidcontainer.vox"/>
				<vox id_="1399737728" pos="0.9 0.3 6.0" rot="0.0 -90.0 0.0" prop="true" file="MOD/assets/props/liquidcontainer.vox"/>
				<vox id_="1152389760" pos="-0.8 0.3 6.0" rot="0.0 -90.0 0.0" prop="true" file="MOD/assets/props/liquidcontainer.vox"/>
				<vox id_="373577984" pos="2.6 0.7 -4.8" rot="0.0 90.0 0.0" prop="true" file="MOD/assets/props/ladder.vox"/>
				<vox id_="761116032" pos="4.0 12.0 5.3" rot="0.0 90.0 0.0" prop="true" file="MOD/assets/furniture/office_murky.vox" object="table"/>
				<vox id_="1404587776" pos="0.3 17.1 7.6" rot="90.0 0.0 0.0" file="MOD/vox/jamsign.vox">
					<instance id_="1591835520" pos="-0.3 0.6 -1.4" rot="-90.0 0.0 0.0" file="MOD/assets/industrial/lamp-wall-fluorecent-long.xml"/>
				</vox>
			</group>
			<group id_="669622208" name="waste" pos="15.0 0.0 12.1" rot="0.0 0.0 0.0" prop0="texture=2 0.7">
				<voxbox id_="1918159232" pos="-0.3 -0.1 -0.8" rot="0.0 0.0 0.0" size="100 4 44" brush="MOD/assets/industrial/innerfloors.vox" object="epoxy-wet-gray"/>
				<voxbox id_="1584101760" pos="9.3 0.3 3.1" rot="0.0 90.0 0.0" size="34 80 5" brush="MOD/assets/industrial/components.vox" object="wall-brick-plain">
					<vox id_="1355432704" pos="1.5 4.8 0.4" rot="0.0 0.0 0.0" file="MOD/assets/industrial/components.vox" object="window-brick-31x25x7"/>
				</voxbox>
				<voxbox id_="2063723520" pos="9.4 4.1 3.3" rot="0.0 180.0 0.0" size="29 3 39" brush="MOD/assets/industrial/innerfloors.vox" object="planks-plain-medium_brown">
					<voxbox id_="1489855232" pos="2.7 0.3 3.7" rot="0.0 90.0 0.0" size="35 10 2" brush="MOD/assets/industrial/components.vox" object="railing-plain-wood"/>
				</voxbox>
				<voxbox id_="1579251840" pos="2.2 6.7 -0.5" rot="0.0 0.0 0.0" size="3 4 38" brush="MOD/assets/industrial/beams.vox" object="metal-blue-3x4"/>
				<voxbox id_="842188992" pos="0.1 6.7 -0.5" rot="0.0 0.0 0.0" size="3 4 38" brush="MOD/assets/industrial/beams.vox" object="metal-blue-3x4"/>
				<instance id_="594054528" pos="2.9 0.0 6.7" rot="0.0 -180.0 0.0" file="MOD/assets/props/container-red.xml"/>
				<instance id_="1302279808" pos="3.7 0.0 9.6" rot="0.0 -175.0 0.0" file="MOD/assets/props/container-red.xml"/>
				<vox id_="2000346368" pos="3.29998 0.3 1.4" rot="0.0 180.0 0.0" prop="true" file="MOD/assets/props/dumpster.vox"/>
				<compound id_="948757056" pos="4.7 0.3 3.3">
					<voxbox id_="1620804224" pos="-4.5 0.0 0.4" rot="0.0 180.0 0.0" size="6 80 6" brush="MOD/assets/industrial/components.vox" object="corner-brick-plain"/>
					<voxbox id_="85136464" pos="-4.5 0.0 -0.1" rot="0.0 0.0 0.0" size="90 80 5" brush="MOD/assets/industrial/components.vox" object="wall-brick-plain"/>
					<voxbox id_="1370375808" pos="5.1 0.0 -0.2" rot="0.0 -90.0 0.0" size="6 80 6" brush="MOD/assets/industrial/components.vox" object="corner-brick-plain"/>
				</compound>
				<compound id_="1308440576" pos="4.7 0.3 -0.7">
					<voxbox id_="1110116480" pos="4.5 0.0 -0.2" rot="0.0 0.0 0.0" size="6 80 6" brush="MOD/assets/industrial/components.vox" object="corner-brick-plain"/>
					<voxbox id_="1007022080" pos="-4.5 0.0 -0.2" rot="0.0 0.0 0.0" size="90 80 5" brush="MOD/assets/industrial/components.vox" object="wall-brick-plain"/>
					<voxbox id_="1446074624" pos="-5.1 0.0 0.4" rot="0.0 90.0 0.0" size="6 80 6" brush="MOD/assets/industrial/components.vox" object="corner-brick-plain"/>
				</compound>
				<instance id_="1001844416" pos="8.3 4.4 -0.7" rot="0.0 0.0 0.0" file="MOD/assets/industrial/door-outer-wood.xml"/>
				<vox id_="1519151616" pos="8.1 5.9 3.2" rot="0.0 180.0 0.0" file="MOD/assets/industrial/machinery.vox" object="wall-terminal"/>
				<vox id_="1509451776" pos="8.7 0.3 1.9" rot="0.0 270.0 0.0" file="MOD/assets/industrial/machinery.vox" object="cabinett1"/>
				<voxbox id_="287589504" pos="10.1 7.7 4.1" rot="0.0 180.0 0.0" size="109 16 28" brush="MOD/assets/industrial/roofs.vox" object="roof01-gentle" offset="9"/>
				<voxbox id_="1143017600" pos="-0.8 7.7 -1.5" rot="0.0 0.0 0.0" size="109 16 28" brush="MOD/assets/industrial/roofs.vox" object="roof01-gentle" offset="10"/>
				<instance id_="777959808" pos="7.8 7.4 1.3" rot="0.0 90.0 0.0" file="MOD/assets/industrial/lamp-ceiling-hanging.xml"/>
				<group id_="1151537792" name="props" pos="6.4 -0.1 -2.4">
					<vox id_="1957876480" pos="-0.32577 1.30075 0.09724" rot="-0.1 10.9 0.0" prop="true" file="MOD/assets/props/crates.vox" object="small"/>
					<vox id_="1243228288" pos="-0.10125 0.30105 0.33882" rot="-0.1 10.1 0.0" prop="true" file="MOD/assets/props/crates.vox" object="medium"/>
					<vox id_="948822592" pos="-3.47751 0.73124 -0.57721" rot="-90.0 160.60001 40.3" prop="true" file="MOD/assets/props/cabledrum.vox"/>
					<vox id_="1387350784" pos="-2.08635 0.1 0.44791" rot="0.0 19.3 0.0" prop="true" file="MOD/assets/props/cabledrum.vox"/>
					<vox id_="2048125056" pos="-0.09528 0.10041 0.56194" rot="0.0 -0.4 0.0" prop="true" file="MOD/assets/props/pallets.vox" object="large"/>
					<vox id_="912972224" pos="2.22058 0.09999 0.63178" rot="0.0 1.5 0.0" prop="true" file="MOD/assets/props/crates.vox" object="small"/>
				</group>
			</group>
			<group id_="886952832" name="bridge" pos="19.2 3.8 2.6" rot="0.0 0.0 0.0" prop0="rotspring=0" prop1="texture=2 0.5">
				<voxbox id_="2095051648" pos="3.1 0.3 -8.3" rot="0.0 -90.0 0.0" prop="true" size="21 3 82" brush="MOD/assets/industrial/innerfloors.vox" object="planks-plain-medium_brown">
					<joint id_="1422938880" pos="0.1 0.15 0.05" rot="0.0 0.0 0.0" size="0.2"/>
					<joint id_="743878976" pos="1.7 0.15 0.05" rot="0.0 0.0 0.0" size="0.2"/>
					<joint id_="2049239168" pos="2.1 0.15 8.25" rot="0.0 0.0 0.0" size="0.4"/>
					<joint id_="2084892928" pos="0.0 0.15 8.25" rot="0.0 0.0 0.0" size="0.4"/>
				</voxbox>
				<voxbox id_="960029952" pos="5.2 0.3 -5.8" rot="0.0 180.0 0.0" prop="true" size="21 3 26" brush="MOD/assets/industrial/innerfloors.vox" object="planks-plain-medium_brown">
					<joint id_="1720359424" pos="0.1 0.15 -0.05" rot="0.0 0.0 0.0" size="0.2"/>
					<joint id_="1950994688" pos="1.7 0.15 -0.05" rot="0.0 0.0 0.0" size="0.2"/>
				</voxbox>
				<voxbox id_="2054023552" pos="5.2 0.3 8.6" rot="0.0 180.0 0.0" prop="true" size="21 3 144" brush="MOD/assets/industrial/innerfloors.vox" object="planks-plain-medium_brown">
					<joint id_="472674496" pos="0.0 0.15 0.25" rot="0.0 0.0 0.0" size="0.4"/>
					<joint id_="1790356224" pos="2.1 0.15 0.25" rot="0.0 0.0 0.0" size="0.4"/>
				</voxbox>
				<voxbox id_="1533177216" pos="3.4 -3.8 -5.9" rot="-90.0 0.0 0.0" size=" 2 2 41" brush="MOD/assets/industrial/beams.vox" object="wood-dark-2x2">
					<joint id_="1648986368" pos="0.1 0.1 4.05" rot="0.0 0.0 0.0" size="0.2" rotstrength="0.1"/>
				</voxbox>
				<voxbox id_="1692504960" pos="5.0 -3.8 -5.9" rot="-90.0 0.0 0.0" size=" 2 2 41" brush="MOD/assets/industrial/beams.vox" object="wood-dark-2x2">
					<joint id_="480998048" pos="0.1 0.1 4.05" rot="0.0 0.0 0.0" size="0.2" rotstrength="0.1"/>
				</voxbox>
				<voxbox id_="450915200" pos="3.4 -3.8 -8.2" rot="-90.0 0.0 0.0" size=" 2 2 41" brush="MOD/assets/industrial/beams.vox" object="wood-dark-2x2">
					<joint id_="1839117952" pos="0.1 0.1 4.05" rot="0.0 0.0 0.0" size="0.2" rotstrength="0.1"/>
				</voxbox>
				<voxbox id_="764982912" pos="5.0 -3.8 -8.2" rot="-90.0 0.0 0.0" size=" 2 2 41" brush="MOD/assets/industrial/beams.vox" object="wood-dark-2x2">
					<joint id_="200552400" pos="0.1 0.1 4.05" rot="0.0 0.0 0.0" size="0.2" rotstrength="0.1"/>
				</voxbox>
			</group>
			<group id_="1088684928" name="pipes" pos="7.2 7.7 -3.0" rot="0.0 0.0 0.0" prop0="rotstrength=10" prop1="rotspring=0.7" prop2="texture=8">
				<voxbox id_="707176576" pos="2.4 3.9 0.5" rot="90.0 0.0 0.0" prop="true" size="9 9 31" brush="MOD/assets/industrial/pipes_and_ventilation.vox" object="mediumpipe-straight-plain">
					<joint id_="300435360" pos="0.5 0.45 -0.05" rot="0.0 0.0 0.0" size="0.4"/>
				</voxbox>
				<voxbox id_="2067262720" pos="2.4 -1.4 8.8" rot="90.0 0.0 0.0" prop="true" size="9 9 31" brush="MOD/assets/industrial/pipes_and_ventilation.vox" object="mediumpipe-straight-plain">
					<joint id_="2080239616" pos="0.5 0.45 -0.05" rot="0.0 0.0 0.0" size="0.4"/>
				</voxbox>
				<voxbox id_="675848448" pos="11.4 -1.3 16.1" rot="90.0 0.0 0.0" prop="true" size="9 9 31" brush="MOD/assets/industrial/pipes_and_ventilation.vox" object="mediumpipe-straight-plain">
					<joint id_="696296960" pos="0.5 0.45 -0.05" rot="0.0 0.0 0.0" size="0.4"/>
				</voxbox>
				<voxbox id_="498235072" pos="2.1 2.7 -7.3" rot="-90.0 0.0 0.0" prop="true" size="9 9 35" brush="MOD/assets/industrial/pipes_and_ventilation.vox" object="mediumpipe-straight-plain">
					<joint id_="2063526912" pos="0.5 0.45 -0.05" rot="0.0 0.0 0.0" size="0.4"/>
				</voxbox>
				<voxbox id_="287589504" pos="2.4 -0.7 2.0" rot="0.0 0.0 0.0" prop="true" size="9 9 31" brush="MOD/assets/industrial/pipes_and_ventilation.vox" object="mediumpipe-straight-plain">
					<joint id_="1905051136" pos="0.5 0.45 -0.05" rot="0.0 0.0 0.0" size="0.4"/>
				</voxbox>
				<voxbox id_="552633280" pos="2.4 -0.7 5.1" rot="0.0 0.0 0.0" prop="true" size="9 9 30" brush="MOD/assets/industrial/pipes_and_ventilation.vox" object="mediumpipe-straight-plain">
					<joint id_="895735168" pos="0.5 0.45 -0.05" rot="0.0 0.0 0.0" size="0.4"/>
				</voxbox>
				<voxbox id_="316033888" pos="2.4 -0.7 10.4" rot="0.0 0.0 0.0" prop="true" size="9 9 51" brush="MOD/assets/industrial/pipes_and_ventilation.vox" object="mediumpipe-straight-plain">
					<joint id_="1644660736" pos="0.5 0.45 -0.05" rot="0.0 0.0 0.0" size="0.4"/>
				</voxbox>
				<voxbox id_="1443780608" pos="3.9 -0.7 17.0" rot="0.0 90.0 0.0" prop="true" size="9 9 31" brush="MOD/assets/industrial/pipes_and_ventilation.vox" object="mediumpipe-straight-plain">
					<joint id_="1285763712" pos="0.5 0.45 -0.05" rot="0.0 0.0 0.0" size="0.4"/>
				</voxbox>
				<voxbox id_="1251355264" pos="7.0 -0.7 17.0" rot="0.0 90.0 0.0" prop="true" size="9 9 38" brush="MOD/assets/industrial/pipes_and_ventilation.vox" object="mediumpipe-straight-plain">
					<joint id_="1587378816" pos="0.5 0.45 -0.05" rot="0.0 0.0 0.0" size="0.4"/>
				</voxbox>
				<voxbox id_="538345536" pos="1.5 1.7 -12.6" rot="0.0 270.0 0.0" prop="true" size="9 9 31" brush="MOD/assets/industrial/pipes_and_ventilation.vox" object="mediumpipe-straight-plain">
					<joint id_="761771392" pos="0.5 0.45 -0.05" rot="0.0 0.0 0.0" size="0.4"/>
				</voxbox>
				<voxbox id_="1894171520" pos="-1.6 1.7 -12.6" rot="0.0 270.0 0.0" prop="true" size="9 9 31" brush="MOD/assets/industrial/pipes_and_ventilation.vox" object="mediumpipe-straight-plain">
					<joint id_="34474040" pos="0.5 0.45 -0.05" rot="0.0 0.0 0.0" size="0.4"/>
				</voxbox>
				<voxbox id_="567772992" pos="-4.7 1.7 -12.6" rot="0.0 270.0 0.0" prop="true" size="9 9 31" brush="MOD/assets/industrial/pipes_and_ventilation.vox" object="mediumpipe-straight-plain">
					<joint id_="1445025920" pos="0.5 0.45 -0.05" rot="0.0 0.0 0.0" size="0.4"/>
				</voxbox>
				<voxbox id_="369973312" pos="-7.8 1.7 -12.6" rot="0.0 270.0 0.0" prop="true" size="9 9 31" brush="MOD/assets/industrial/pipes_and_ventilation.vox" object="mediumpipe-straight-plain">
					<joint id_="953738112" pos="0.5 0.45 -0.05" rot="0.0 0.0 0.0" size="0.4"/>
				</voxbox>
				<voxbox id_="2112812928" pos="-10.9 1.7 -12.6" rot="0.0 270.0 0.0" prop="true" size="9 9 31" brush="MOD/assets/industrial/pipes_and_ventilation.vox" object="mediumpipe-straight-plain">
					<joint id_="1723833088" pos="0.5 0.45 -0.05" rot="0.0 0.0 0.0" size="0.4"/>
				</voxbox>
				<voxbox id_="46926640" pos="-14.0 1.7 -12.6" rot="0.0 270.0 0.0" prop="true" size="9 9 37" brush="MOD/assets/industrial/pipes_and_ventilation.vox" object="mediumpipe-straight-plain">
					<joint id_="1863564416" pos="0.5 0.45 -0.05" rot="0.0 0.0 0.0" size="0.4"/>
					<joint id_="1562670208" pos="0.5 0.45 3.65" rot="0.0 0.0 0.0" size="0.4"/>
				</voxbox>
				<voxbox id_="1844098944" pos="-15.8 -2.3 -12.9" rot="0.0 -90.0 0.0" prop="false" size="9 9 17" brush="MOD/assets/industrial/pipes_and_ventilation.vox" object="mediumpipe-straight-plain"/>
				<voxbox id_="1572501248" pos="-18.3 1.1 -12.7" rot="90.0 -90.0 0.0" prop="true" size="9 9 21" brush="MOD/assets/industrial/pipes_and_ventilation.vox" object="mediumpipe-straight-plain">
					<joint id_="289948960" pos="0.4 0.45 2.05" rot="0.0 0.0 0.0" size="0.4"/>
				</voxbox>
				<voxbox id_="1435850368" pos="2.4 5.4 1.4" rot="90.0 90.0 0.0" prop="true" size="15 9 15" brush="MOD/assets/industrial/pipes_and_ventilation.vox" object="mediumpipe-bend-plain">
					<joint id_="788249600" pos="1.5 0.45 0.45" rot="0.0 0.0 0.0" size="0.4"/>
				</voxbox>
				<voxbox id_="643144000" pos="2.4 -1.4 8.1" rot="-90.0 -90.0 0.0" prop="true" size="23 9 16" brush="MOD/assets/industrial/pipes_and_ventilation.vox" object="mediumpipe-tjunction-plain">
					<joint id_="306661664" pos="0.0 0.45 1.15" rot="0.0 0.0 0.0" size="0.4"/>
				</voxbox>
				<voxbox id_="39651700" pos="2.1 7.7 -8.2" rot="0.0 0.0 -90.0" prop="true" size="15 9 15" brush="MOD/assets/industrial/pipes_and_ventilation.vox" object="mediumpipe-bend-plain">
					<joint id_="1485529600" pos="1.5 0.45 0.35" rot="0.0 0.0 0.0" size="0.4"/>
				</voxbox>
				<voxbox id_="1546023040" pos="-19.2 2.6 -11.8" rot="0.0 90.0 -90.0" prop="true" size="15 9 15" brush="MOD/assets/industrial/pipes_and_ventilation.vox" object="mediumpipe-bend-plain">
					<joint id_="312560256" pos="1.5 0.45 0.35" rot="0.0 0.0 0.0" size="0.4"/>
				</voxbox>
				<voxbox id_="1882702080" pos="2.1 7.7 -5.2" rot="90.0 90.0 0.0" prop="true" size="15 9 15" brush="MOD/assets/industrial/pipes_and_ventilation.vox" object="mediumpipe-bend-plain">
					<joint id_="1166677504" pos="1.5 0.45 0.55" rot="0.0 0.0 0.0" size="0.4"/>
				</voxbox>
				<voxbox id_="1741594368" pos="2.4 -0.7 0.5" rot="270.0 -90.0 0.0" prop="true" size="15 9 15" brush="MOD/assets/industrial/pipes_and_ventilation.vox" object="mediumpipe-bend-plain">
					<joint id_="351687648" pos="0.5 0.45 1.45" rot="0.0 0.0 0.0" size="0.4"/>
				</voxbox>
				<voxbox id_="563250752" pos="2.4 0.2 17.0" rot="180.0 0.0 0.0" prop="true" size="15 9 15" brush="MOD/assets/industrial/pipes_and_ventilation.vox" object="mediumpipe-bend-plain">
					<joint id_="262815392" pos="0.5 0.45 1.45" rot="0.0 0.0 0.0" size="0.4"/>
				</voxbox>
				<voxbox id_="1493984256" pos="12.3 0.2 16.1" rot="0.0 -90.0 -90.0" prop="true" size="15 9 15" brush="MOD/assets/industrial/pipes_and_ventilation.vox" object="mediumpipe-bend-plain">
					<joint id_="329010816" pos="0.5 0.45 1.45" rot="0.0 0.0 0.0" size="0.4"/>
				</voxbox>
				<voxbox id_="1790618368" pos="2.7 -7.7 4.1" rot="-90.0 0.0 0.0" prop="false" size="3 4 71" brush="MOD/assets/industrial/beams.vox" object="metal-blue-3x4">
					<joint id_="807977088" pos="0.1 0.15 6.95" rot="0.0 0.0 0.0" size="0.4"/>
				</voxbox>
				<voxbox id_="570001408" pos="2.7 -7.7 14.1" rot="-90.0 0.0 0.0" prop="false" size="3 4 71" brush="MOD/assets/industrial/beams.vox" object="metal-blue-3x4">
					<joint id_="1591507840" pos="0.1 0.15 6.95" rot="0.0 0.0 0.0" size="0.4"/>
				</voxbox>
			</group>
			<group id_="986704704" name="dock" pos="32.8 0.0 7.7" rot="0.0 0.0 0.0">
				<voxbox id_="1751753088" tags="unbreakable" pos="0.0 -1.4 -12.1" rot="0.0 0.0 0.0" texture="4 0.6" size="61 14 139" brush="MOD/assets/industrial/innerfloors.vox" object="concrete" color=".6 .6 .6"/>
				<vox id_="1752211840" pos="2.57124 1.30002 -0.08434" rot="0.0 10.7 0.0" prop="true" file="MOD/assets/props/crates.vox" object="tiny"/>
				<vox id_="60034640" pos="3.01345 0.0 0.15543" rot="0.0 -1.6 0.0" prop="true" file="MOD/assets/props/crates.vox" object="large"/>
				<vox id_="2137390464" pos="1.20851 0.0 -0.52394" rot="0.0 -4.0 0.0" prop="true" file="MOD/assets/props/crates.vox" object="medium"/>
				<vox id_="124329376" pos="0.83556 0.0 0.98524" rot="0.0 7.4 0.0" prop="true" file="MOD/assets/props/crates.vox" object="medium"/>
			</group>
		</group>
		<group id_="1995365248" name="nature">
			<vox id_="53021860" pos="9.9 3.6 24.1" rot="0.0 0.0 0.0" file="MOD/assets/nature/bushes.vox" object="small-1"/>
			<vox id_="1043527872" pos="-24.8 3.0 -9.3" rot="0.0 0.0 0.0" file="MOD/assets/nature/bushes.vox" object="small-1"/>
			<vox id_="954655616" pos="-21.0 4.0 0.5" rot="0.0 90.0 0.0" file="MOD/assets/nature/bushes.vox" object="small-1"/>
			<vox id_="1225204736" pos="-8.2 4.0 -35.1" rot="0.0 0.0 0.0" file="MOD/assets/nature/bushes.vox" object="small-1"/>
			<vox id_="96671504" pos="19.0 3.6 27.4" rot="0.0 0.0 0.0" file="MOD/assets/nature/bushes.vox" object="small-2"/>
			<vox id_="1137315584" pos="15.7 3.2 -19.3" rot="0.0 0.0 0.0" file="MOD/assets/nature/bushes.vox" object="small-2"/>
			<vox id_="77009504" pos="-25.4 3.0 -28.5" rot="0.0 0.0 0.0" file="MOD/assets/nature/bushes.vox" object="medium"/>
			<vox id_="966059584" pos="27.6 2.8 12.9" rot="0.0 -90.0 0.0" file="MOD/assets/nature/bushes.vox" object="large"/>
			<vox id_="1798941952" pos="-9.8 4.0 19.6" rot="0.0 0.0 0.0" file="MOD/assets/nature/bushes.vox" object="large"/>
			<vox id_="1621262976" pos="-9.2 4.0 23.1" rot="0.0 0.0 0.0" file="MOD/assets/nature/tree-large.vox"/>
			<vox id_="825804032" pos="10.5 3.9 -38.6" rot="0.0 90.0 0.0" file="MOD/assets/nature/tree-large.vox"/>
			<vox id_="1081147904" pos="-9.8 4.0 10.9" rot="0.0 0.0 0.0" file="MOD/assets/nature/tree-mediumlarge.vox"/>
			<vox id_="291259776" pos="-26.7 3.9 -23.5" rot="0.0 0.0 0.0" file="MOD/assets/nature/tree-mediumlarge.vox"/>
			<vox id_="1282224512" pos="26.9 3.0 -19.8" rot="0.0 0.0 0.0" file="MOD/assets/nature/tree-medium.vox"/>
			<vox id_="770750400" pos="-20.4 3.7 -3.9" rot="0.0 0.0 0.0" file="MOD/assets/nature/tree-medium.vox"/>
			<vox id_="823379008" pos="20.8 4.0 -26.1" rot="0.0 70.0 0.0" file="MOD/assets/nature/tree-mediumlarge.vox"/>
			<vox id_="859950336" pos="-3.7 4.0 16.3" rot="0.0 0.0 0.0" file="MOD/assets/nature/tree-small.vox"/>
			<vox id_="587893824" pos="30.8 3.0 13.8" rot="0.0 0.0 0.0" file="MOD/assets/nature/tree-small.vox"/>
			<vox id_="906811456" pos="-4.2 4.0 23.9" rot="0.0 90.0 0.0" file="MOD/assets/nature/tree-small.vox"/>
			<vox id_="372660448" pos="1.6 3.2 19.3" rot="0.0 90.0 0.0" file="MOD/assets/nature/pine-medium.vox"/>
			<vox id_="211235424" pos="5.9 3.9 24.1" rot="0.0 90.0 0.0" file="MOD/assets/nature/pine-small.vox"/>
			<vox id_="1390955392" pos="-12.4 4.1 15.5" rot="0.0 90.0 0.0" file="MOD/assets/nature/pine-small.vox"/>
			<vox id_="1486185088" pos="31.3 3.1 31.9" rot="0.0 90.0 0.0" file="MOD/assets/nature/tree-small-variant.vox"/>
			<vox id_="1369196160" pos="23.0 3.0 19.5" rot="0.0 270.0 0.0" file="MOD/assets/nature/bushes.vox" object="shrubbery-medium"/>
			<vox id_="427779584" pos="23.6 3.0 22.6" rot="0.0 270.0 0.0" file="MOD/assets/nature/bushes.vox" object="shrubbery-small"/>
			<vox id_="1483760000" pos="-5.8 3.2 5.3" rot="0.0 -40.0 0.0" file="MOD/assets/nature/bushes.vox" object="shrubbery-small"/>
		</group>
	</group>
	<group id_="279134848" name="Heist components" pos="0.0 0.9 -10.4">
		<script id_="1661045760" file="main.lua"/>
		<script id_="325995968" file="heist.lua" param0="music=lee.ogg"/>
		<group id_="2036655488" name="Primary target" pos="19.2 6.9 13.7" rot="0.0 -180.0 0.0">
			<script id_="104929536" pos="0.1 0.0 -0.9" rot="0.0 0.0 0.0" file="alarmbox.lua">
				<vox id_="690463872" tags="alarmbox" pos="0.1 1.1 0.5" rot="0.0 0.0 0.0" file="MOD/vox/alarmbox.vox">
					<light id_="76419640" pos="-0.05 0.25 0.0" rot="0.0 0.0 0.0" color="1 .5 .5"/>
				</vox>
				<rope id_="1604419200" pos="0.15 1.1 0.35" color="1 .1 .1" maxstretch="1">
					<location id_="2005327360" pos="0.0 0.0 0.0" rot="0.0 0.0 0.0"/>
					<location id_="565806848" pos="0.0 -0.9 0.3" rot="0.0 0.0 0.0"/>
				</rope>
			</script>
			<body id_="1172510592" name="Target" tags="target unbreakable" pos="0.2 0.1 -0.05" rot="0.0 0.0 0.0" dynamic="true" desc="Server ; Waste facility ; Waste analyzing server">
				<vox id_="1559917568" pos="0.0 -0.5 0.0" rot="0.0 0.0 0.0" prop="false" file="MOD/assets/furniture/office_supplies.vox" object="computer"/>
			</body>
		</group>
		<group id_="484275072" name="Primary target" pos="-9.2 7.2 -15.1" rot="0.0 0.0 0.0">
			<script id_="652254080" pos="0.1 0.0 -0.9" rot="0.0 0.0 0.0" file="alarmbox.lua">
				<vox id_="904517568" tags="alarmbox" pos="0.1 1.1 0.5" rot="0.0 0.0 0.0" file="MOD/vox/alarmbox.vox">
					<light id_="86185104" pos="-0.05 0.25 0.0" rot="0.0 0.0 0.0" color="1 .5 .5"/>
				</vox>
				<rope id_="1714854144" pos="0.15 1.1 0.35" color="1 .1 .1" maxstretch="1">
					<location id_="1412321408" pos="0.0 0.0 0.0" rot="0.0 0.0 0.0"/>
					<location id_="510425536" pos="-0.1 -0.8 0.3" rot="0.0 0.0 0.0"/>
				</rope>
			</script>
			<body id_="1815064704" name="Target" tags="target unbreakable" pos="0.1 0.2 0.05" rot="0.0 0.0 0.0" dynamic="true" desc="Recipe; Factory ; Secret jam recipe">
				<vox id_="319966272" pos="0.1 -0.5 0.1" rot="0.0 90.0 0.0" prop="false" file="MOD/assets/props/suitcases.vox" object="medium"/>
			</body>
		</group>
		<group id_="854772672" name="Secondary target" pos="9.9 15.0 -9.1" rot="0.0 270.0 0.0">
			<script id_="822133760" pos="0.1 0.0 -0.9" rot="0.0 0.0 0.0" file="alarmbox.lua">
				<vox id_="511343072" tags="alarmbox" pos="0.1 1.1 0.4" rot="0.0 0.0 0.0" file="MOD/vox/alarmbox.vox">
					<light id_="908843200" pos="-0.05 0.25 0.0" rot="0.0 0.0 0.0" color="1 .5 .5"/>
				</vox>
				<rope id_="354243712" pos="0.15 1.1 0.35" color="1 .1 .1" maxstretch="1">
					<location id_="988212096" pos="0.0 0.0 -0.1" rot="0.0 0.0 0.0"/>
					<location id_="597462656" pos="0.8 -0.3 0.6" rot="0.0 0.0 0.0"/>
				</rope>
			</script>
			<body id_="897045952" name="Target" tags="target optional unbreakable" pos="0.9 0.5 -0.05" rot="0.0 0.0 0.0" dynamic="true" desc="Secret ingredient ; Refinery ; On the top floor">
				<vox id_="337465472" pos="0.1 -0.5 -0.1" rot="0.0 170.0 0.0" prop="false" file="MOD/assets/props/plasticcan.vox"/>
			</body>
		</group>
		<group id_="1224025088" name="Alarm light" pos="7.2 15.8 -3.9" rot="0.0 0.0 0.0">
			<script id_="2018763136" pos="0.0 -1.3 -0.1" file="alarmlight.lua" param0="type=1">
				<voxbox id_="2140995200" pos="-0.1 1.3 0.0" rot="0.0 0.0 0.0" size="2 2 1" pbr="0 0 0 4">
					<light id_="2132081792" tags="alarm" pos="0.1 0.1 0.1" scale="4"/>
				</voxbox>
			</script>
		</group>
		<group id_="1454988032" name="Alarm light" pos="14.4 8.7 12.6" rot="90.0 180.0 0.0">
			<script id_="2015289472" pos="0.0 -1.3 -0.1" file="alarmlight.lua" param0="type=2">
				<voxbox id_="1413435648" pos="-0.1 1.3 0.0" rot="0.0 0.0 0.0" size="2 2 1" pbr="0 0 0 4">
					<light id_="530218592" tags="alarm" pos="0.1 0.1 0.1" scale="4"/>
				</voxbox>
			</script>
		</group>
		<group id_="894817600" name="Alarm light" pos="24.3 6.4 34.9" rot="-90.0 180.0 270.0">
			<script id_="1777182592" pos="0.0 -1.3 -0.1" file="alarmlight.lua" param0="type=3">
				<voxbox id_="1010954496" pos="-0.1 1.3 0.0" rot="0.0 0.0 0.0" size="2 2 1" pbr="0 0 0 4">
					<light id_="2083123328" tags="alarm" pos="0.1 0.1 0.1" scale="4"/>
				</voxbox>
			</script>
		</group>
		<group id_="1400655360" name="Alarm light">
			<script id_="1716623616" pos="-13.6 8.6 -7.1" rot="0.0 0.0 0.0" file="alarmlight.lua" param0="type=4">
				<voxbox id_="754562048" pos="0.0 0.2 0.1" rot="90.0 -180.0 0.0" prop="true" size="1 2 2" color="1 .7 .4" pbr="0 0 0 5">
					<light id_="1457478528" tags="alarm" pos="0.1 0.1 0.1" rot="0.0 89.99999 0.0" type="cone" color="1 .7 .4" scale="20" angle="90" penumbra="30" unshadowed="0.2"/>
					<joint id_="1338326784" tags="joint" pos="0.0 0.1 0.0" type="hinge"/>
				</voxbox>
			</script>
		</group>
		<group id_="69341320" name="Escape Vehicle" pos="45.3 0.6 6.6" rot="0.0 160.0 0.0">
			<script id_="17564720" pos="5.9 1.3 -0.4" file="escape.lua">
				<body id_="466448192" tags="escapevehicle unbreakable" pos="0.3 -0.9 0.8" rot="0.0 40.0 0.0">
					<vox id_="1614381312" pos="0.0 -1.4 0.2" rot="0.0 90.0 0.0" file="MOD/assets/vehicles/sea/mediumboat.vox">
						<location id_="962454912" name="Arrow" tags="arrow" pos="0.33512 4.15 0.25453" rot="0.0 162.0 0.0"/>
					</vox>
				</body>
				<location id_="1299199360" name="Escape camera" tags="escapecamera" pos="-14.2 6.8 -3.2" rot="0.0 0.0 0.0"/>
			</script>
		</group>
		<group id_="984017536" name="Chopper" pos="49.1 -18.4 -3.3" rot="0.0 0.0 0.0">
			<script id_="518880192" pos="-17.6 20.5 18.3" rot="0.0 0.0 0.0" file="alarmchopper.lua">
				<instance id_="1667468672" pos="-32.2 -20.5 1.6" rot="0.0 0.0 0.0" file="MOD/chopper/chopper.xml"/>
				<location id_="673947840" name="Start location" tags="start" pos="142.30002 26.5 -52.7" rot="0.0 0.0 0.0"/>
				<location id_="1254501120" name="End location" tags="end" pos="8.3 7.0 -8.99999" rot="0.0 0.0 0.0"/>
			</script>
		</group>
		<spawnpoint id_="734703424" name="spawnpoint" pos="34.3 2.1 -3.1" rot="0.0 -90.0 0.0"/>
	</group>
	<layers/>
</scene>

