<scene id_="1307391872" open_="true" version="0.9.0" shadowVolume="200 20 200">
	<group id_="1445419136" name="Script">
		<script id_="812630464" file="main.lua"/>
		<script id_="1126239360" file="sandbox.lua"/>
	</group>
	<group id_="2063264768" name="Scene">
		<group id_="2101867776" name="Ground" pos="-0.00001 0.0 -0.0">
			<voxbox id_="1043527872" name="Unbrakable ground" pos="-100.00001 0.0 -100.00001" rot="0.0 0.0 0.0" size="2000 1 2000" color=".5 .5 .5"/>
		</group>
		<group id_="1025700992" name="Room" pos="2.19999 0.0 -8.8" rot="0.0 0.0 0.0">
			<voxbox id_="1387088512" pos="-10.0 0.0 10.0" size="81 30 2" material="masonry" color=".5 .5 .5"/>
			<voxbox id_="2137128320" pos="1.4 0.0 10.0" rot="0.0 0.0 0.0" size="86 30 2" material="masonry" color=".5 .5 .5"/>
			<voxbox id_="20579560" pos="-3.8 0.0 6.8" rot="0.0 0.0 0.0" size="69 30 2" material="masonry" color=".5 .5 .5"/>
			<voxbox id_="872009728" pos="-10.0 0.0 -10.2" size="200 30 2" material="masonry" color=".5 .5 .5"/>
			<voxbox id_="1111886080" pos="-10.0 0.0 10.0" rot="0.0 90.0 0.0" size="200 30 2" material="masonry" color=".5 .5 .5"/>
			<voxbox id_="1970853376" pos="9.8 0.0 10.0" rot="0.0 90.0 0.0" size="200 30 2" material="masonry" color=".5 .5 .5"/>
		</group>
		<group id_="210842176" name="Room" pos="-31.20001 0.0 -48.7" rot="0.0 0.0 0.0">
			<voxbox id_="342446496" pos="-10.0 0.0 10.0" size="81 30 2" material="masonry" color=".5 .5 .5"/>
			<voxbox id_="937418624" pos="1.4 0.0 10.0" rot="0.0 0.0 0.0" size="86 30 2" material="masonry" color=".5 .5 .5"/>
			<voxbox id_="1966200064" pos="-3.8 0.0 6.8" rot="0.0 0.0 0.0" size="69 30 2" material="masonry" color=".5 .5 .5"/>
			<voxbox id_="2081484800" pos="-10.0 0.0 -10.2" size="200 30 2" material="masonry" color=".5 .5 .5"/>
			<voxbox id_="1227826304" pos="-10.0 0.0 10.0" rot="0.0 90.0 0.0" size="200 30 2" material="masonry" color=".5 .5 .5"/>
			<voxbox id_="571574336" pos="9.8 0.0 10.0" rot="0.0 90.0 0.0" size="200 30 2" material="masonry" color=".5 .5 .5"/>
		</group>
		<group id_="1717016960" name="Room" pos="2.19999 0.0 -48.8" rot="0.0 0.0 0.0">
			<voxbox id_="1034548928" pos="-10.0 0.0 10.0" size="81 30 2" material="masonry" color=".5 .5 .5"/>
			<voxbox id_="1484481024" pos="1.4 0.0 10.0" rot="0.0 0.0 0.0" size="86 30 2" material="masonry" color=".5 .5 .5"/>
			<voxbox id_="1041692736" pos="-3.8 0.0 6.8" rot="0.0 0.0 0.0" size="69 30 2" material="masonry" color=".5 .5 .5"/>
			<voxbox id_="1640531712" pos="-10.0 0.0 -10.2" size="200 30 2" material="masonry" color=".5 .5 .5"/>
			<voxbox id_="1427395712" pos="-10.0 0.0 10.0" rot="0.0 90.0 0.0" size="200 30 2" material="masonry" color=".5 .5 .5"/>
			<voxbox id_="205992224" pos="9.8 0.0 10.0" rot="0.0 90.0 0.0" size="200 30 2" material="masonry" color=".5 .5 .5"/>
		</group>
		<group id_="1859304320" name="Room" pos="34.69999 0.0 -48.7" rot="0.0 0.0 0.0">
			<voxbox id_="1013838272" pos="-10.0 0.0 10.0" size="81 30 2" material="masonry" color=".5 .5 .5"/>
			<voxbox id_="182332288" pos="1.4 0.0 10.0" rot="0.0 0.0 0.0" size="86 30 2" material="masonry" color=".5 .5 .5"/>
			<voxbox id_="1961743232" pos="-3.8 0.0 6.8" rot="0.0 0.0 0.0" size="69 30 2" material="masonry" color=".5 .5 .5"/>
			<voxbox id_="84808760" pos="-10.0 0.0 -10.2" size="200 30 2" material="masonry" color=".5 .5 .5"/>
			<voxbox id_="1047591360" pos="-10.0 0.0 10.0" rot="0.0 90.0 0.0" size="200 30 2" material="masonry" color=".5 .5 .5"/>
			<voxbox id_="384064384" pos="9.8 0.0 10.0" rot="0.0 90.0 0.0" size="200 30 2" material="masonry" color=".5 .5 .5"/>
		</group>
	</group>
	<group id_="507410688" open_="true" name="Robots">
		<group id_="374036768" name="Basic mech" pos="1.8 -0.1 27.0">
			<body id_="408969600" name="Sign" tags="nocull" pos="-3.1 0.2 3.7" rot="0.0 30.0 0.0" dynamic="true" desc="Basic mech with two patrol locations. This robot will not chase the player or care about sounds in the environment.">
				<voxbox id_="1250896384" size="5 1 5"/>
				<voxbox id_="700425984" pos="0.2 0.1 0.2" size="1 12 1"/>
				<voxbox id_="1064304064" pos="0.0 1.5 0.1" rot="60.0 0.0 0.0" size="5 1 5">
					<voxbox id_="1733074176" pos="0.1 0.0 0.1" size="3 1 3" color=".5 .5 1" pbr="0 0 0 2"/>
				</voxbox>
			</body>
			<script id_="838059968" pos="0.2 0.1 -0.1" file="robot.lua" param0="type=investigate">
				<instance id_="973596672" file="MOD/robot/mech-basic.xml"/>
				<location id_="1405570816" tags="patrol" pos="-6.0 0.1 0.0" rot="0.0 0.0 0.0"/>
				<location id_="655006784" tags="patrol" pos="5.6 0.1 0.0" rot="0.0 0.0 0.0"/>
			</script>
		</group>
		<group id_="322456800" name="Basic mech" pos="1.7 -0.1 -10.0">
			<body id_="860802368" name="Sign" tags="nocull" pos="-1.3 0.2 12.4" rot="0.0 30.0 0.0" dynamic="true" desc="Non-hostile mech with two patrol locations. This robot will investigate sounds in the area and chase the player when seen.">
				<voxbox id_="760198464" size="5 1 5"/>
				<voxbox id_="510884288" pos="0.2 0.1 0.2" size="1 12 1"/>
				<voxbox id_="599756544" pos="0.0 1.5 0.1" rot="60.0 0.0 0.0" size="5 1 5">
					<voxbox id_="1730321536" pos="0.1 0.0 0.1" size="3 1 3" color=".5 .5 1" pbr="0 0 0 2"/>
				</voxbox>
			</body>
			<script id_="1255680896" pos="0.2 0.1 -0.1" file="robot.lua" param0="type=investigate chase">
				<instance id_="1594784768" file="MOD/robot/mech-basic.xml"/>
				<trigger id_="1476485120" tags="investigate" pos="0.3 0.0 1.3" type="box" size="20 3 20"/>
				<location id_="1268067968" tags="patrol" pos="-6.0 0.1 0.0" rot="0.0 0.0 0.0"/>
				<location id_="1995430784" tags="patrol" pos="5.6 0.1 0.0" rot="0.0 0.0 0.0"/>
			</script>
		</group>
		<group id_="1804709376" name="Flamethrower mech" pos="-31.7 -0.1 -49.9">
			<body id_="2007031424" name="Sign" tags="nocull" pos="-1.3 0.2 12.4" rot="0.0 30.0 0.0" dynamic="true" desc="Flamethrower mech. This robot will investigate sounds in the area and chase the player when seen.">
				<voxbox id_="1089340288" size="5 1 5"/>
				<voxbox id_="1744936960" pos="0.2 0.1 0.2" size="1 12 1"/>
				<voxbox id_="1199775232" pos="0.0 1.5 0.1" rot="60.0 0.0 0.0" size="5 1 5">
					<voxbox id_="1370965760" pos="0.1 0.0 0.1" size="3 1 3" color=".5 .5 1" pbr="0 0 0 2"/>
				</voxbox>
			</body>
			<script id_="69210240" pos="0.2 0.1 -0.1" file="robot.lua" param0="type=investigate chase">
				<instance id_="1480810752" file="MOD/robot/mech-fire.xml"/>
				<trigger id_="2129460096" tags="investigate" pos="0.3 0.0 1.3" type="box" size="20 3 20"/>
				<location id_="845662592" tags="patrol" pos="-6.0 0.1 0.0" rot="0.0 0.0 0.0"/>
				<location id_="874172544" tags="patrol" pos="5.6 0.1 0.0" rot="0.0 0.0 0.0"/>
			</script>
		</group>
		<group id_="340939072" name="Mech with guns" pos="1.7 -0.1 -49.9">
			<body id_="515865344" name="Sign" tags="nocull" pos="-1.3 0.2 12.4" rot="0.0 30.0 0.0" dynamic="true" desc="Mech with guns. This robot will investigate sounds in the area and chase the player when seen.">
				<voxbox id_="164374320" size="5 1 5"/>
				<voxbox id_="727231872" pos="0.2 0.1 0.2" size="1 12 1"/>
				<voxbox id_="1502569984" pos="0.0 1.5 0.1" rot="60.0 0.0 0.0" size="5 1 5">
					<voxbox id_="630036032" pos="0.1 0.0 0.1" size="3 1 3" color=".5 .5 1" pbr="0 0 0 2"/>
				</voxbox>
			</body>
			<script id_="1343963264" pos="0.2 0.1 -0.1" file="robot.lua" param0="type=investigate chase">
				<instance id_="763803136" file="MOD/robot/mech-guns.xml"/>
				<trigger id_="1868021120" tags="investigate" pos="0.3 0.0 1.3" type="box" size="20 3 20"/>
				<location id_="810139968" tags="patrol" pos="-6.0 0.1 0.0" rot="0.0 0.0 0.0"/>
				<location id_="1383942656" tags="patrol" pos="5.6 0.1 0.0" rot="0.0 0.0 0.0"/>
			</script>
		</group>
		<group id_="1768138112" name="Mech with rockets" pos="34.2 -0.1 -49.9">
			<body id_="948953664" name="Sign" tags="nocull" pos="-1.3 0.2 12.4" rot="0.0 30.0 0.0" dynamic="true" desc="Mech with rockets. This robot will investigate sounds in the area and chase the player when seen.">
				<voxbox id_="1332493696" size="5 1 5"/>
				<voxbox id_="1193090176" pos="0.2 0.1 0.2" size="1 12 1"/>
				<voxbox id_="250231712" pos="0.0 1.5 0.1" rot="60.0 0.0 0.0" size="5 1 5">
					<voxbox id_="1070595904" pos="0.1 0.0 0.1" size="3 1 3" color=".5 .5 1" pbr="0 0 0 2"/>
				</voxbox>
			</body>
			<script id_="358897024" pos="0.2 0.1 -0.1" file="robot.lua" param0="type=investigate chase">
				<instance id_="407396640" file="MOD/robot/mech-rockets.xml"/>
				<trigger id_="758822144" tags="investigate" pos="0.3 0.0 1.3" type="box" size="20 3 20"/>
				<location id_="1658096512" tags="patrol" pos="-6.0 0.1 0.0" rot="0.0 0.0 0.0"/>
				<location id_="1136594688" tags="patrol" pos="5.6 0.1 0.0" rot="0.0 0.0 0.0"/>
			</script>
		</group>
	</group>
	<environment id_="1827189632" name="Environment" template="sunset"/>
	<spawnpoint id_="1200823936" name="Player spawn" pos="1.2 0.1 42.1" rot="0.0 -180.0 0.0"/>
	<boundary id_="913889792" name="Boundary" pos="0.0 -6.1 0.0" rot="0.0 0.0 0.0">
		<vertex pos="-100.0 -99.9"/>
		<vertex pos="100.0 -100.0"/>
		<vertex pos="100.0 100.0"/>
		<vertex pos="-100.0 99.9"/>
	</boundary>
	<layers/>
</scene>

