<prefab version="0.9.3">
	<group id_="1216684544" open_="true" name="instance=MOD/assets/vehicle/truck/semitruck-propane.xml" pos="-4.4 0.0 -3.9" rot="0.0 0.0 0.0">
		<vehicle id_="634558272" rot="0.0 0.0 0.0" driven="false" sound="semitruck" spring="0.5" damping="0.5" topspeed="70" acceleration="5" strength="5" antispin="1" antiroll="0.6" difflock="0.5" steerassist="0.2">
			<body id_="1815916800" pos="0.0 0.8 -1.1" rot="0.0 0.0 0.0" dynamic="true">
				<vox id_="1811591168" pos="0.05 -0.5 0.8" rot="180.0 0.0 180.0" density="1" strength="3" file="MOD/assets/vehicle/truck/semitruck-us.vox" object="body">
					<light id_="1933823232" pos="-0.7 0.7 3.5" type="cone" color="1 .9 .8" scale="30" angle="90" penumbra="30" size="0.1" unshadowed="0.2" glare="0.4"/>
					<light id_="193605152" pos="0.8 0.7 3.5" type="cone" color="1 .9 .8" scale="30" angle="90" penumbra="30" size="0.1" unshadowed="0.2" glare="0.4"/>
					<location id_="1802874368" tags="player" pos="0.35 1.9 1.7" rot="0.0 0.0 0.0"/>
					<light id_="424699200" pos="0.9 0.45 -3.8" rot="0.0 -180.0 0.0" type="area" color="1 .1 .1" size="0.2 0.1" unshadowed="0.2" glare="0.2"/>
					<light id_="1404456704" pos="-0.8 0.45 -3.8" rot="0.0 -180.0 0.0" type="area" color="1 .1 .1" size="0.2 0.1" unshadowed="0.2" glare="0.2"/>
				</vox>
				<group id_="859688192" pos="0.15 0.2 0.7">
					<wheel id_="968222400" name="br2" pos="0.3 -0.55 1.75" drive="1" travel="-0.1 0.1">
						<vox id_="393240" pos="0.2 -0.45 0.05" file="MOD/assets/vehicle/truck/semitruck-us.vox" object="wheel_br"/>
					</wheel>
					<wheel id_="1754636928" name="br2" pos="0.3 -0.55 3.15" drive="1" travel="-0.1 0.1">
						<vox id_="1650100608" pos="0.2 -0.45 0.05" file="MOD/assets/vehicle/truck/semitruck-us.vox" object="wheel_br"/>
					</wheel>
					<wheel id_="1870577152" name="bl1" pos="-0.6 -0.55 1.75" drive="1" travel="-0.1 0.1">
						<vox id_="389569760" pos="-0.3 -0.45 0.05" file="MOD/assets/vehicle/truck/semitruck-us.vox" object="wheel_bl"/>
					</wheel>
					<wheel id_="1086325504" name="bl1" pos="-0.6 -0.55 3.15" drive="1" travel="-0.1 0.1">
						<vox id_="712223168" pos="-0.3 -0.45 0.05" file="MOD/assets/vehicle/truck/semitruck-us.vox" object="wheel_bl"/>
					</wheel>
					<wheel id_="1396854016" name="fl" pos="-0.9 -0.55 -2.95" steer="1" travel="-0.1 0.1">
						<vox id_="1830990976" pos="-0.2 -0.45 0.05" file="MOD/assets/vehicle/truck/semitruck-us.vox" object="wheel_fl"/>
					</wheel>
					<wheel id_="2076700416" name="fr" pos="0.6 -0.55 -2.95" steer="1" travel="-0.1 0.1">
						<vox id_="33032160" pos="0.2 -0.45 -0.05" rot="0 180 0" file="MOD/assets/vehicle/truck/semitruck-us.vox" object="wheel_fr"/>
					</wheel>
				</group>
			</body>
			<location id_="1144066304" tags="exhaust" pos="0.95 3.3 -1.6" rot="-90.0 0.0 0.0"/>
			<location id_="2106848896" tags="vital" pos="0.05 1.4 -3.6" rot="-90.0 0.0 0.0"/>
			<location id_="369055744" tags="camera" pos="0.05 2.0 -1.0" rot="-90.0 0.0 0.0"/>
			<location id_="1894695808" tags="exhaust" pos="-0.95 3.3 -1.6" rot="-90.0 0.0 0.0"/>
			<body id_="1572239104" name="Propane Trailer" pos="0.0 0.85 7.4" dynamic="true">
				<vox id_="538345536" pos="0.0 -0.35 0.0" rot="0 180 0" file="MOD/assets/vehicle/truck/propane_trailer.vox" object="trailer">
					<light id_="1058012224" pos="0.85 0.3 -5.5" rot="0.0 180.0 0.0" type="area" color="1 .1 .1" size="0.3 0.2" unshadowed="0.2" glare="0.2"/>
					<light id_="1725471616" pos="-0.85 0.3 -5.5" rot="0.0 180.0 0.0" type="area" color="1 .1 .1" size="0.3 0.2" unshadowed="0.2" glare="0.2"/>
					<joint id_="1121258368" pos="0.0 0.5 5.3" rot="-90.0 -90.0 0.0" type="hinge" rotstrength="0" rotspring="0" collide="false" limits="-100 100"/>
					<group id_="65736620" name="Propane Tank" pos="0.0 0.9 0.8" rot="0.0 180.0 0.0" prop0="density=0.25" prop1="tags=explosive=4" prop2="prop=true">
						<vox id_="1982257280" pos="0.0 0.1 -4.7" rot="0 180 0" file="MOD/assets/vehicle/truck/propane_trailer.vox" object="tank_part1">
							<joint id_="759280896" pos="1.1 1.8 -1.7" size="0.2" rotstrength="1" rotspring="1"/>
							<joint id_="1099761152" pos="-1.1 1.8 -1.7" size="0.2" rotstrength="1" rotspring="1"/>
							<joint id_="1352352384" pos="-0.4 0.0 -0.0" size="0.2" rotstrength="1" rotspring="1"/>
							<joint id_="1268461184" pos="0.4 0.0 0.0" size="0.2" rotstrength="1" rotspring="1"/>
						</vox>
						<vox id_="2062150528" pos="0.0 0.1 -1.5" rot="0 180 0" file="MOD/assets/vehicle/truck/propane_trailer.vox" object="tank_part2">
							<joint id_="1707448064" pos="-0.6 0.0 0.4" size="0.2" rotstrength="1" rotspring="1"/>
							<joint id_="2013061120" pos="0.6 0.0 0.4" size="0.2" rotstrength="1" rotspring="1"/>
							<joint id_="1194466560" pos="1.1 1.8 -1.6" size="0.2" rotstrength="1" rotspring="1"/>
							<joint id_="1041037376" pos="-1.1 1.8 -1.6" size="0.2" rotstrength="1" rotspring="1"/>
						</vox>
						<vox id_="880529920" pos="0.0 0.1 1.6" rot="0 180 0" file="MOD/assets/vehicle/truck/propane_trailer.vox" object="tank_part3">
							<joint id_="495744576" pos="-0.6 0.2 0.4" size="0.2" rotstrength="1" rotspring="1"/>
							<joint id_="69931184" pos="0.6 0.2 0.4" size="0.2" rotstrength="1" rotspring="1"/>
							<joint id_="73273720" pos="1.1 1.8 -1.6" size="0.2" rotstrength="1" rotspring="1"/>
							<joint id_="1115556352" pos="-1.1 1.8 -1.6" size="0.2" rotstrength="1" rotspring="1"/>
						</vox>
						<vox id_="1637648000" pos="0.0 0.1 4.7" rot="0 180 0" file="MOD/assets/vehicle/truck/propane_trailer.vox" object="tank_part4">
							<joint id_="2141322880" pos="0.6 0.2 -0.7" size="0.2" rotstrength="1" rotspring="1"/>
							<joint id_="592022848" pos="-0.6 0.2 -0.7" size="0.2" rotstrength="1" rotspring="1"/>
						</vox>
					</group>
				</vox>
				<wheel id_="332681024" name="Wheel Left 1" pos="0.6 -0.3 1.05" travel="-0.1 0.1">
					<vox id_="1736613376" pos="0.3 -0.55 0.05" file="MOD/assets/vehicle/truck/propane_trailer.vox" object="l1"/>
				</wheel>
				<wheel id_="201863200" name="Wheel Left 2" pos="0.6 -0.3 2.55" travel="-0.1 0.1">
					<vox id_="283526048" pos="0.3 -0.55 0.05" file="MOD/assets/vehicle/truck/propane_trailer.vox" object="l2"/>
				</wheel>
				<wheel id_="1895482368" name="Wheel Left 3" pos="0.6 -0.3 4.05" travel="-0.1 0.1">
					<vox id_="1546678400" pos="0.3 -0.55 0.05" file="MOD/assets/vehicle/truck/propane_trailer.vox" object="l3"/>
				</wheel>
				<wheel id_="1868152192" name="Wheel Right 1" pos="-0.7 -0.3 1.05" travel="-0.1 0.1">
					<vox id_="839567424" pos="-0.4 -0.55 0.05" file="MOD/assets/vehicle/truck/propane_trailer.vox" object="r1"/>
				</wheel>
				<wheel id_="1092289664" name="Wheel Right 2" pos="-0.7 -0.3 2.55" travel="-0.1 0.1">
					<vox id_="1198529920" pos="-0.4 -0.55 0.05" file="MOD/assets/vehicle/truck/propane_trailer.vox" object="r2"/>
				</wheel>
				<wheel id_="1843574656" name="Wheel Right 3" pos="-0.7 -0.3 4.05" travel="-0.1 0.1">
					<vox id_="1226384512" pos="-0.4 -0.55 0.05" file="MOD/assets/vehicle/truck/propane_trailer.vox" object="r3"/>
				</wheel>
			</body>
		</vehicle>
	</group>
</prefab>

