<prefab version="0.9.2">
	<group id_="1620542080" open_="true" name="instance=MOD/assets/vehicle/truck/truck1.xml" pos="3.8 0.0 -4.2" rot="0.0 0.0 0.0">
		<vehicle id_="527596992" open_="true" tags="dumptruck reversebeep" rot="0.0 0.0 0.0" driven="false" sound="semitruck2" spring="0.4" damping="0.4" topspeed="60" acceleration="0.5" strength="2" antiroll="0.3" difflock="0.5">
			<body id_="1491035008" open_="true" pos="0.0 1.2 -0.2" rot="0.0 0.0 0.0" dynamic="true">
				<vox id_="1660193792" open_="true" pos="0.0 -0.7 0.3" rot="0.00001 180.0 -0.00001" file="MOD/assets/vehicle/truck/truck.vox" object="body">
					<light id_="995487040" pos="1.0 0.4 -4.1" rot="0.00001 180.0 -0.00001" type="area" color="1 .1 .1" size="0.2 0.2" unshadowed="0.2" glare="0.2"/>
					<light id_="1094780160" pos="-1.0 0.4 -4.1" rot="0.00001 180.0 -0.00001" type="area" color="1 .1 .1" size="0.2 0.2" unshadowed="0.2" glare="0.2"/>
					<light id_="1769973248" pos="-1.15 0.4 -4.1" rot="0.00001 180.0 -0.00001" type="area" size="0.1 0.2" unshadowed="0.2"/>
					<light id_="1295398144" pos="1.15 0.4 -4.1" rot="0.00001 180.0 -0.00001" type="area" size="0.1 0.2" unshadowed="0.2"/>
					<light id_="762230208" pos="-0.8 0.8 3.9" rot="0.0 0.0 0.0" type="cone" color="1 .9 .8" scale="30" angle="90" penumbra="30" size="0.1" unshadowed="0.3" glare="0.4"/>
					<light id_="1217995392" pos="0.8 0.8 3.9" rot="0.0 0.0 0.0" type="cone" color="1 .9 .8" scale="30" angle="90" penumbra="30" size="0.1" unshadowed="0.3" glare="0.4"/>
					<location id_="501315456" tags="player" pos="0.65 1.85 3.15" rot="0.0 0.0 0.0"/>
				</vox>
				<group id_="1775150848" open_="true" pos="0.1 0.0 -0.5" rot="0.0 0.0 0.0">
					<wheel id_="2072112640" open_="true" name="bl2" pos="-1.2 -0.7 3.0" rot="0.0 0.0 0.0" drive="1" travel="-0.1 0.2">
						<vox id_="1042348160" pos="-0.2 -0.5 0.0" rot="0.0 -179.99998 0.0" file="MOD/assets/vehicle/truck/truck.vox" object="wheel_bl"/>
					</wheel>
					<wheel id_="1208360960" open_="true" name="br2" pos="1.0 -0.7 3.0" rot="0.0 0.0 0.0" drive="1" travel="-0.1 0.2">
						<vox id_="1245522176" pos="0.2 -0.5 0.0" rot="0.0 -179.99998 0.0" file="MOD/assets/vehicle/truck/truck.vox" object="wheel_br"/>
					</wheel>
					<wheel id_="1683460480" open_="true" name="br2" pos="1.0 -0.7 1.7" rot="0.0 0.0 0.0" drive="1" travel="-0.1 0.2">
						<vox id_="1920649728" pos="0.2 -0.5 0.0" rot="0.0 -179.99998 0.0" file="MOD/assets/vehicle/truck/truck.vox" object="wheel_mr"/>
					</wheel>
					<wheel id_="917428928" open_="true" name="bl1" pos="-1.2 -0.7 1.7" rot="0.0 0.0 0.0" drive="1" travel="-0.1 0.2">
						<vox id_="1382304128" pos="-0.2 -0.5 0.0" rot="0.0 -179.99998 0.0" file="MOD/assets/vehicle/truck/truck.vox" object="wheel_ml"/>
					</wheel>
					<wheel id_="1774102272" open_="true" name="fl" pos="-1.2 -0.7 -1.7" rot="0.0 0.0 0.0" steer="1" travel="-0.1 0.2">
						<vox id_="972154816" pos="-0.2 -0.5 0.0" rot="0.0 -179.99998 0.0" file="MOD/assets/vehicle/truck/truck.vox" object="wheel_fl"/>
					</wheel>
					<wheel id_="1165825536" open_="true" name="fr" pos="1.0 -0.7 -1.7" rot="0.0 0.0 0.0" steer="1" travel="-0.1 0.2">
						<vox id_="831899200" pos="0.2 -0.5 0.0" rot="0.0 -179.99998 0.0" file="MOD/assets/vehicle/truck/truck.vox" object="wheel_fr"/>
					</wheel>
				</group>
			</body>
			<body id_="2005655040" open_="true" pos="0.0 1.5 4.1" rot="0.0 0.0 0.0" dynamic="true">
				<vox id_="597528192" open_="true" pos="0.0 -0.2 0.0" rot="0.00001 180.0 -0.00001" file="MOD/assets/vehicle/truck/truck.vox" object="back_door">
					<joint id_="2109339392" pos="-1.2 0.0 -0.1" rot="0.0 90.0 90.0" type="hinge" rotstrength="0.002" rotspring="0" limits="-120 0"/>
					<joint id_="1014952448" pos="1.2 0.0 -0.10001" rot="0.0 90.0 90.0" type="hinge" rotstrength="0.002" rotspring="0" limits="-120 0"/>
				</vox>
			</body>
			<location id_="1457544064" tags="exhaust" pos="-1.3 0.7 -0.9" rot="0.0 -30.0 0.0"/>
			<location id_="1940311680" tags="exhaust" pos="1.3 0.7 -0.9" rot="0.0 30.0 0.0"/>
			<location id_="697214528" tags="vital" pos="0.0 1.0 -3.25" rot="0.0 0.0 0.0"/>
		</vehicle>
	</group>
</prefab>

