<prefab version="0.8.0">
	<group id_="1145835776" open_="true" name="instance=MOD/Entitys/Cow.xml" pos="-4.7 2.8 5.6" rot="0.0 -130.0 0.0">
		<vox id_="1822995072" pos="0.2 0.0 0.0" rot="0.0 -90.0 0.0" density="0.8" strength="1.0" prop="true" file="MOD/Entitys/cow.vox" object="Body"/>
		<vox id_="875155648" open_="true" pos="-1.0 0.5 0.0" rot="0.0 -90.0 0.0" strength="1.0" prop="true" file="MOD/Entitys/cow.vox" object="Head">
			<joint id_="549618432" pos="0.0 0.4 -0.3" rot="0.0 90.0 0.0" collide="true"/>
		</vox>
		<vox id_="160310848" open_="true" pos="-0.5 -1.1 -0.4" rot="0.0 -90.0 0.0" density="0.8" strength="1.0" prop="true" file="MOD/Entitys/cow.vox" object="RightLeg">
			<joint id_="462450240" pos="0.0 1.2 0.0" rot="180.0 -90.0 0.0" type="hinge" rotstrength="0.05" rotspring="0.1" limits="-30 30"/>
		</vox>
		<vox id_="2033181824" open_="true" pos="-0.5 -1.1 0.4" rot="0.0 -90.0 0.0" density="0.8" strength="1.0" prop="true" file="MOD/Entitys/cow.vox" object="LeftLeg">
			<joint id_="1498113280" pos="0.0 1.2 0.0" rot="180.0 -90.0 0.0" type="hinge" rotstrength="0.05" rotspring="0.1" limits="-30 30"/>
		</vox>
		<vox id_="934403776" open_="true" pos="0.9 -1.1 0.4" rot="0.0 -90.0 0.0" density="0.8" strength="1.0" prop="true" file="MOD/Entitys/cow.vox" object="LeftLeg">
			<joint id_="1356743552" pos="0.0 1.2 0.0" rot="180.0 -90.0 0.0" type="hinge" rotstrength="0.05" rotspring="0.1" limits="-30 30"/>
		</vox>
		<vox id_="771078080" open_="true" pos="0.9 -1.1 -0.4" rot="0.0 -90.0 0.0" density="0.8" strength="1.0" prop="true" file="MOD/Entitys/cow.vox" object="RightLeg">
			<joint id_="566724352" pos="0.0 1.2 0.0" rot="180.0 -90.0 0.0" type="hinge" rotstrength="0.05" rotspring="0.1" limits="-30 30"/>
		</vox>
	</group>
</prefab>

