<prefab version="0.8.0">
	<group id_="1054735232" open_="true" name="instance=MOD/Entitys/Pig.xml" pos="1.5 0.5 -2.5" rot="0.0 45.0 0.0">
		<vox id_="1039202240" pos="0.1 0.1 0.0" density="0.8" strength="0.8" prop="true" file="MOD/Entitys/pig.vox" object="Body"/>
		<vox id_="2088628736" open_="true" pos="-1.2 0.3 0.0" prop="true" file="MOD/Entitys/pig.vox" object="Head">
			<joint id_="988998592" pos="0.5 0.5 0.0" collide="true"/>
		</vox>
		<vox id_="1103169280" open_="true" pos="-0.5 -0.5 -0.3" density="0.8" strength="0.8" prop="true" file="MOD/Entitys/pig.vox" object="LegRight">
			<joint id_="1442797568" pos="0.0 0.6 0.0" rot="-180.0 -180.0 0.0" type="hinge" rotstrength="0.05" rotspring="0.1" limits="-30 30"/>
		</vox>
		<vox id_="89396560" open_="true" pos="0.7 -0.5 -0.3" density="0.8" strength="0.8" prop="true" file="MOD/Entitys/pig.vox" object="LegRight">
			<joint id_="563054144" pos="0.0 0.6 0.0" rot="-180.0 -180.0 0.0" type="hinge" rotstrength="0.05" rotspring="0.1" limits="-30 30"/>
		</vox>
		<vox id_="1635681792" open_="true" pos="0.7 -0.5 0.3" density="0.8" strength="0.8" prop="true" file="MOD/Entitys/pig.vox" object="LegLeft">
			<joint id_="253574256" pos="0.0 0.6 0.0" rot="-180.0 -180.0 0.0" type="hinge" rotstrength="0.05" rotspring="0.1" limits="-30 30"/>
		</vox>
		<vox id_="1794288640" open_="true" pos="-0.5 -0.5 0.3" density="0.8" strength="0.8" prop="true" file="MOD/Entitys/pig.vox" object="LegLeft">
			<joint id_="1372997504" pos="0.0 0.6 0.0" rot="-180.0 -180.0 0.0" type="hinge" rotstrength="0.05" rotspring="0.1" limits="-30 30"/>
		</vox>
	</group>
</prefab>

