<prefab version="0.8.0">
	<group id_="2147418112" open_="true" name="instance=MOD/Entitys/Villager.xml" pos="7.8 22.7 26.3" rot="0.0 -75.0 0.0">
		<vox id_="1534881280" pos="0.2 -0.1 0.0" rot="0.0 -90.0 0.0" strength="2" prop="true" file="MOD/Entitys/villager.vox" object="torso"/>
		<vox id_="37488880" open_="true" pos="0.2 1.9 0.0" rot="0.0 -90.0 0.0" strength="5" prop="true" file="MOD/Entitys/villager.vox" object="Head">
			<joint id_="1177163904" pos="0.0 0.0 -0.15" rot="0.0 90.0 0.0" collide="true"/>
		</vox>
		<vox id_="209990160" open_="true" pos="0.2 -0.3 -0.19" rot="0.0 -90.0 0.0" density="0.8" strength="2" prop="true" file="MOD/Entitys/villager.vox" object="Leg">
			<joint id_="318327776" pos="0.0 1.1 0.0" rot="180.0 -90.0 0.0" type="hinge" rotstrength="0.05" rotspring="0.1" limits="-40 40"/>
		</vox>
		<vox id_="878236032" open_="true" pos="-0.1 1.4 0.0" rot="30.0 -90.0 0.0" density="0.8" strength="2" prop="true" file="MOD/Entitys/villager.vox" object="Arms">
			<joint id_="1180637568" pos="-0.4 0.2 -0.3" rot="180.0 -90.0 0.0" type="hinge" rotstrength="0.05" limits="-60 0"/>
		</vox>
		<vox id_="720284608" open_="true" pos="0.2 -0.3 0.19" rot="0.0 -90.0 0.0" density="0.8" strength="2" prop="true" file="MOD/Entitys/villager.vox" object="Leg">
			<joint id_="1092945024" pos="0.0 1.1 0.0" rot="180.0 -90.0 0.0" type="hinge" rotstrength="0.05" rotspring="0.1" limits="-40 40"/>
		</vox>
		<vox id_="1892139776" open_="true" pos="-0.3 1.9 0.0" rot="0.0 -90.0 0.0" strength="1.5" prop="true" file="MOD/Entitys/villager.vox" object="Nose">
			<joint id_="715565696" pos="0.0 0.3 -0.1" rot="0.0 90.0 0.0" rotstrength="0.05" collide="true"/>
		</vox>
	</group>
</prefab>

