<prefab version="1.3.0">
	<group name="instance=MOD/fuelbombplasticrow.xml" pos="70.5 8.0 126.4" rot="0.0 90.0 0.0">
		<body name="bomb" pos="103.69897 5.39666 -137.72165" rot="0.0 -90.0 -2.0" dynamic="true">
			<group name="Fuselage" pos="0.00001 -11.6 -6.9" rot="0.0 180.0 0.0" prop0="strength=1.5">
				<script pos="0.1 0.0 -25.6" rot="0.0 0.0 0.0" file="MOD/plane/CRJ-200 FUEL/script/fuel.lua">
					<location name="engine_exhaust" tags="engine_exhaust" pos="0.4 2.40016 18.00019" rot="0.0 0.0 0.0"/>
					<location name="engine_exhaust" tags="engine_exhaust" pos="-1.3 2.40003 18.20019" rot="0.0 0.0 0.0"/>
				</script>
				<script pos="0.0 0.0 -5.6" rot="0.0 0.0 0.0" file="MOD/plane/CRJ-200 FUEL/script/fuel.lua">
					<voxbox tags="fuel=cabin strength=100" pos="-0.4 1.9 -2.7" strength=".1" size="10 10 10" material="plastic" color="0.31 0.31 0.31"/>
					<voxbox tags="fuel=cabin strength=100" pos="-0.9 1.9 -2.7" strength=".1" size="10 10 10" material="plastic" color="0.31 0.31 0.31"/>
					<voxbox tags="fuel=cabin strength=95 " pos="-1.2 1.9 -2.7" strength=".1" size="20 10 10" material="plastic" color="0.31 0.31 0.31"/>
					<voxbox tags="fuel=cabin strength=95 " pos="-1.2 1.9 -2.7" strength=".1" size="20 10 10" material="plastic"/>
					<voxbox tags="fuel=cabin strength=95 " pos="-1.2 1.9 -2.7" strength=".1" size="20 10 10" material="plastic"/>
					<voxbox tags="fuel=cabin strength=95 " pos="-1.2 1.9 -2.7" strength=".1" size="20 10 10" material="plastic"/>
					<voxbox tags="aircraft" pos="-0.4 2.2 -2.5" strength=".1" size="4 4 5" material="plastic"/>
				</script>
			</group>
		</body>
		<body name="bomb" pos="102.69898 5.39666 -137.72165" rot="0.0 -90.0 -2.0" dynamic="true">
			<group name="Fuselage" pos="0.00001 -11.6 -6.9" rot="0.0 180.0 0.0" prop0="strength=1.5">
				<script pos="0.1 0.0 -25.6" rot="0.0 0.0 0.0" file="MOD/plane/CRJ-200 FUEL/script/fuel.lua">
					<location name="engine_exhaust" tags="engine_exhaust" pos="0.4 2.40016 18.00019" rot="0.0 0.0 0.0"/>
					<location name="engine_exhaust" tags="engine_exhaust" pos="-1.3 2.40003 18.20019" rot="0.0 0.0 0.0"/>
				</script>
				<script pos="0.0 0.0 -5.6" rot="0.0 0.0 0.0" file="MOD/plane/CRJ-200 FUEL/script/fuel.lua">
					<voxbox tags="fuel=cabin strength=100" pos="-0.4 1.9 -2.7" strength=".1" size="10 10 10" material="plastic" color="0.31 0.31 0.31"/>
					<voxbox tags="fuel=cabin strength=100" pos="-0.9 1.9 -2.7" strength=".1" size="10 10 10" material="plastic" color="0.31 0.31 0.31"/>
					<voxbox tags="fuel=cabin strength=95 " pos="-1.2 1.9 -2.7" strength=".1" size="20 10 10" material="plastic" color="0.31 0.31 0.31"/>
					<voxbox tags="fuel=cabin strength=95 " pos="-1.2 1.9 -2.7" strength=".1" size="20 10 10" material="plastic"/>
					<voxbox tags="fuel=cabin strength=95 " pos="-1.2 1.9 -2.7" strength=".1" size="20 10 10" material="plastic"/>
					<voxbox tags="fuel=cabin strength=95 " pos="-1.2 1.9 -2.7" strength=".1" size="20 10 10" material="plastic"/>
					<voxbox tags="aircraft" pos="-0.4 2.2 -2.5" strength=".1" size="4 4 5" material="plastic"/>
				</script>
			</group>
		</body>
		<body name="bomb" pos="101.699 5.39666 -137.72165" rot="0.0 -90.0 -2.0" dynamic="true">
			<group name="Fuselage" pos="0.00001 -11.6 -6.9" rot="0.0 180.0 0.0" prop0="strength=1.5">
				<script pos="0.1 0.0 -25.6" rot="0.0 0.0 0.0" file="MOD/plane/CRJ-200 FUEL/script/fuel.lua">
					<location name="engine_exhaust" tags="engine_exhaust" pos="0.4 2.40016 18.00019" rot="0.0 0.0 0.0"/>
					<location name="engine_exhaust" tags="engine_exhaust" pos="-1.3 2.40003 18.20019" rot="0.0 0.0 0.0"/>
				</script>
				<script pos="0.0 0.0 -5.6" rot="0.0 0.0 0.0" file="MOD/plane/CRJ-200 FUEL/script/fuel.lua">
					<voxbox tags="fuel=cabin strength=100" pos="-0.4 1.9 -2.7" strength=".1" size="10 10 10" material="plastic" color="0.31 0.31 0.31"/>
					<voxbox tags="fuel=cabin strength=100" pos="-0.9 1.9 -2.7" strength=".1" size="10 10 10" material="plastic" color="0.31 0.31 0.31"/>
					<voxbox tags="fuel=cabin strength=95 " pos="-1.2 1.9 -2.7" strength=".1" size="20 10 10" material="plastic" color="0.31 0.31 0.31"/>
					<voxbox tags="fuel=cabin strength=95 " pos="-1.2 1.9 -2.7" strength=".1" size="20 10 10" material="plastic"/>
					<voxbox tags="fuel=cabin strength=95 " pos="-1.2 1.9 -2.7" strength=".1" size="20 10 10" material="plastic"/>
					<voxbox tags="fuel=cabin strength=95 " pos="-1.2 1.9 -2.7" strength=".1" size="20 10 10" material="plastic"/>
					<voxbox tags="aircraft" pos="-0.4 2.2 -2.5" strength=".1" size="4 4 5" material="plastic"/>
				</script>
			</group>
		</body>
		<body name="bomb" pos="100.69901 5.39666 -137.72165" rot="0.0 -90.0 -2.0" dynamic="true">
			<group name="Fuselage" pos="0.00001 -11.6 -6.9" rot="0.0 180.0 0.0" prop0="strength=1.5">
				<script pos="0.1 0.0 -25.6" rot="0.0 0.0 0.0" file="MOD/plane/CRJ-200 FUEL/script/fuel.lua">
					<location name="engine_exhaust" tags="engine_exhaust" pos="0.4 2.40016 18.00019" rot="0.0 0.0 0.0"/>
					<location name="engine_exhaust" tags="engine_exhaust" pos="-1.3 2.40003 18.20019" rot="0.0 0.0 0.0"/>
				</script>
				<script pos="0.0 0.0 -5.6" rot="0.0 0.0 0.0" file="MOD/plane/CRJ-200 FUEL/script/fuel.lua">
					<voxbox tags="fuel=cabin strength=100" pos="-0.4 1.9 -2.7" strength=".1" size="10 10 10" material="plastic" color="0.31 0.31 0.31"/>
					<voxbox tags="fuel=cabin strength=100" pos="-0.9 1.9 -2.7" strength=".1" size="10 10 10" material="plastic" color="0.31 0.31 0.31"/>
					<voxbox tags="fuel=cabin strength=95 " pos="-1.2 1.9 -2.7" strength=".1" size="20 10 10" material="plastic" color="0.31 0.31 0.31"/>
					<voxbox tags="fuel=cabin strength=95 " pos="-1.2 1.9 -2.7" strength=".1" size="20 10 10" material="plastic"/>
					<voxbox tags="fuel=cabin strength=95 " pos="-1.2 1.9 -2.7" strength=".1" size="20 10 10" material="plastic"/>
					<voxbox tags="fuel=cabin strength=95 " pos="-1.2 1.9 -2.7" strength=".1" size="20 10 10" material="plastic"/>
					<voxbox tags="aircraft" pos="-0.4 2.2 -2.5" strength=".1" size="4 4 5" material="plastic"/>
				</script>
			</group>
		</body>
	</group>
</prefab>

