<scene version="1.3.0" shadowVolume="200 100 200">
	<environment template="sunny" skyboxrot="-45"/>
	<voxbox pos="-100.0 -0.1 -100.0" size="2000 1 2000"/>
	<boundary>
		<vertex pos="-100.0 -100.0"/>
		<vertex pos="100.0 -100.0"/>
		<vertex pos="100.0 100.0"/>
		<vertex pos="-100.0 100.0"/>
	</boundary>
	<script file="main.lua"/>
	<script file="sandbox.lua"/>
	<instance pos="-5.0 10.2 -8.5" rot="0.0 0.0 0.0" file="MOD/missile.xml"/>
	<instance pos="91.3 8.0 124.2" rot="0.0 90.0 0.0" file="MOD/fuelbomb.xml"/>
	<instance pos="-17.6 -1.0 -8.5" rot="0.0 0.0 0.0" file="MOD/missilestatic.xml"/>
	<instance pos="11.6 10.2 -8.5" rot="0.0 0.0 0.0" file="MOD/missileangledd.xml"/>
	<instance pos="31.7 10.2 -8.5" rot="0.0 0.0 0.0" file="MOD/missileangledu.xml"/>
	<instance pos="67.8 10.2 -8.5" rot="0.0 0.0 0.0" file="MOD/missilediving.xml"/>
	<instance pos="91.3 8.0 119.5" rot="0.0 90.0 0.0" file="MOD/fuelbombplastic.xml"/>
	<instance pos="70.5 8.0 119.5" rot="0.0 90.0 0.0" file="MOD/fuelbombplasticstack.xml"/>
	<instance pos="70.5 8.0 126.4" rot="0.0 90.0 0.0" file="MOD/fuelbombplasticrow.xml"/>
	<instance pos="78.5 8.0 126.4" rot="0.0 90.0 0.0" file="MOD/fuelbombplasticstackedrow.xml"/>
</scene>

