<prefab version="1.3.0">
	<group name="instance=MOD/missilestatic.xml" pos="-17.6 -1.0 -8.5" rot="0.0 0.0 0.0">
		<group name="missile" tags="explosive=2" pos="135.8 -10.2 106.5" rot="2 90 0">
			<script name="missile" pos="327.89999 52.0 -145.60001" rot="2 0 0" file="MOD/main/plane.lua">
				<body name="missile" tags="boeing plane" pos="-224.20102 -46.3 9.5" rot="0.0 -90.0 0.0" dynamic="true">
					<group name="Fuselage" pos="0.0 0.0 -6.9" rot="0.0 180.0 0.0" prop0="strength=1.5">
						<script pos="0.1 0.0 -25.6" rot="0.0 0.0 0.0" file="MOD/plane/CRJ-200 FUEL/script/fuel.lua">
							<location name="engine_exhaust" tags="engine_exhaust" pos="1.7 3.40016 17.70019" rot="0.0 0.0 0.0"/>
							<location name="engine_exhaust" tags="engine_exhaust" pos="1.9 3.30003 17.60019" rot="0.0 0.0 0.0"/>
						</script>
						<script pos="0.0 0.0 -5.6" rot="0.0 0.0 0.0" file="MOD/plane/CRJ-200 FUEL/script/fuel.lua">
							<vox pos="0.1 2.0 5.6" rot="60.0 90 -2.0" density="15" strength="10" file="MOD/plane/plane_bombardierJet.vox"/>
							<voxbox tags="fuel=cabin strength=100" pos="1.9 2.9 3.2" strength=".1" size="5 5 10" material="plastic"/>
							<voxbox tags="fuel=cabin strength=100" pos="1.9 2.8 3.8" strength=".1" size="5 5 10" material="plastic"/>
							<voxbox tags="fuel=cabin strength=95 " pos="1.6 3.0 -2.1" strength=".1" size="5 5 20" material="plastic"/>
							<voxbox tags="fuel=cabin strength=95 " pos="1.8 2.9 0.3" strength=".1" size="5 5 20" material="plastic"/>
							<voxbox tags="fuel=cabin strength=95 " pos="1.6 3.0 -2.2" strength=".1" size="5 5 20" material="plastic"/>
							<voxbox tags="fuel=cabin strength=95 " pos="1.9 3.0 3.0" strength=".1" size="5 5 20" material="plastic"/>
						</script>
					</group>
					<voxbox tags="aircraft" pos="-2.4 2.8 -8.9" strength=".1" size="4 4 5" material="plastic"/>
				</body>
			</script>
		</group>
	</group>
</prefab>

