<prefab version="0.9.2">
	<group id_="34539580" open_="true" name="instance=MOD/assets/vehicle/heavymachinery/crane2.xml" pos="-12.99999 0.1 2.69999" rot="0.0 0.0 0.0">
		<vehicle id_="697083456" open_="true" name="Lower" tags="dumptruck reversebeep cranebottom" pos="0.0 0.0 0.2" rot="0.0 0.0 0.0" sound="dumptruck 0.9" spring="1.2" topspeed="20" acceleration="0.5" strength="4" antiroll="0.1" difflock="1" friction="1.5">
			<body id_="1012199744" open_="true" pos="0.0 0.8 -1.0" dynamic="true">
				<vox id_="1084818048" open_="true" pos="0.0 -0.3 0.9" texture="13 0.5" blendtexture="7 0.1" density="3" file="MOD/assets/vehicle/heavymachinery/crane2.vox" object="body">
					<location id_="1420579456" tags="player" pos="-0.45 1.4 -4.4" rot="0.0 0.0 0.0"/>
					<light id_="771405824" pos="-0.9 0.6 -5.3" rot="0.0 180.0 0.0" type="area" color="1 .8 .6" scale="15" size="0.4 0.2" glare="0.5"/>
					<light id_="13042460" pos="0.9 0.6 -5.3" rot="0.0 180.0 0.0" type="area" color="1 .8 .6" scale="15" size="0.4 0.2" glare="0.5"/>
					<light id_="401235872" pos="0.95 0.4 5.1" rot="0.0 0.0 0.0" type="area" color="1 .3 .1" scale="1" size="0.3 0.2" glare="0.1"/>
					<light id_="1624343296" pos="-0.95 0.4 5.1" rot="0.0 0.0 0.0" type="area" color="1 .3 .1" scale="1" size="0.3 0.2" glare="0.1"/>
				</vox>
				<group id_="419193856" open_="true" name="Left wheels" pos="-1.4 -0.9 1.1">
					<wheel id_="1144918272" open_="true" pos="0.2 0.8 -2.7" rot="0.0 0.0 0.0" drive="1" steer="1" travel="-0.2 0.1">
						<vox id_="435906528" pos="-0.2 -0.7 0.0" texture="12 0.5" blendtexture="3 0.25" file="MOD/assets/vehicle/heavymachinery/crane2.vox" object="wheel"/>
					</wheel>
					<wheel id_="282084160" open_="true" pos="0.2 0.8 -1.0" rot="0.0 0.0 0.0" drive="1" steer="0.5" travel="-0.2 0.1">
						<vox id_="1093862656" pos="-0.2 -0.7 0.0" texture="12 0.5" blendtexture="3 0.25" file="MOD/assets/vehicle/heavymachinery/crane2.vox" object="wheel"/>
					</wheel>
					<wheel id_="9634380" open_="true" pos="0.2 0.8 1.1" rot="0.0 0.0 0.0" drive="1" steer="0" travel="-0.2 0.1">
						<vox id_="1574008576" pos="-0.2 -0.7 0.0" texture="12 0.5" blendtexture="3 0.25" file="MOD/assets/vehicle/heavymachinery/crane2.vox" object="wheel"/>
					</wheel>
					<wheel id_="1394101376" open_="true" pos="0.2 0.8 2.8" rot="0.0 0.0 0.0" drive="1" steer="0" travel="-0.2 0.1">
						<vox id_="147923776" pos="-0.2 -0.7 0.0" texture="12 0.5" blendtexture="3 0.25" file="MOD/assets/vehicle/heavymachinery/crane2.vox" object="wheel"/>
					</wheel>
				</group>
				<group id_="1767286144" open_="true" name="Right wheels" pos="1.4 -0.9 1.1">
					<wheel id_="820167552" open_="true" pos="0.2 0.8 -2.7" rot="0.0 0.0 0.0" drive="1" steer="1" travel="-0.2 0.1">
						<vox id_="813679104" pos="-0.3 -0.7 0.0" rot="0.0 -180.0 0.0" texture="12 0.5" blendtexture="3 0.25" file="MOD/assets/vehicle/heavymachinery/crane2.vox" object="wheel"/>
					</wheel>
					<wheel id_="1846130688" open_="true" pos="0.2 0.8 -1.0" rot="0.0 0.0 0.0" drive="1" steer="0.5" travel="-0.2 0.1">
						<vox id_="46402320" pos="-0.3 -0.7 0.0" rot="0.0 -180.0 0.0" texture="12 0.5" blendtexture="3 0.25" file="MOD/assets/vehicle/heavymachinery/crane2.vox" object="wheel"/>
					</wheel>
					<wheel id_="356209888" open_="true" pos="0.2 0.8 1.1" rot="0.0 0.0 0.0" drive="1" steer="0" travel="-0.2 0.1">
						<vox id_="29296380" pos="-0.3 -0.7 0.0" rot="0.0 -180.0 0.0" texture="12 0.5" blendtexture="3 0.25" file="MOD/assets/vehicle/heavymachinery/crane2.vox" object="wheel"/>
					</wheel>
					<wheel id_="1319647872" open_="true" pos="0.2 0.8 2.8" rot="0.0 0.0 0.0" drive="1" steer="0" travel="-0.2 0.1">
						<vox id_="1980225536" pos="-0.3 -0.7 0.0" rot="0.0 -180.0 0.0" texture="12 0.5" blendtexture="3 0.25" file="MOD/assets/vehicle/heavymachinery/crane2.vox" object="wheel"/>
					</wheel>
				</group>
			</body>
			<group id_="2110846720" open_="true" name="Support legs" pos="0.0 -0.2 0.0">
				<body id_="256982336" open_="true" pos="1.2 0.9 -3.6" rot="0.0 30.0 70.0" dynamic="true">
					<vox id_="1713412224" open_="true" pos="1.0 -0.5 0.0" texture="13 0.75" blendtexture="3 0.25" density="40" strength="20" file="MOD/assets/vehicle/heavymachinery/crane2.vox" object="support">
						<joint id_="582453952" pos="-1.0 0.5 -0.0" type="hinge" limits="-100 20"/>
					</vox>
				</body>
				<body id_="1820504576" open_="true" pos="1.2 0.9 4.3" rot="0.0 -30.0 70.0" dynamic="true">
					<vox id_="1782884608" open_="true" pos="1.0 -0.5 0.0" texture="13 0.75" blendtexture="3 0.25" density="40" strength="20" file="MOD/assets/vehicle/heavymachinery/crane2.vox" object="support">
						<joint id_="704030656" pos="-1.0 0.5 -0.0" type="hinge" limits="-100 20"/>
					</vox>
				</body>
				<body id_="276644352" open_="true" pos="-1.2 0.9 4.3" rot="0.0 -150.0 70.0" dynamic="true">
					<vox id_="596348480" open_="true" pos="1.0 -0.5 0.0" texture="13 0.75" blendtexture="3 0.25" density="40" strength="20" file="MOD/assets/vehicle/heavymachinery/crane2.vox" object="support">
						<joint id_="365975360" pos="-1.0 0.5 0.0" type="hinge" limits="-100 20"/>
					</vox>
				</body>
				<body id_="38734140" open_="true" pos="-1.2 0.9 -3.6" rot="0.0 150.0 70.0" dynamic="true">
					<vox id_="1350124032" open_="true" pos="1.0 -0.5 0.0" texture="13 0.75" blendtexture="3 0.25" density="40" strength="20" file="MOD/assets/vehicle/heavymachinery/crane2.vox" object="support">
						<joint id_="138027232" pos="-1.0 0.5 -0.0" type="hinge" limits="-100 20"/>
					</vox>
				</body>
			</group>
		</vehicle>
		<vehicle id_="1627816960" open_="true" name="Upper" tags="crane cranetop passive" pos="-0.1 1.6 -1.8" rot="0.0 0.0 0.0" sound="dumptruck 1.1">
			<body id_="1511221376" open_="true" name="Body" pos="0.0 0.0 4.0" rot="0.0 0.0 0.0" dynamic="true">
				<vox id_="1255025408" open_="true" pos="0.1 0.1 0.0" texture="13 0.5" blendtexture="7 0.15" density="3" file="MOD/assets/vehicle/heavymachinery/crane2.vox" object="body2">
					<joint id_="1002893056" tags="turn" pos="0.0 -0.0 0.0" rot="-90.0 0.0 0.0" type="hinge"/>
					<location id_="351556544" tags="player" pos="-0.9 1.2 -1.1" rot="0.0 0.0 0.0"/>
					<light id_="474771776" pos="-1.0 2.0 -1.5" rot="0.0 180.0 0.0" type="area" color="1 .8 .6" scale="25" size="0.8 0.2" glare="0.5"/>
				</vox>
			</body>
			<group id_="1810214784" open_="true" name="Arm" pos="0.0 0.8 0.0" rot="0.0 0.0 0.0">
				<body id_="855231488" open_="true" pos="0.1 0.5 1.3" rot="0.0 0.0 0.0" dynamic="true">
					<vox id_="1976555264" open_="true" pos="0.0 -0.5 -0.9" texture="13 0.75" blendtexture="7 0.15" density="3" strength="10" file="MOD/assets/vehicle/heavymachinery/crane2.vox" object="inner">
						<joint id_="12911380" pos="-0.0 0.65 5.15" rot="0.0 90.0 0.0" type="hinge" limits="0 80"/>
						<joint id_="2146631680" pos="0.0 0.65 5.15" rot="0.0 90.0 0.0" type="hinge" limits="0 80"/>
					</vox>
				</body>
				<body id_="1382893952" open_="true" pos="0.1 0.4 -2.2" rot="0.0 0.0 0.0" dynamic="true">
					<vox id_="2130967552" open_="true" pos="0.0 -0.3 0.8" texture="13 0.75" blendtexture="7 0.25" density="2" strength="10" file="MOD/assets/vehicle/heavymachinery/crane2.vox" object="outer">
						<joint id_="1762829440" tags="extend" pos="0.0 0.3 0.7" type="prismatic" rotspring="0" limits="-7 0"/>
						<joint id_="1728158720" tags="extend" pos="0.0 0.3 0.7" type="prismatic" rotspring="0" limits="-7 0"/>
					</vox>
				</body>
				<body id_="505510016" open_="true" tags="hook unbreakable" pos="0.1 -1.0 -5.8" rot="0.0 0.0 0.0" dynamic="true">
					<vox id_="489190560" open_="true" tags="hook" pos="-0.05 -0.45 0.0" density="6" file="MOD/assets/vehicle/heavymachinery/crane2.vox" object="hook">
						<rope id_="395730528" open_="true" pos="0.05 0.8 0.0" slack="2.0" strength="200">
							<location id_="1456757632" pos="0.0 0.0 0.0" rot="0.0 0.0 0.0"/>
							<location id_="335892512" pos="0.0 0.9 0.0" rot="0.0 0.0 0.0"/>
						</rope>
					</vox>
				</body>
			</group>
		</vehicle>
	</group>
</prefab>

