<prefab version="3">
	<group id_="460156352" open_="true" name="instance=vehicle/dumptruck1.xml" pos="45.2 4.2 99.7" rot="0.0 0.0 0.0">
		<vehicle id_="1408061312" open_="true" tags="dumptruck" rot="0.0 0.0 0.0" driven="false" sound="dumptruck" spring="1.2" damping="0.8" topspeed="25" acceleration="1" strength="3" antispin="0" antiroll="0.4" difflock="1" steerassist="0">
			<body id_="915266112" open_="true" pos="-0.05 0.5 0.15" rot="0.0 0.0 0.0" dynamic="true">
				<vox id_="1393642496" pos="0.05 -0.1 -0.15" rot="0.0 -179.99998 0.0" density="5" strength="3" file="MOD/assets/vehicle/heavymachinery/dumptruck.vox" object="body">
					<light id_="2025513728" pos="0.7 0.9 2.8" rot="0.0 0.0 0.0" type="cone" color="1 .9 .8" scale="10" angle="120" penumbra="40" size="0.1" unshadowed="0.2" glare="0.2"/>
					<light id_="308693408" pos="-0.6 0.9 2.8" rot="0.0 0.0 0.0" type="cone" color="1 .9 .8" scale="10" angle="120" penumbra="15" size="0.1" unshadowed="0.2" glare="0.2"/>
					<location id_="967173760" tags="exhaust" pos="0.5 0.2 1.0" rot="0.0 129.99998 -0.0"/>
					<location id_="860409088" tags="vital" pos="0.0 0.7 2.4" rot="0.0 0.0 0.0"/>
					<location id_="1403866752" tags="camera" pos="0.0 1.8 0.4" rot="0.0 0.0 0.0"/>
					<location id_="1522494208" tags="player" pos="0.55 1.7 1.9" rot="0.0 0.0 0.0"/>
					<light id_="1832695040" pos="0.05 0.55 -3.0" rot="0.0 180.0 0.0" type="area" color="1 .1 .1" size="0.3 0.1" unshadowed="0.3" glare="0.2"/>
				</vox>
				<wheel id_="808501440" open_="true" name="bl" pos="-0.55 0.05 0.8" rot="0.0 0.0 0.0" drive="1" travel="-0.2 0.1">
					<vox id_="848022080" pos="-0.3 -0.55 -0.05" rot="0.0 -179.99998 0.0" file="MOD/assets/vehicle/heavymachinery/dumptruck.vox" object="wheel_bl1"/>
				</wheel>
				<wheel id_="460352960" open_="true" name="bl" pos="-0.55 0.05 2.1" rot="0.0 0.0 0.0" drive="1" travel="-0.2 0.1">
					<vox id_="93394496" pos="-0.3 -0.55 -0.05" rot="0.0 -179.99998 0.0" file="MOD/assets/vehicle/heavymachinery/dumptruck.vox" object="wheel_bl2"/>
				</wheel>
				<wheel id_="984672960" open_="true" name="br" pos="0.55 0.05 0.8" rot="0.0 0.0 0.0" drive="1" travel="-0.2 0.1">
					<vox id_="1526754304" pos="0.4 -0.55 -0.05" rot="0.0 -179.99998 0.0" file="MOD/assets/vehicle/heavymachinery/dumptruck.vox" object="wheel_br1"/>
				</wheel>
				<wheel id_="746172928" open_="true" name="br" pos="0.55 0.05 2.1" rot="0.0 0.0 0.0" drive="1" travel="-0.2 0.1">
					<vox id_="210186784" pos="0.4 -0.55 -0.05" rot="0.0 -179.99998 0.0" file="MOD/assets/vehicle/heavymachinery/dumptruck.vox" object="wheel_br2"/>
				</wheel>
				<wheel id_="1809821568" open_="true" name="fl" pos="-0.85 0.05 -2.0" rot="0.0 0.0 0.0" steer="1" travel="-0.2 0.1">
					<vox id_="411591200" pos="-0.1 -0.55 -0.05" rot="0.0 -179.99998 0.0" file="MOD/assets/vehicle/heavymachinery/dumptruck.vox" object="wheel_fl"/>
				</wheel>
				<wheel id_="384719808" open_="true" name="fr" pos="0.85 0.05 -2.0" rot="0.0 0.0 0.0" steer="1" travel="-0.2 0.1">
					<vox id_="557614336" pos="0.2 -0.55 -0.05" rot="0.0 -179.99998 0.0" file="MOD/assets/vehicle/heavymachinery/dumptruck.vox" object="wheel_fr"/>
				</wheel>
			</body>
			<body id_="785038144" pos="-0.1 1.1 0.6" dynamic="true">
				<vox id_="814137856" pos="0.1 0.1 0.1" rot="0.0 -180.0 0.0" density="2" strength="3" file="MOD/assets/vehicle/heavymachinery/dumptruck.vox" object="bed">
					<joint id_="1812639744" pos="-0.6 0.0 -2.3" rot="0.0 270.0 0.0" type="hinge" rotstrength="0" collide="true" limits="0 70"/>
					<joint id_="1322924928" pos="0.7 0.0 -2.3" rot="0.0 270.0 0.0" type="hinge" rotstrength="0" collide="true" limits="0 70"/>
				</vox>
			</body>
		</vehicle>
	</group>
</prefab>

