<prefab version="0.9.2">
	<group id_="1716885888" open_="true" name="instance=MOD/assets/vehicle/heavymachinery/forklift_small.xml" pos="3.80001 0.1 -0.0" rot="0.0 0.0 0.0">
		<vehicle id_="41421280" open_="true" tags="forklift" pos="0.1 0.0 0.3" rot="0.0 0.0 0.0" driven="false" sound="electric1" spring="2" topspeed="12" acceleration="1" strength="2" antispin="0" difflock="0.5" friction="1.5">
			<body id_="162604736" open_="true" pos="-0.05 0.4 0.05" rot="0.0 0.0 0.0" dynamic="true">
				<vox id_="1480155392" pos="0.05 -0.3 0.15" rot="0.0 -180.0 0.0" density="3" strength="5" file="MOD/assets/vehicle/heavymachinery/forklift_small.vox" object="body">
					<light id_="1141051392" pos="0.55 1.45 0.7" rot="0.0 0.0 0.0" type="cone" color="1 .9 .8" scale="5" angle="50" penumbra="15" size="0.1" unshadowed="0.2" glare="0.2"/>
					<light id_="1731042432" pos="0.0 0.65 -1.2" rot="0.0 -180.0 0.0" type="area" color="1 .1 .1" scale="1" size="0.2 0.1" unshadowed="0.2" glare="0.3"/>
					<light id_="783596224" pos="-0.55 1.45 0.7" rot="0.0 0.0 0.0" type="cone" color="1 .9 .8" scale="5" angle="50" penumbra="15" size="0.1" unshadowed="0.2" glare="0.2"/>
					<location id_="107944384" tags="vital" pos="0.05 0.55 -0.65" rot="0.0 0.0 0.0"/>
					<location id_="1352614528" tags="player" pos="0.0 1.85 0.05" rot="0.0 0.0 0.0"/>
				</vox>
				<wheel id_="731098688" open_="true" name="bl" pos="-0.45 -0.15 1.1" rot="0.0 0.0 0.0" steer="-1" travel="-0.1 0.1">
					<vox id_="1554084480" pos="0.0 -0.25 -0.05" rot="0.0 -180.0 0.0" file="MOD/assets/vehicle/heavymachinery/forklift_small.vox" object="wheel_bl"/>
				</wheel>
				<wheel id_="511343072" open_="true" name="bl" pos="0.45 -0.15 1.1" rot="0.0 0.0 0.0" steer="-1" travel="-0.1 0.1">
					<vox id_="1990187648" pos="0.1 -0.25 -0.05" rot="0.0 -180.0 0.0" file="MOD/assets/vehicle/heavymachinery/forklift_small.vox" object="wheel_br"/>
				</wheel>
				<wheel id_="2131688448" open_="true" name="fl" pos="-0.45 -0.15 -0.7" rot="0.0 0.0 0.0" drive="1" steer="0" travel="-0.1 0.1">
					<vox id_="895538560" pos="0.0 -0.25 -0.05" rot="0.0 -180.0 0.0" file="MOD/assets/vehicle/heavymachinery/forklift_small.vox" object="wheel_fl"/>
				</wheel>
				<wheel id_="1559786496" open_="true" name="fl" pos="0.45 -0.15 -0.7" rot="0.0 0.0 0.0" drive="1" steer="0" travel="-0.1 0.1">
					<vox id_="439183552" pos="0.1 -0.25 -0.05" rot="0.0 -180.0 0.0" file="MOD/assets/vehicle/heavymachinery/forklift_small.vox" object="wheel_fr"/>
				</wheel>
			</body>
			<body id_="1267150336" open_="true" pos="0.0 0.1 -0.9" dynamic="true">
				<vox id_="767407872" open_="true" pos="0.0 0.0 -0.1" rot="0.0 -180.0 0.0" density="4" strength="10" file="MOD/assets/vehicle/heavymachinery/forklift_small.vox" object="lift">
					<joint id_="1355301632" pos="0.4 1.1 -0.1" rot="-90.0 -90.0 0.0" type="prismatic" limits="0.0 1.4"/>
					<joint id_="1162614016" pos="-0.4 1.1 -0.1" rot="-90.0 -90.0 0.0" type="prismatic" limits="0 1.4"/>
				</vox>
			</body>
			<body id_="1590000384" open_="true" pos="0.0 0.4 -1.45" dynamic="true">
				<vox id_="1031337472" pos="0.0 0.1 -0.15" rot="0.0 -180.0 0.0" density="4" strength="10" file="MOD/assets/vehicle/heavymachinery/forklift_small.vox" object="fork">
					<joint id_="796310976" pos="0.35 0.1 -0.6" rot="-90.0 -90.0 0.0" type="prismatic" limits="-0.5 1.5"/>
					<joint id_="1088553856" pos="-0.35 0.1 -0.6" rot="-90.0 270.0 0.0" type="prismatic" limits="-0.5 1.5"/>
				</vox>
			</body>
		</vehicle>
	</group>
</prefab>

