<prefab version="0.9.2">
	<group id_="678142400" open_="true" name="instance=MOD/assets/vehicle/heavymachinery/frontloader1.xml" pos="11.30002 0.1 1.89999" rot="0.0 0.0 0.0">
		<vehicle id_="777763200" open_="true" tags="frontloader" rot="0.0 0.0 0.0" driven="false" sound="frontloader" spring="0.6" damping="0.5" topspeed="25" strength="4" antiroll="0.2" difflock="1">
			<body id_="384129952" open_="true" pos="-0.05 1.1 -0.3" rot="0.0 0.0 0.0" dynamic="true">
				<vox id_="618238848" open_="true" pos="0.05 -0.6 0.3" rot="0.00001 180.0 -0.00001" density="3" strength="3" file="MOD/assets/vehicle/heavymachinery/frontloader.vox" object="body">
					<location id_="1291203584" tags="exhaust=3" pos="-0.4 2.8 -1.5" rot="-0.00001 180.0 0.00001"/>
					<location id_="614961792" tags="camera" pos="0.0 2.2 -0.6" rot="-0.00001 180.0 0.00001"/>
					<location id_="464481984" tags="vital" pos="-0.0 1.4 -2.2" rot="-0.00001 180.0 0.00001"/>
					<location id_="833406656" tags="vital" pos="0.0 1.4 -1.7" rot="-0.00001 180.0 0.00001"/>
					<light id_="1579710592" pos="1.3 1.8 1.9" rot="0.0 0.0 0.0" type="cone" scale="20" angle="90" penumbra="30" glare="0.3"/>
					<light id_="776845632" pos="-1.2 1.8 1.9" rot="0.0 0.0 0.0" type="cone" scale="20" angle="90" penumbra="30" glare="0.3"/>
					<location id_="1399410048" tags="player" pos="0.05 2.45 0.3" rot="0.0 0.0 0.0"/>
				</vox>
				<group id_="441084192" open_="true" pos="0.15 -0.2 0.0" rot="0.0 0.0 0.0" prop0="travel=-0.1 0.1">
					<wheel id_="1769448960" open_="true" name="bl" pos="-1.2 -0.15 1.85" rot="0.0 0.0 0.0" drive="1">
						<vox id_="154936560" pos="-0.2 -0.75 -0.05" rot="-0.00001 180.0 0.00001" file="MOD/assets/vehicle/heavymachinery/frontloader.vox" object="wheel_bl"/>
					</wheel>
					<wheel id_="1845213184" open_="true" name="br" pos="0.9 -0.15 1.85" rot="0.0 0.0 0.0" drive="1">
						<vox id_="1874706176" pos="0.2 -0.75 -0.05" rot="0.0 -180.0 0.0" file="MOD/assets/vehicle/heavymachinery/frontloader.vox" object="wheel_br"/>
					</wheel>
					<wheel id_="636721088" open_="true" name="fl" pos="-1.2 -0.15 -2.45" rot="0.0 0.0 0.0" drive="1" steer="1">
						<vox id_="780843584" pos="-0.2 -0.75 -0.05" rot="-0.00001 179.99998 -0.00001" file="MOD/assets/vehicle/heavymachinery/frontloader.vox" object="wheel_fl"/>
					</wheel>
					<wheel id_="973006848" open_="true" name="fr" pos="0.9 -0.15 -2.45" rot="0.0 0.0 0.0" drive="1" steer="1">
						<vox id_="1932053632" pos="0.2 -0.75 -0.05" rot="0.0 -180.0 0.0" file="MOD/assets/vehicle/heavymachinery/frontloader.vox" object="wheel_fr"/>
					</wheel>
				</group>
			</body>
			<body id_="328093248" open_="true" pos="-0.1 2.2 -1.3" rot="60.0 0.0 0.0" dynamic="true">
				<vox id_="1936117120" open_="true" pos="0.1 -2.02 -1.25" rot="0.00001 180.0 -0.00001" density="4" strength="5" file="MOD/assets/vehicle/heavymachinery/frontloader.vox" object="arm">
					<joint id_="1655605888" pos="1.0 2.0 -1.2" rot="0.0 270.0 0.0" type="hinge" rotstrength="0" limits="-55 25"/>
					<joint id_="849267328" pos="-0.9 2.0 -1.2" rot="0.0 270.0 0.0" type="hinge" rotstrength="0" limits="-55 25"/>
				</vox>
			</body>
			<body id_="1256205184" open_="true" pos="-0.1 3.24626 -4.46237" rot="60.0 0.0 0.0" dynamic="true">
				<vox id_="93460040" open_="true" pos="0.1 0.0 -0.76" rot="0.00001 180.0 -0.00001" density="3" strength="5" file="MOD/assets/vehicle/heavymachinery/frontloader.vox" object="shovel">
					<joint id_="939909120" pos="1.0 0.3 -0.6" rot="0.0 270.0 0.0" type="hinge" rotstrength="0" limits="-35 15"/>
					<joint id_="1916324096" pos="-0.9 0.3 -0.6" rot="0.0 270.0 0.0" type="hinge" rotstrength="0" limits="-35 15"/>
				</vox>
			</body>
		</vehicle>
	</group>
</prefab>

