<prefab version="0.9.2">
	<group id_="1873854080" open_="true" name="instance=MOD/assets/vehicle/heavymachinery/telehandler.xml" pos="14.70001 0.1 0.6" rot="0.0 0.0 0.0">
		<vehicle id_="417948576" open_="true" tags="skylift reversebeep" rot="0.0 0.0 0.0" driven="false" sound="forklift 1.3" spring="1" damping="1" topspeed="30" acceleration="0.5" strength="2" antispin="1" antiroll="0.1" difflock="1">
			<body id_="35391600" open_="true" pos="-0.05 0.5 0.2" rot="0.0 0.0 0.0" dynamic="true">
				<vox id_="683582208" open_="true" pos="0.05 -0.2 -0.15" rot="0.0 -179.99998 0.0" density="5" strength="2" file="MOD/assets/vehicle/heavymachinery/telehandler.vox" object="body">
					<location id_="1469668992" tags="vital" pos="-0.0 0.7 -1.25" rot="0.0 0.0 0.0"/>
					<location id_="765834880" tags="player" pos="0.55 1.25 -0.1" rot="0.0 0.0 0.0"/>
				</vox>
				<wheel id_="2092626688" open_="true" name="bl" pos="-0.55 -0.1 0.85" rot="0.0 0.0 0.0" drive="0" travel="-0.1 0.1">
					<vox id_="985393920" pos="-0.1 -0.4 0.0" rot="0.0 -179.99998 0.0" file="MOD/assets/vehicle/heavymachinery/telehandler.vox" object="wheel_bl"/>
				</wheel>
				<wheel id_="1899218176" open_="true" name="br" pos="0.65 -0.1 0.85" rot="0.0 0.0 0.0" drive="0" travel="-0.1 0.1">
					<vox id_="1380534528" pos="0.2 -0.4 0.0" rot="0.0 -179.99998 0.0" file="MOD/assets/vehicle/heavymachinery/telehandler.vox" object="wheel_br"/>
				</wheel>
				<wheel id_="1606975232" open_="true" name="fl" pos="-0.55 -0.1 -1.45" rot="0.0 0.0 0.0" drive="1" steer="1" travel="-0.1 0.1">
					<vox id_="712288704" pos="-0.1 -0.4 0.0" rot="0.0 -179.99998 0.0" file="MOD/assets/vehicle/heavymachinery/telehandler.vox" object="wheel_fl"/>
				</wheel>
				<wheel id_="547717760" open_="true" name="fr" pos="0.65 -0.1 -1.45" rot="0.0 0.0 0.0" drive="1" steer="1" travel="-0.1 0.1">
					<vox id_="1818014080" pos="0.2 -0.4 0.0" rot="0.0 -179.99998 0.0" prop="false" file="MOD/assets/vehicle/heavymachinery/telehandler.vox" object="wheel_fr"/>
				</wheel>
			</body>
			<body id_="730574400" open_="true" pos="-0.15 1.15 1.25" rot="0.0 0.0 0.0" dynamic="true">
				<vox id_="1064435136" open_="true" pos="0.15 -0.95 -1.6" rot="0 180 0" density="2" strength="8" file="MOD/assets/vehicle/heavymachinery/telehandler.vox" object="arm">
					<joint id_="638556224" pos="0.2 0.95 -1.6" rot="0 -90 0" type="hinge" limits="0 50"/>
					<joint id_="2021450240" pos="-0.2 0.95 -1.6" rot="0 -90 0" type="hinge" limits="0 50"/>
				</vox>
			</body>
			<body id_="1893319552" open_="true" pos="0.0 -0.2 -2.6" rot="0.0 0.0 0.0" dynamic="true">
				<vox id_="1745723392" open_="true" tags="unbreakable" pos="0.0 0.2 -0.15" rot="-0.00001 180.0 -0.00001" density="2" file="MOD/assets/vehicle/heavymachinery/telehandler.vox" object="fork">
					<joint id_="334581696" tags="level" pos="0.2 0.4 -0.75" rot="0 90 0" type="hinge" limits="0 50"/>
					<joint id_="1074528256" tags="level" pos="-0.2 0.4 -0.75" rot="0 90 0" type="hinge" limits="0 50"/>
				</vox>
			</body>
		</vehicle>
	</group>
</prefab>

