<prefab version="0.9.2">
	<group id_="185347120" open_="true" name="instance=MOD/assets/vehicle/military/mil-tracked.xml" pos="46.5 0.0 4.7" rot="0.0 0.0 0.0">
		<group id_="649829120" open_="true" pos="0.0 0.0 0.0" prop0="texture=8 0.66">
			<vehicle id_="1234052608" tags="nodrive" pos="-0.00001 0.1 5.7" rot="0.0 0.0 0.0" sound="excavator 1.5" spring="0.7" damping="0.8" topspeed="60" acceleration="0.4" strength="2" antispin="0.7" antiroll="1.5" difflock="1" steerassist="0.3">
				<body id_="249052000" name="Back" pos="0.05 0.4 0.0" rot="0.0 0.0 0.0" dynamic="true">
					<vox id_="1506436864" pos="0.05 0.0 0.0" rot="0.0 180.0 0.0" file="MOD/assets/vehicle/military/mil-tracked.vox" object="body_back">
						<group id_="431974144" name="wheels" pos="0.0 0.0 0.1">
							<wheel id_="1974523520" name="front left" pos="0.65 -0.15 0.65" rot="0.0 180.0 0.0">
								<vox id_="1406685056" pos="-0.15 -0.25 0.05" rot="0.0 0.0 0.0" file="MOD/assets/vehicle/military/mil-tracked.vox" object="bl_wheel_front_right"/>
							</wheel>
							<wheel id_="895997312" name="front left" pos="0.35 -0.15 0.65" rot="0.0 180.0 0.0">
								<vox id_="1985796480" pos="-0.15 -0.25 0.05" rot="0.0 0.0 0.0" file="MOD/assets/vehicle/military/mil-tracked.vox" object="bl_wheel_front_right"/>
							</wheel>
							<wheel id_="1395018880" name="front right" pos="-0.55 -0.15 0.65" rot="0.0 180.0 0.0">
								<vox id_="2027348864" pos="0.15 -0.25 0.05" rot="0.0 0.0 0.0" file="MOD/assets/vehicle/military/mil-tracked.vox" object="br_wheel_front_left"/>
							</wheel>
							<wheel id_="288703712" name="front right" pos="-0.25 -0.15 0.65" rot="0.0 180.0 0.0">
								<vox id_="1930152960" pos="0.15 -0.25 0.05" rot="0.0 0.0 0.0" file="MOD/assets/vehicle/military/mil-tracked.vox" object="br_wheel_front_left"/>
							</wheel>
							<wheel id_="170535072" name="back left" pos="0.65 -0.15 -1.15" rot="0.0 180.0 0.0">
								<vox id_="1198529920" pos="-0.15 -0.25 0.05" rot="0.0 0.0 0.0" file="MOD/assets/vehicle/military/mil-tracked.vox" object="bl_wheel_back_right"/>
							</wheel>
							<wheel id_="1292514304" name="back left" pos="0.35 -0.15 -1.15" rot="0.0 180.0 0.0">
								<vox id_="1240541184" pos="-0.15 -0.25 0.05" rot="0.0 0.0 0.0" file="MOD/assets/vehicle/military/mil-tracked.vox" object="bl_wheel_back_right"/>
							</wheel>
							<wheel id_="310397440" name="back right" pos="-0.55 -0.15 -1.15" rot="0.0 180.0 0.0">
								<vox id_="1688375936" pos="0.15 -0.25 0.05" rot="0.0 0.0 0.0" file="MOD/assets/vehicle/military/mil-tracked.vox" object="br_wheel_back_left"/>
							</wheel>
							<wheel id_="832161408" name="back right" pos="-0.25 -0.15 -1.15" rot="0.0 180.0 0.0">
								<vox id_="1848817920" pos="0.15 -0.25 0.05" rot="0.0 0.0 0.0" file="MOD/assets/vehicle/military/mil-tracked.vox" object="br_wheel_back_left"/>
							</wheel>
						</group>
					</vox>
					<vox id_="2046486528" pos="-0.65 -0.4 -0.1" rot="0.0 -180.0 0.0" collide="false" file="MOD/assets/vehicle/military/mil-tracked.vox" object="tracks_bl"/>
					<vox id_="1471504128" pos="0.65 -0.4 -0.1" rot="0.0 -180.0 0.0" collide="false" file="MOD/assets/vehicle/military/mil-tracked.vox" object="tracks_br"/>
					<vox id_="1796451456" pos="0.05 0.4 -1.8" rot="180.0 180.0 0.0" file="MOD/assets/vehicle/military/mil-tracked.vox" object="connection"/>
					<vox id_="94377600" pos="-0.65 0.1 1.5" rot="0.0 180.0 0.0" strength="10" prop="true" file="MOD/assets/vehicle/military/mil-tracked.vox" object="left-mudflap">
						<joint id_="1227891840" pos="0.0 0.3 0.1" rot="0.0 90.0 0.0" type="hinge" limits="0 45"/>
						<vox id_="1128271104" pos="-0.0 -0.3 0.1" rot="0.0 0.0 0.0" strength="10" prop="true" file="MOD/assets/vehicle/military/mil-tracked.vox" object="mudflap-bottom">
							<joint id_="231421744" pos="0.0 0.3 0.0" rot="0.0 90.0 0.0" type="hinge" limits="0 45"/>
						</vox>
					</vox>
					<vox id_="801226496" pos="0.65 0.1 1.5" rot="0.0 180.0 0.0" strength="10" prop="true" file="MOD/assets/vehicle/military/mil-tracked.vox" object="right-mudflap">
						<joint id_="138617104" pos="0.0 0.3 0.1" rot="0.0 90.0 0.0" type="hinge" limits="0 45"/>
						<vox id_="1580366080" pos="-0.0 -0.3 0.1" rot="0.0 0.0 0.0" strength="10" prop="true" file="MOD/assets/vehicle/military/mil-tracked.vox" object="mudflap-bottom">
							<joint id_="1313159424" pos="0.0 0.3 0.0" rot="0.0 90.0 0.0" type="hinge" limits="0 45"/>
						</vox>
					</vox>
					<vox id_="1167791744" pos="0.05 0.0 1.6" rot="0.0 180.0 0.0" file="MOD/assets/vehicle/military/mil-tracked.vox" object="connection">
						<joint id_="1424118656" pos="0.05 0.2 -0.25" rot="-90.0 90.0 0.0" rotspring="0" limits="-25 25"/>
					</vox>
				</body>
			</vehicle>
			<vehicle id_="1539337984" pos="0.09997 -0.0 -6.20002" rot="0.0 0.0 0.0" sound="tank1 1.5" spring="0.7" damping="0.8" topspeed="40" acceleration="0.4" strength="8" antispin="1" antiroll="1.5" difflock="1" steerassist="0.3">
				<body id_="2046617600" name="Front" pos="-0.05 0.5 0.1" dynamic="true">
					<vox id_="123149664" pos="0.05 0.0 0.0" rot="0.0 180.0 0.0" file="MOD/assets/vehicle/military/mil-tracked.vox" object="body_front">
						<group id_="1764009088" name="lights" pos="0.0 0.0 0.0" rot="0.0 -180.0 0.0">
							<light id_="924703872" name="headlight right" pos="0.7 0.7 -1.4" rot="0.0 180.0 0.0" type="cone" color="1 .9 .8" scale="20" angle="90" penumbra="30" size="0.1" unshadowed="0.2" glare="0.3"/>
							<light id_="332222272" name="headlight left" pos="-0.8 0.7 -1.4" rot="0.0 180.0 0.0" type="cone" color="1 .9 .8" scale="20" angle="90" penumbra="30" size="0.1" unshadowed="0.2" glare="0.3"/>
							<light id_="942989504" name="brake left" pos="-0.85 1.85 1.4" rot="0.0 0.0 0.0" type="area" color="1 .1 .1" size="0.1 0.1" unshadowed="0.3" glare="0.2"/>
							<light id_="202715216" name="brake right" pos="0.75 1.85 1.4" rot="0.0 0.0 0.0" type="area" color="1 .1 .1" size="0.1 0.1" unshadowed="0.3" glare="0.2"/>
							<light id_="1834464640" name="reverse left" pos="-0.75 1.85 1.4" rot="0.0 0.0 0.0" type="area" size="0.1 0.1" unshadowed="0.3"/>
							<light id_="1519544960" name="reverse right" pos="0.65 1.85 1.4" rot="0.0 0.0 0.0" type="area" size="0.1 0.1" unshadowed="0.3"/>
						</group>
						<group id_="241449360" name="wheels" pos="0.0 0.0 0.1">
							<wheel id_="1967183104" name="front left" pos="0.65 -0.15 0.65" rot="0.0 180.0 0.0" drive="1" steer="1">
								<vox id_="458976608" pos="-0.15 -0.25 0.05" rot="0.0 0.0 0.0" file="MOD/assets/vehicle/military/mil-tracked.vox" object="fl_wheel_front_right"/>
							</wheel>
							<wheel id_="1674219264" name="front left" pos="0.35 -0.15 0.65" rot="0.0 180.0 0.0" drive="1" steer="1">
								<vox id_="1155994496" pos="-0.15 -0.25 0.05" rot="0.0 0.0 0.0" file="MOD/assets/vehicle/military/mil-tracked.vox" object="fl_wheel_front_right"/>
							</wheel>
							<wheel id_="1847572608" name="front right" pos="-0.55 -0.15 0.65" rot="0.0 180.0 0.0" drive="1" steer="1">
								<vox id_="2004672000" pos="0.15 -0.25 0.05" rot="0.0 0.0 0.0" file="MOD/assets/vehicle/military/mil-tracked.vox" object="fr_wheel_front_left"/>
							</wheel>
							<wheel id_="54136040" name="front right" pos="-0.25 -0.15 0.65" rot="0.0 180.0 0.0" drive="1" steer="1">
								<vox id_="2045175680" pos="0.15 -0.25 0.05" rot="0.0 0.0 0.0" file="MOD/assets/vehicle/military/mil-tracked.vox" object="fr_wheel_front_left"/>
							</wheel>
							<wheel id_="269369408" name="back left" pos="0.65 -0.15 -0.75" rot="0.0 180.0 0.0" drive="1">
								<vox id_="1781901568" pos="-0.15 -0.25 0.05" rot="0.0 0.0 0.0" file="MOD/assets/vehicle/military/mil-tracked.vox" object="fl_wheel_front_right"/>
							</wheel>
							<wheel id_="14680960" name="back left" pos="0.35 -0.15 -0.75" rot="0.0 180.0 0.0" drive="1">
								<vox id_="1416778240" pos="-0.15 -0.25 0.05" rot="0.0 0.0 0.0" file="MOD/assets/vehicle/military/mil-tracked.vox" object="fl_wheel_front_right"/>
							</wheel>
							<wheel id_="2084958464" name="back right" pos="-0.55 -0.15 -0.75" rot="0.0 180.0 0.0" drive="1">
								<vox id_="232077136" pos="0.15 -0.25 0.05" rot="0.0 0.0 0.0" file="MOD/assets/vehicle/military/mil-tracked.vox" object="fr_wheel_front_left"/>
							</wheel>
							<wheel id_="1605861120" name="back right" pos="-0.25 -0.15 -0.75" rot="0.0 180.0 0.0" drive="1">
								<vox id_="792444160" pos="0.15 -0.25 0.05" rot="0.0 0.0 0.0" file="MOD/assets/vehicle/military/mil-tracked.vox" object="fr_wheel_front_left"/>
							</wheel>
						</group>
						<group id_="1161499904" name="locations">
							<location id_="181152560" name="vital" tags="vital" pos="0.05 0.35 1.2" rot="180.0 0.0 180.0"/>
							<location id_="1676972032" name="player" tags="player" pos="0.45 1.65 0.35" rot="0.0 0.0 0.0"/>
							<location id_="1914488960" name="exhaust" tags="exhaust" pos="0.55 1.7 -1.25" rot="-90.0 -180.0 0.0"/>
							<location id_="107288976" name="exhaust" tags="exhaust" pos="-0.45 1.7 -1.25" rot="-90.0 -180.0 0.0"/>
						</group>
					</vox>
					<vox id_="1063779712" pos="0.65 -0.4 0.0" rot="0.0 180.0 0.0" collide="false" file="MOD/assets/vehicle/military/mil-tracked.vox" object="tracks_fr"/>
					<vox id_="1730124928" pos="-0.65 -0.4 0.0" rot="0.0 180.0 0.0" collide="false" file="MOD/assets/vehicle/military/mil-tracked.vox" object="tracks_fl"/>
					<vox id_="1619362304" pos="0.05 0.0 1.8" rot="0.0 180.0 0.0" file="MOD/assets/vehicle/military/mil-tracked.vox" object="connection">
						<joint id_="347493088" pos="0.05 0.2 -0.25" rot="-90.0 90.0 0.0" rotspring="0" limits="-25 25"/>
					</vox>
				</body>
			</vehicle>
			<vehicle id_="1234052608" open_="true" tags="nodrive" pos="-0.00001 0.1 -2.10002" rot="0.0 0.0 0.0" sound="excavator 1.5" spring="0.7" damping="0.8" topspeed="60" acceleration="0.4" strength="2" antispin="0.7" antiroll="1.5" difflock="1" steerassist="0.3">
				<body id_="249052000" open_="true" name="Back" pos="0.05 0.4 0.0" rot="0.0 0.0 0.0" dynamic="true">
					<vox id_="1506436864" pos="0.05 0.0 0.0" rot="0.0 180.0 0.0" file="MOD/assets/vehicle/military/mil-tracked.vox" object="body_back">
						<group id_="431974144" name="wheels" pos="0.0 0.0 0.1">
							<wheel id_="1974523520" name="front left" pos="0.65 -0.15 0.65" rot="0.0 180.0 0.0">
								<vox id_="1406685056" pos="-0.15 -0.25 0.05" rot="0.0 0.0 0.0" file="MOD/assets/vehicle/military/mil-tracked.vox" object="bl_wheel_front_right"/>
							</wheel>
							<wheel id_="895997312" name="front left" pos="0.35 -0.15 0.65" rot="0.0 180.0 0.0">
								<vox id_="1985796480" pos="-0.15 -0.25 0.05" rot="0.0 0.0 0.0" file="MOD/assets/vehicle/military/mil-tracked.vox" object="bl_wheel_front_right"/>
							</wheel>
							<wheel id_="1395018880" name="front right" pos="-0.55 -0.15 0.65" rot="0.0 180.0 0.0">
								<vox id_="2027348864" pos="0.15 -0.25 0.05" rot="0.0 0.0 0.0" file="MOD/assets/vehicle/military/mil-tracked.vox" object="br_wheel_front_left"/>
							</wheel>
							<wheel id_="288703712" name="front right" pos="-0.25 -0.15 0.65" rot="0.0 180.0 0.0">
								<vox id_="1930152960" pos="0.15 -0.25 0.05" rot="0.0 0.0 0.0" file="MOD/assets/vehicle/military/mil-tracked.vox" object="br_wheel_front_left"/>
							</wheel>
							<wheel id_="170535072" name="back left" pos="0.65 -0.15 -1.15" rot="0.0 180.0 0.0">
								<vox id_="1198529920" pos="-0.15 -0.25 0.05" rot="0.0 0.0 0.0" file="MOD/assets/vehicle/military/mil-tracked.vox" object="bl_wheel_back_right"/>
							</wheel>
							<wheel id_="1292514304" name="back left" pos="0.35 -0.15 -1.15" rot="0.0 180.0 0.0">
								<vox id_="1240541184" pos="-0.15 -0.25 0.05" rot="0.0 0.0 0.0" file="MOD/assets/vehicle/military/mil-tracked.vox" object="bl_wheel_back_right"/>
							</wheel>
							<wheel id_="310397440" name="back right" pos="-0.55 -0.15 -1.15" rot="0.0 180.0 0.0">
								<vox id_="1688375936" pos="0.15 -0.25 0.05" rot="0.0 0.0 0.0" file="MOD/assets/vehicle/military/mil-tracked.vox" object="br_wheel_back_left"/>
							</wheel>
							<wheel id_="832161408" name="back right" pos="-0.25 -0.15 -1.15" rot="0.0 180.0 0.0">
								<vox id_="1848817920" pos="0.15 -0.25 0.05" rot="0.0 0.0 0.0" file="MOD/assets/vehicle/military/mil-tracked.vox" object="br_wheel_back_left"/>
							</wheel>
						</group>
					</vox>
					<vox id_="2046486528" pos="-0.65 -0.4 -0.1" rot="0.0 -180.0 0.0" collide="false" file="MOD/assets/vehicle/military/mil-tracked.vox" object="tracks_bl"/>
					<vox id_="1471504128" pos="0.65 -0.4 -0.1" rot="0.0 -180.0 0.0" collide="false" file="MOD/assets/vehicle/military/mil-tracked.vox" object="tracks_br"/>
					<vox id_="1796451456" pos="0.05 0.4 -1.8" rot="180.0 180.0 0.0" file="MOD/assets/vehicle/military/mil-tracked.vox" object="connection"/>
					<vox id_="94377600" pos="-0.65 0.1 1.5" rot="0.0 180.0 0.0" strength="10" prop="true" file="MOD/assets/vehicle/military/mil-tracked.vox" object="left-mudflap">
						<joint id_="1227891840" pos="0.0 0.3 0.1" rot="0.0 90.0 0.0" type="hinge" limits="0 45"/>
						<vox id_="1128271104" pos="-0.0 -0.3 0.1" rot="0.0 0.0 0.0" strength="10" prop="true" file="MOD/assets/vehicle/military/mil-tracked.vox" object="mudflap-bottom">
							<joint id_="231421744" pos="0.0 0.3 0.0" rot="0.0 90.0 0.0" type="hinge" limits="0 45"/>
						</vox>
					</vox>
					<vox id_="801226496" pos="0.65 0.1 1.5" rot="0.0 180.0 0.0" strength="10" prop="true" file="MOD/assets/vehicle/military/mil-tracked.vox" object="right-mudflap">
						<joint id_="138617104" pos="0.0 0.3 0.1" rot="0.0 90.0 0.0" type="hinge" limits="0 45"/>
						<vox id_="1580366080" pos="-0.0 -0.3 0.1" rot="0.0 0.0 0.0" strength="10" prop="true" file="MOD/assets/vehicle/military/mil-tracked.vox" object="mudflap-bottom">
							<joint id_="1313159424" pos="0.0 0.3 0.0" rot="0.0 90.0 0.0" type="hinge" limits="0 45"/>
						</vox>
					</vox>
					<vox id_="1167791744" pos="0.05 0.0 1.6" rot="0.0 180.0 0.0" file="MOD/assets/vehicle/military/mil-tracked.vox" object="connection">
						<joint id_="1424118656" pos="0.05 0.2 -0.25" rot="-90.0 90.0 0.0" rotspring="0" limits="-25 25"/>
					</vox>
				</body>
			</vehicle>
			<vehicle id_="1234052608" tags="nodrive" pos="-0.00003 0.1 1.79999" rot="0.0 0.0 0.0" sound="excavator 1.5" spring="0.7" damping="0.8" topspeed="60" acceleration="0.4" strength="2" antispin="0.7" antiroll="1.5" difflock="1" steerassist="0.3">
				<body id_="249052000" name="Back" pos="0.05 0.4 0.0" rot="0.0 0.0 0.0" dynamic="true">
					<vox id_="1506436864" pos="0.05 0.0 0.0" rot="0.0 180.0 0.0" file="MOD/assets/vehicle/military/mil-tracked.vox" object="body_back">
						<group id_="431974144" name="wheels" pos="0.0 0.0 0.1">
							<wheel id_="1974523520" name="front left" pos="0.65 -0.15 0.65" rot="0.0 180.0 0.0">
								<vox id_="1406685056" pos="-0.15 -0.25 0.05" rot="0.0 0.0 0.0" file="MOD/assets/vehicle/military/mil-tracked.vox" object="bl_wheel_front_right"/>
							</wheel>
							<wheel id_="895997312" name="front left" pos="0.35 -0.15 0.65" rot="0.0 180.0 0.0">
								<vox id_="1985796480" pos="-0.15 -0.25 0.05" rot="0.0 0.0 0.0" file="MOD/assets/vehicle/military/mil-tracked.vox" object="bl_wheel_front_right"/>
							</wheel>
							<wheel id_="1395018880" name="front right" pos="-0.55 -0.15 0.65" rot="0.0 180.0 0.0">
								<vox id_="2027348864" pos="0.15 -0.25 0.05" rot="0.0 0.0 0.0" file="MOD/assets/vehicle/military/mil-tracked.vox" object="br_wheel_front_left"/>
							</wheel>
							<wheel id_="288703712" name="front right" pos="-0.25 -0.15 0.65" rot="0.0 180.0 0.0">
								<vox id_="1930152960" pos="0.15 -0.25 0.05" rot="0.0 0.0 0.0" file="MOD/assets/vehicle/military/mil-tracked.vox" object="br_wheel_front_left"/>
							</wheel>
							<wheel id_="170535072" name="back left" pos="0.65 -0.15 -1.15" rot="0.0 180.0 0.0">
								<vox id_="1198529920" pos="-0.15 -0.25 0.05" rot="0.0 0.0 0.0" file="MOD/assets/vehicle/military/mil-tracked.vox" object="bl_wheel_back_right"/>
							</wheel>
							<wheel id_="1292514304" name="back left" pos="0.35 -0.15 -1.15" rot="0.0 180.0 0.0">
								<vox id_="1240541184" pos="-0.15 -0.25 0.05" rot="0.0 0.0 0.0" file="MOD/assets/vehicle/military/mil-tracked.vox" object="bl_wheel_back_right"/>
							</wheel>
							<wheel id_="310397440" name="back right" pos="-0.55 -0.15 -1.15" rot="0.0 180.0 0.0">
								<vox id_="1688375936" pos="0.15 -0.25 0.05" rot="0.0 0.0 0.0" file="MOD/assets/vehicle/military/mil-tracked.vox" object="br_wheel_back_left"/>
							</wheel>
							<wheel id_="832161408" name="back right" pos="-0.25 -0.15 -1.15" rot="0.0 180.0 0.0">
								<vox id_="1848817920" pos="0.15 -0.25 0.05" rot="0.0 0.0 0.0" file="MOD/assets/vehicle/military/mil-tracked.vox" object="br_wheel_back_left"/>
							</wheel>
						</group>
					</vox>
					<vox id_="2046486528" pos="-0.65 -0.4 -0.1" rot="0.0 -180.0 0.0" collide="false" file="MOD/assets/vehicle/military/mil-tracked.vox" object="tracks_bl"/>
					<vox id_="1471504128" pos="0.65 -0.4 -0.1" rot="0.0 -180.0 0.0" collide="false" file="MOD/assets/vehicle/military/mil-tracked.vox" object="tracks_br"/>
					<vox id_="1796451456" pos="0.05 0.4 -1.8" rot="180.0 180.0 0.0" file="MOD/assets/vehicle/military/mil-tracked.vox" object="connection"/>
					<vox id_="94377600" pos="-0.65 0.1 1.5" rot="0.0 180.0 0.0" strength="10" prop="true" file="MOD/assets/vehicle/military/mil-tracked.vox" object="left-mudflap">
						<joint id_="1227891840" pos="0.0 0.3 0.1" rot="0.0 90.0 0.0" type="hinge" limits="0 45"/>
						<vox id_="1128271104" pos="-0.0 -0.3 0.1" rot="0.0 0.0 0.0" strength="10" prop="true" file="MOD/assets/vehicle/military/mil-tracked.vox" object="mudflap-bottom">
							<joint id_="231421744" pos="0.0 0.3 0.0" rot="0.0 90.0 0.0" type="hinge" limits="0 45"/>
						</vox>
					</vox>
					<vox id_="801226496" pos="0.65 0.1 1.5" rot="0.0 180.0 0.0" strength="10" prop="true" file="MOD/assets/vehicle/military/mil-tracked.vox" object="right-mudflap">
						<joint id_="138617104" pos="0.0 0.3 0.1" rot="0.0 90.0 0.0" type="hinge" limits="0 45"/>
						<vox id_="1580366080" pos="-0.0 -0.3 0.1" rot="0.0 0.0 0.0" strength="10" prop="true" file="MOD/assets/vehicle/military/mil-tracked.vox" object="mudflap-bottom">
							<joint id_="1313159424" pos="0.0 0.3 0.0" rot="0.0 90.0 0.0" type="hinge" limits="0 45"/>
						</vox>
					</vox>
					<vox id_="1167791744" pos="0.05 0.0 1.6" rot="0.0 180.0 0.0" file="MOD/assets/vehicle/military/mil-tracked.vox" object="connection">
						<joint id_="1424118656" pos="0.05 0.2 -0.25" rot="-90.0 90.0 0.0" rotspring="0" limits="-25 25"/>
					</vox>
				</body>
			</vehicle>
		</group>
	</group>
</prefab>

