<prefab version="0.9.2">
	<group id_="1540714368" open_="true" name="instance=MOD/assets/vehicle/military/mil-truck.xml" pos="50.3 0.1 0.6" rot="0.0 0.0 0.0">
		<group id_="1029174592" open_="true" pos="-0.1 0.0 0.0" prop0="texture=8 0.66">
			<vehicle id_="1395674240" pos="0.1 0.0 0.05" sound="military" spring="0.5" damping="0.8" topspeed="90" acceleration="0.5" strength="8" antispin="0.7" antiroll="0.4" difflock="1" steerassist="0.3">
				<body id_="1363756288" open_="true" pos="-0.05 0.9 0.0" dynamic="true">
					<vox id_="880857600" open_="true" pos="0.05 -0.4 0.0" rot="0.0 180.0 0.0" file="MOD/assets/vehicle/military/mil-truck.vox" object="body">
						<group id_="855952384" open_="true" name="lights" pos="0.0 0.0 0.0" rot="0.0 0.0 0.0">
							<light id_="950526592" name="reverse right" pos="1.0 0.7 -3.3" rot="0.0 -180.0 0.0" type="area" size="0.2 0.2" unshadowed="0.3"/>
							<light id_="105716016" name="reverse left" pos="-0.9 0.7 -3.3" rot="0.0 -180.0 0.0" type="area" size="0.2 0.2" unshadowed="0.3"/>
							<light id_="312167008" name="brake right" pos="0.75 0.75 -3.3" rot="0.0 180.0 0.0" type="area" color="1 .1 .1" size="0.1 0.1" unshadowed="0.3" glare="0.2"/>
							<light id_="454847616" name="brake left" pos="-0.65 0.75 -3.3" rot="0.0 -180.0 0.0" type="area" color="1 .1 .1" size="0.1 0.1" unshadowed="0.3" glare="0.2"/>
							<light id_="298338080" name="headlight right" pos="-0.8 1.1 3.4" rot="0.0 0.0 0.0" type="cone" color="1 .9 .8" scale="20" angle="90" penumbra="30" size="0.1" unshadowed="0.2" glare="0.3"/>
							<light id_="1944768384" name="headlight left" pos="0.9 1.1 3.4" rot="0.0 0.0 0.0" type="cone" color="1 .9 .8" scale="20" angle="90" penumbra="30" size="0.1" unshadowed="0.2" glare="0.3"/>
						</group>
						<group id_="985066176" open_="true" name="wheels">
							<wheel id_="1747165312" open_="true" name="front left" pos="0.9 0.15 2.05" rot="0.0 180.0 0.0" drive="0.6" steer="1">
								<vox id_="1682477312" pos="-0.1 -0.65 -0.05" rot="0.0 -180.0 0.0" file="MOD/assets/vehicle/military/mil-truck.vox" object="wheel_fl"/>
							</wheel>
							<wheel id_="1930218496" open_="true" name="front right" pos="-0.8 0.15 2.05" rot="0.0 180.0 0.0" drive="0.6" steer="1">
								<vox id_="1272328064" pos="0.2 -0.65 -0.05" rot="0.0 -180.0 0.0" file="MOD/assets/vehicle/military/mil-truck.vox" object="wheel_fr"/>
							</wheel>
							<wheel id_="1177229440" open_="true" name="back left" pos="0.9 0.15 -1.95" rot="0.0 180.0 0.0" drive="0.4">
								<vox id_="1296184576" pos="-0.1 -0.65 -0.05" rot="0.0 -180.0 0.0" file="MOD/assets/vehicle/military/mil-truck.vox" object="wheel_bl"/>
							</wheel>
							<wheel id_="153691296" open_="true" name="back right" pos="-0.8 0.15 -1.95" rot="0.0 180.0 0.0" drive="0.4">
								<vox id_="127409760" pos="0.2 -0.65 -0.05" rot="0.0 -180.0 0.0" file="MOD/assets/vehicle/military/mil-truck.vox" object="wheel_br"/>
							</wheel>
						</group>
						<group id_="1153897216" open_="true" name="locations">
							<location id_="922409984" name="vital" tags="vital" pos="0.05 0.85 3.05" rot="-90.0 180.0 0.0"/>
							<location id_="697476672" name="player" tags="player" pos="0.7 2.0 2.75" rot="0.0 0.0 0.0"/>
							<location id_="1659014016" name="exhaust" tags="exhaust" pos="-0.5 0.35 1.1" rot="28.1 -130.60001 2.6"/>
						</group>
					</vox>
				</body>
			</vehicle>
		</group>
	</group>
</prefab>

