<scene id_="1314142592" version="0.9.3" shadowVolume="200 25 200">
	<group id_="375871904" name="showcase">
		<voxbox id_="812892608" pos="-20.79986 1.1 -9.49994" rot="0.0 0.0 0.0" size="468 10 495"/>
		<group id_="1946210304" name="explosive" pos="15.89999 2.0 12.19999">
			<instance id_="14287720" pos="-2.8 0.1 0.5" rot="0.0 0.0 0.0" file="MOD/prop/explosive/remote_explosive.xml"/>
			<instance id_="1320893184" pos="-0.7 0.0 0.1" rot="0.0 0.0 0.0" file="MOD/prop/explosive/propanecanister.xml"/>
			<instance id_="328355392" pos="1.1 0.0 -0.0" rot="0.0 0.0 0.0" file="MOD/prop/explosive/propanetank.xml"/>
			<instance id_="575572288" pos="3.2 0.1 -0.0" rot="0.0 0.0 0.0" file="MOD/prop/explosive/nitroglycerin.xml"/>
		</group>
		<group id_="1496343680" name="furniture" pos="10.80001 2.0 22.59999">
			<instance id_="1605336704" pos="6.10001 0.0 -0.29999" rot="0.0 0.0 0.0" file="MOD/prop/furniture/bed.xml"/>
			<instance id_="1661045760" pos="-1.69999 0.1 0.10001" rot="0.0 0.0 0.0" file="MOD/prop/furniture/lamp.xml"/>
			<instance id_="1307522944" pos="8.30001 0.1 -0.49999" rot="0.0 0.0 0.0" file="MOD/prop/furniture/armchair.xml"/>
			<instance id_="870895552" pos="-4.79999 0.1 0.00001" rot="0.0 0.0 0.0" file="MOD/prop/furniture/sofa.xml"/>
			<instance id_="1390037888" pos="0.40001 0.0 -0.19999" rot="0.0 0.0 0.0" file="MOD/prop/furniture/desk.xml"/>
			<instance id_="367613856" pos="3.80001 0.1 -0.39999" rot="0.0 0.0 0.0" file="MOD/prop/furniture/bookshelf.xml"/>
			<instance id_="456486112" pos="2.00001 0.1 -0.29999" rot="0.0 0.0 0.0" file="MOD/prop/furniture/chair.xml"/>
			<instance id_="1974589184" pos="-7.89999 0.1 0.00001" rot="0.0 -180.0 0.0" file="MOD/prop/furniture/treadmill.xml"/>
		</group>
		<group id_="1042544768" name="industrial" pos="-2.2 2.0 -0.20001">
			<instance id_="1734778240" pos="-14.1 0.1 0.2" rot="0.0 90.0 0.0" file="MOD/prop/industrial/cabinet.xml"/>
			<instance id_="2040784512" pos="-11.79999 0.0 0.10001" rot="0.0 -90.0 0.0" file="MOD/prop/industrial/metal_box.xml"/>
			<instance id_="493909440" pos="-6.99999 0.0 0.40002" rot="0.0 -90.0 0.0" file="MOD/prop/industrial/fence.xml"/>
			<instance id_="602378112" pos="-9.49999 0.0 0.40001" rot="0.0 0.0 0.0" file="MOD/prop/industrial/shelf.xml"/>
			<instance id_="414933728" pos="-4.99998 -0.0 0.50002" rot="0.0 -90.0 0.0" file="MOD/prop/industrial/barrel.xml"/>
			<instance id_="1381517696" pos="-1.49997 -0.0 0.50001" rot="0.0 -90.0 0.0" file="MOD/prop/industrial/cabledrum.xml"/>
			<instance id_="1303000704" pos="18.1 0.0 0.1" rot="0.0 0.0 0.0" file="MOD/prop/industrial/vehicle_container.xml"/>
			<instance id_="831833664" pos="-0.19995 -0.0 0.40001" rot="0.0 -90.0 0.0" file="MOD/prop/industrial/crate_small.xml"/>
			<instance id_="788708352" pos="1.90005 -0.0 0.60002" rot="0.0 -90.0 0.0" file="MOD/prop/industrial/crate_big.xml"/>
			<instance id_="1774233344" pos="24.7 0.0 0.1" rot="0.0 0.0 0.0" file="MOD/prop/industrial/dumpster.xml"/>
			<instance id_="1285173888" pos="6.40005 -0.0 0.70002" rot="0.0 -90.0 0.0" file="MOD/prop/industrial/liquidcontainer.xml"/>
			<instance id_="305219776" pos="4.00006 -0.0 0.40002" rot="0.0 -90.0 0.0" file="MOD/prop/industrial/pallet.xml"/>
			<instance id_="1828631552" pos="-3.29998 0.0 0.50002" rot="0.0 -90.0 0.0" file="MOD/prop/industrial/trashcan.xml"/>
			<instance id_="1932512384" pos="11.4 0.1 0.00002" rot="0.0 180.0 0.0" file="MOD/prop/industrial/container.xml"/>
			<instance id_="852872000" pos="-16.99999 0.0 -0.1" rot="0.0 0.0 0.0" file="MOD/prop/industrial/pylone.xml"/>
			<instance id_="1234118144" pos="-16.2 0.0 0.1" rot="0.0 0.0 0.0" file="MOD/prop/industrial/anchor.xml"/>
			<instance id_="1962071040" pos="-15.49999 0.0 -0.1" rot="0.0 0.0 0.0" file="MOD/prop/industrial/linepost.xml"/>
		</group>
	</group>
	<water id_="1442273280" pos="0.0 1.6 57.2" rot="0.0 0.0 0.0"/>
	<environment id_="623416448" template="sunset" pos="0.0 5.0 57.2" skyboxrot="135"/>
	<spawnpoint id_="1122438016" pos="1.9 2.1 30.1" rot="0.0 140.0 0.0"/>
	<group id_="1647741184" name="script">
		<script id_="1561752704" file="main.lua"/>
		<script id_="12387060" file="sandbox.lua"/>
	</group>
	<layers/>
</scene>

