<prefab version="0.9.2">
	<group id_="1993988992" open_="true" name="instance=MOD/prop/explosive/remote_explosive.xml" pos="-2.8 0.1 0.5" rot="0.0 0.0 0.0">
		<script id_="1012789632" pos="0.0 0.1 0.0" rot="0.0 -90.0 0.0" file="remotedetonator.lua">
			<body id_="1369785984" open_="true" name="remote" tags="body unbreakable" pos="0.05 0.1 0.0" rot="0.0 90.0 0.0" dynamic="true" desc="Remote detonator">
				<vox id_="1317812736" tags="remote" pos="-0.1 0.0 0.05" file="MOD/prop/explosive/remote_explosive_box.vox" object="remote_red"/>
				<voxbox id_="692954432" name="button" tags="button" pos="0.0 0.1 -0.05" size="1 2 1" color="0.13 0.12 0.12"/>
			</body>
			<body id_="1301821056" open_="true" name="charge" tags="remote_explosive unbreakable" pos="-0.4 0.1 0.1" rot="0.0 0.0 0.0" dynamic="true" desc="A remote detonated charge">
				<script id_="1007611968" open_="true" pos="0.0 0.0 0.0" file="blink.lua" param0="speed=1" param1="duration=0.5" param2="offset=0">
					<vox id_="138092784" open_="true" tags="remote_explosive blink" pos="0.0 0.0 0.0" file="MOD/prop/explosive/remote_explosive_box.vox" object="explosive_red">
						<light id_="1936575872" pos="-0.05 0.25 0.15" color="1.0 0.0 0.0" scale="0.5" size="0.05"/>
					</vox>
				</script>
			</body>
			<body id_="1954796032" open_="true" name="charge" tags="remote_explosive unbreakable" pos="0.5 0.1 0.1" rot="0.0 0.0 0.0" dynamic="true" desc="A remote detonated charge">
				<script id_="2111305600" open_="true" pos="0.0 0.0 0.0" file="blink.lua" param0="speed=1" param1="duration=0.5" param2="offset=0">
					<vox id_="1893647232" open_="true" tags="remote_explosive blink" pos="0.0 0.0 0.0" file="MOD/prop/explosive/remote_explosive_box.vox" object="explosive_red">
						<light id_="523336896" pos="-0.05 0.25 0.15" color="1.0 0.0 0.0" scale="0.5" size="0.05"/>
					</vox>
				</script>
			</body>
		</script>
		<vox id_="2106783360" pos="-0.1 -0.0 0.0" rot="0.0 -90.0 0.0" desc="Warning highly explosive!" prop="true" file="MOD/prop/explosive/remote_explosive_box.vox" object="box_red"/>
		<vox id_="1962988544" pos="-0.1 0.6 0.0" rot="0.0 -90.0 0.0" prop="true" file="MOD/prop/explosive/remote_explosive_box.vox" object="lid_red"/>
		<vox id_="439838944" pos="-0.1 0.5 0.0" rot="0.0 -90.0 0.0" desc="Styrofoam" prop="true" file="MOD/prop/explosive/remote_explosive_box.vox" object="packstuff"/>
	</group>
</prefab>

