<scene id_="1639679744" open_="true" version="0.8.0" shadowVolume="200 100 200">
	<group id_="1106511872" open_="true" name="Bedrock" pos="20.6 20.7 12.2">
		<voxbox id_="80483120" pos="-27.2 1.6 27.4" size="260 1 150" brush="MOD/brush/Solid.vox" object="Bedrock"/>
		<voxbox id_="1087439616" pos="-32.4 0.0 -43.9" size="350 1 650" brush="MOD/brush/Solid.vox" object="Bedrock"/>
		<voxbox id_="555779200" pos="2.7 0.0 -43.9" size="150 1 150" brush="MOD/brush/Solid.vox" object="Bedrock"/>
		<voxbox id_="721464320" pos="2.5 1.6 -22.9" size="300 1 670" brush="MOD/brush/Solid.vox" object="Bedrock"/>
		<voxbox id_="1809624960" pos="-83.00001 0.0 -15.4" size="360 1 360" brush="MOD/brush/Solid.vox" object="Bedrock"/>
	</group>
	<environment id_="1594588160" template="sunset" fogParams="80 130 1 6"/>
	<boundary id_="2022892160">
		<vertex pos="-76.8 -60.8"/>
		<vertex pos="68.8 -60.8"/>
		<vertex pos="68.8 72.0"/>
		<vertex pos="-76.8 72.0"/>
	</boundary>
	<script id_="577341888" file="main.lua"/>
	<script id_="444492288" file="sandbox.lua"/>
	<spawnpoint id_="455634080" pos="6.4 23.2 15.2" rot="0.0 -90.0 0.0"/>
	<group id_="391011648" name="Temple" pos="-46.4 20.8 14.4">
		<group id_="218182656" name="Bedrock" pos="1.6 -20.9 0.8">
			<voxbox id_="962192768" name="Bedrock" pos="-6.4 0.1 4.0" size="96 207 18" brush="MOD/brush/Solid.vox" object="Bedrock"/>
			<voxbox id_="580618880" name="Bedrock" pos="-4.8 0.1 -5.6" rot="0.0 -90.0 0.0" size="96 207 18" brush="MOD/brush/Solid.vox" object="Bedrock"/>
			<voxbox id_="1952174464" name="Bedrock" pos="4.8 0.1 -4.0" rot="0.0 -180.0 0.0" size="96 207 18" brush="MOD/brush/Solid.vox" object="Bedrock"/>
			<voxbox id_="2049828992" name="Bedrock" pos="3.2 0.1 5.6" rot="0.0 90.0 0.0" size="96 207 18" brush="MOD/brush/Solid.vox" object="Bedrock"/>
			<voxbox id_="497120896" name="Bedrock" pos="-6.4 0.0 -5.6" size="112 1 112" brush="MOD/brush/Solid.vox" object="Bedrock"/>
		</group>
		<group id_="1744805888" name="Structure" pos="1.6 -20.9 0.8">
			<group id_="847170048" name="Floor" pos="-0.8 20.9 0.0">
				<voxbox id_="1937624576" name="sandstone" pos="5.6 0.0 -15.2" size="96 16 304" brush="MOD/brush/blocksExtended.vox" object="sandstone"/>
				<voxbox id_="981264896" name="sandstone" pos="2.4 0.0 -15.2" size="32 16 144" brush="MOD/brush/blocksExtended.vox" object="sandstone"/>
				<voxbox id_="908449920" name="sandstone" pos="2.4 0.0 0.8" size="32 16 144" brush="MOD/brush/blocksExtended.vox" object="sandstone"/>
				<voxbox id_="1310013568" name="sandstone" pos="-2.4 0.0 -15.2" size="48 16 144" brush="MOD/brush/blocksExtended.vox" object="sandstone"/>
				<voxbox id_="1735433600" name="sandstone" pos="-2.4 0.0 0.8" size="48 16 144" brush="MOD/brush/blocksExtended.vox" object="sandstone"/>
				<voxbox id_="293160416" name="sandstone" pos="-5.6 0.0 0.8" size="32 16 144" brush="MOD/brush/blocksExtended.vox" object="sandstone"/>
				<voxbox id_="102373480" name="sandstone" pos="-5.6 0.0 -15.2" size="32 16 144" brush="MOD/brush/blocksExtended.vox" object="sandstone"/>
				<voxbox id_="1108609152" name="sandstone" pos="-15.2 0.0 -15.2" size="96 16 304" brush="MOD/brush/blocksExtended.vox" object="sandstone"/>
				<voxbox id_="860081408" name="sandstone" pos="15.2 0.0 -16.8" size="16 32 80" brush="MOD/brush/blocksExtended.vox" object="sandstone"/>
				<voxbox id_="722250816" name="sandstone" pos="8.8 0.0 -16.8" size="64 32 16" brush="MOD/brush/blocksExtended.vox" object="sandstone"/>
				<voxbox id_="1467244032" name="sandstone" pos="8.8 0.0 15.2" size="64 32 16" brush="MOD/brush/blocksExtended.vox" object="sandstone"/>
				<voxbox id_="726248768" name="sandstone" pos="15.2 0.0 8.8" size="16 32 80" brush="MOD/brush/blocksExtended.vox" object="sandstone"/>
				<voxbox id_="1737334272" name="sandstone" pos="15.2 0.0 -4.0" size="16 16 80" brush="MOD/brush/blocksExtended.vox" object="sandstone"/>
			</group>
			<group id_="1984354560" name="MiddlePattern" pos="-0.8 20.9 0.0">
				<voxbox id_="369645600" name="orangewool" pos="2.4 0.0 -0.8" density="0.5" strength="0.5" size="32 16 16" brush="MOD/brush/blocksExtended.vox" object="orangewool"/>
				<voxbox id_="1263611136" name="orangewool" pos="0.8 0.0 -2.4" density="0.5" strength="0.5" size="16 16 16" brush="MOD/brush/blocksExtended.vox" object="orangewool"/>
				<voxbox id_="1183128064" name="orangewool" pos="0.8 0.0 0.8" density="0.5" strength="0.5" size="16 16 16" brush="MOD/brush/blocksExtended.vox" object="orangewool"/>
				<voxbox id_="1516792192" name="orangewool" pos="-2.4 0.0 0.8" density="0.5" strength="0.5" size="16 16 16" brush="MOD/brush/blocksExtended.vox" object="orangewool"/>
				<voxbox id_="964355584" name="orangewool" pos="-2.4 0.0 -2.4" density="0.5" strength="0.5" size="16 16 16" brush="MOD/brush/blocksExtended.vox" object="orangewool"/>
				<voxbox id_="699770560" name="orangewool" pos="-5.6 0.0 -0.8" density="0.5" strength="0.5" size="32 16 16" brush="MOD/brush/blocksExtended.vox" object="orangewool"/>
				<voxbox id_="1554215552" name="orangewool" pos="-0.8 0.0 2.4" density="0.5" strength="0.5" size="16 16 32" brush="MOD/brush/blocksExtended.vox" object="orangewool"/>
				<voxbox id_="1104480128" name="orangewool" pos="-0.8 0.0 -5.6" density="0.5" strength="0.5" size="16 16 32" brush="MOD/brush/blocksExtended.vox" object="orangewool"/>
				<voxbox id_="1320827648" name="orangewool" pos="-0.8 0.0 -0.8" density="0.5" strength="0.5" size="16 16 16" brush="MOD/brush/blocksExtended.vox" object="bluewool"/>
				<voxbox id_="1384008192" name="sandstone" pos="0.8 0.0 -0.8" size="16 16 16" brush="MOD/brush/blocksExtended.vox" object="sandstone"/>
				<voxbox id_="593333632" name="sandstone" pos="-2.4 0.0 -0.8" size="16 16 16" brush="MOD/brush/blocksExtended.vox" object="sandstone"/>
				<voxbox id_="1250830848" name="Hole" pos="-2.4 -0.1 -2.4" density="0.5" strength="0.5" size="48 1 48" brush="MOD/brush/blocksExtended.vox" object="HoleCutter"/>
			</group>
			<group id_="831047168" name="FrontDoor" pos="14.4 22.5 0.0">
				<voxbox id_="1737989760" name="sandstone" pos="0.0 0.0 -4.0" size="16 48 16" brush="MOD/brush/blocksExtended.vox" object="sandstone"/>
				<voxbox id_="1954664960" name="sandstone" pos="0.0 0.0 2.4" size="16 48 16" brush="MOD/brush/blocksExtended.vox" object="sandstone"/>
				<voxbox id_="1108936832" name="smoothsandstone" pos="0.0 4.8 -4.0" size="16 16 80" brush="MOD/brush/blocksExtended.vox" object="smoothsandstone"/>
				<voxbox id_="1277898880" name="smoothsandstone" pos="0.0 6.4 -4.0" size="16 16 16" brush="MOD/brush/blocksExtended.vox" object="smoothsandstone"/>
				<voxbox id_="506624192" name="smoothsandstone" pos="0.0 6.4 2.4" size="16 16 16" brush="MOD/brush/blocksExtended.vox" object="smoothsandstone"/>
				<voxbox id_="625841472" name="smoothsandstone" pos="0.0 8.0 -2.4" size="16 16 48" brush="MOD/brush/blocksExtended.vox" object="smoothsandstone"/>
				<voxbox id_="1792256896" name="orangewool" pos="0.0 6.4 -2.4" density="0.5" strength="0.5" size="16 16 16" brush="MOD/brush/blocksExtended.vox" object="orangewool"/>
				<voxbox id_="1654229632" name="orangewool" pos="0.0 6.4 0.8" density="0.5" strength="0.5" size="16 16 16" brush="MOD/brush/blocksExtended.vox" object="orangewool"/>
				<voxbox id_="1143738496" name="Chiseled" pos="0.0 6.4 -0.8" density="0.5" strength="0.5" size="16 16 16" brush="MOD/brush/blocksExtended.vox" object="chiseledsandstone"/>
				<voxbox id_="1332034944" name="smoothsandstone" pos="-1.6 0.0 -2.4" size="16 48 16" brush="MOD/brush/blocksExtended.vox" object="smoothsandstone"/>
				<voxbox id_="140714384" name="smoothsandstone" pos="-1.6 0.0 0.8" size="16 48 16" brush="MOD/brush/blocksExtended.vox" object="smoothsandstone"/>
				<voxbox id_="358634880" name="smoothsandstone" pos="-1.6 3.2 -0.8" size="16 16 16" brush="MOD/brush/blocksExtended.vox" object="smoothsandstone"/>
			</group>
			<group id_="1132793344" name="RightTower" pos="12.0 22.5 -12.8">
				<voxbox id_="1722587776" name="sandstone" pos="-4.0 12.8 -4.0" rot="0.0 0.0 0.0" size="64 16 16" brush="MOD/brush/blocksExtended.vox" object="sandstone"/>
				<group id_="604147712" name="pattern" pos="0.0 1.6 -3.2" rot="0.0 90.0 0.0">
					<voxbox id_="480801440" name="smoothsandstone" pos="-0.8 0.0 -2.4" size="16 32 16" brush="MOD/brush/blocksExtended.vox" object="smoothsandstone"/>
					<voxbox id_="1019802368" name="smoothsandstone" pos="-0.8 0.0 0.8" size="16 32 16" brush="MOD/brush/blocksExtended.vox" object="smoothsandstone"/>
					<voxbox id_="1902232960" name="smoothsandstone" pos="-0.8 4.8 0.8" size="16 16 16" brush="MOD/brush/blocksExtended.vox" object="smoothsandstone"/>
					<voxbox id_="992275584" name="smoothsandstone" pos="-0.8 4.8 -2.4" size="16 16 16" brush="MOD/brush/blocksExtended.vox" object="smoothsandstone"/>
					<voxbox id_="1944506240" name="smoothsandstone" pos="-0.8 9.6 -2.4" size="16 16 48" brush="MOD/brush/blocksExtended.vox" object="smoothsandstone"/>
					<voxbox id_="1634370944" name="orangewool" pos="-0.8 8.0 -2.4" density="0.5" strength="0.5" size="16 16 48" brush="MOD/brush/blocksExtended.vox" object="orangewool"/>
					<voxbox id_="62328540" name="orangewool" pos="-0.8 6.4 -2.4" density="0.5" strength="0.5" size="16 16 16" brush="MOD/brush/blocksExtended.vox" object="orangewool"/>
					<voxbox id_="94967456" name="orangewool" pos="-0.8 6.4 0.8" density="0.5" strength="0.5" size="16 16 16" brush="MOD/brush/blocksExtended.vox" object="orangewool"/>
					<voxbox id_="149693360" name="orangewool" pos="-0.8 0.0 -0.8" density="0.5" strength="0.5" size="16 32 16" brush="MOD/brush/blocksExtended.vox" object="orangewool"/>
					<voxbox id_="1489855232" name="orangewool" pos="-0.8 4.8 -0.8" density="0.5" strength="0.5" size="16 16 16" brush="MOD/brush/blocksExtended.vox" object="orangewool"/>
					<voxbox id_="1030354368" name="orangewool" pos="-0.8 3.2 -2.4" density="0.5" strength="0.5" size="16 16 16" brush="MOD/brush/blocksExtended.vox" object="orangewool"/>
					<voxbox id_="793558336" name="orangewool" pos="-0.8 3.2 0.8" density="0.5" strength="0.5" size="16 16 16" brush="MOD/brush/blocksExtended.vox" object="orangewool"/>
					<voxbox id_="1696699520" name="Chiseled" pos="-0.8 3.2 -0.8" size="16 16 16" brush="MOD/brush/blocksExtended.vox" object="chiseledsandstone"/>
					<voxbox id_="555254912" name="Chiseled" pos="-0.8 6.4 -0.8" size="16 16 16" brush="MOD/brush/blocksExtended.vox" object="chiseledsandstone"/>
				</group>
				<voxbox id_="1932381312" name="sandstone" pos="2.4 1.6 -4.0" rot="0.0 0.0 0.0" size="16 112 16" brush="MOD/brush/blocksExtended.vox" object="sandstone"/>
				<voxbox id_="1885716864" name="sandstone" pos="2.4 12.8 -4.0" rot="0.0 0.0 0.0" size="16 16 80" brush="MOD/brush/blocksExtended.vox" object="sandstone"/>
				<voxbox id_="891606144" name="sandstone" pos="-4.0 1.6 -4.0" rot="0.0 0.0 0.0" size="16 112 16" brush="MOD/brush/blocksExtended.vox" object="sandstone"/>
				<group id_="998567424" name="pattern" pos="3.2 1.6 0.0" rot="0.0 0.0 0.0">
					<voxbox id_="175516128" name="smoothsandstone" pos="-0.8 0.0 -2.4" size="16 32 16" brush="MOD/brush/blocksExtended.vox" object="smoothsandstone"/>
					<voxbox id_="1828762624" name="smoothsandstone" pos="-0.8 0.0 0.8" size="16 32 16" brush="MOD/brush/blocksExtended.vox" object="smoothsandstone"/>
					<voxbox id_="804765632" name="smoothsandstone" pos="-0.8 4.8 0.8" size="16 16 16" brush="MOD/brush/blocksExtended.vox" object="smoothsandstone"/>
					<voxbox id_="1564701952" name="smoothsandstone" pos="-0.8 4.8 -2.4" size="16 16 16" brush="MOD/brush/blocksExtended.vox" object="smoothsandstone"/>
					<voxbox id_="284836832" name="smoothsandstone" pos="-0.8 9.6 -2.4" size="16 16 48" brush="MOD/brush/blocksExtended.vox" object="smoothsandstone"/>
					<voxbox id_="678666688" name="orangewool" pos="-0.8 8.0 -2.4" density="0.5" strength="0.5" size="16 16 48" brush="MOD/brush/blocksExtended.vox" object="orangewool"/>
					<voxbox id_="1507485568" name="orangewool" pos="-0.8 6.4 -2.4" density="0.5" strength="0.5" size="16 16 16" brush="MOD/brush/blocksExtended.vox" object="orangewool"/>
					<voxbox id_="1864940672" name="orangewool" pos="-0.8 6.4 0.8" density="0.5" strength="0.5" size="16 16 16" brush="MOD/brush/blocksExtended.vox" object="orangewool"/>
					<voxbox id_="1072234368" name="orangewool" pos="-0.8 0.0 -0.8" density="0.5" strength="0.5" size="16 32 16" brush="MOD/brush/blocksExtended.vox" object="orangewool"/>
					<voxbox id_="873713728" name="orangewool" pos="-0.8 4.8 -0.8" density="0.5" strength="0.5" size="16 16 16" brush="MOD/brush/blocksExtended.vox" object="orangewool"/>
					<voxbox id_="452553696" name="orangewool" pos="-0.8 3.2 -2.4" density="0.5" strength="0.5" size="16 16 16" brush="MOD/brush/blocksExtended.vox" object="orangewool"/>
					<voxbox id_="2013716480" name="orangewool" pos="-0.8 3.2 0.8" density="0.5" strength="0.5" size="16 16 16" brush="MOD/brush/blocksExtended.vox" object="orangewool"/>
					<voxbox id_="1473994624" name="Chiseled" pos="-0.8 3.2 -0.8" size="16 16 16" brush="MOD/brush/blocksExtended.vox" object="chiseledsandstone"/>
					<voxbox id_="249772944" name="Chiseled" pos="-0.8 6.4 -0.8" size="16 16 16" brush="MOD/brush/blocksExtended.vox" object="chiseledsandstone"/>
				</group>
				<voxbox id_="995749248" name="sandstone" pos="2.4 1.6 2.4" rot="0.0 0.0 0.0" size="16 112 16" brush="MOD/brush/blocksExtended.vox" object="sandstone"/>
				<voxbox id_="2031019008" name="sandstone" pos="0.8 0.0 2.4" size="16 144 16" brush="MOD/brush/blocksExtended.vox" object="sandstone"/>
				<voxbox id_="437545024" name="sandstone" pos="-0.8 3.2 2.4" size="16 112 16" brush="MOD/brush/blocksExtended.vox" object="sandstone"/>
				<voxbox id_="2061298560" name="sandstone" pos="-4.0 0.0 2.4" size="32 144 16" brush="MOD/brush/blocksExtended.vox" object="sandstone"/>
				<voxbox id_="1177557120" name="sandstone" pos="-4.0 0.0 0.8" size="16 144 16" brush="MOD/brush/blocksExtended.vox" object="sandstone"/>
				<voxbox id_="347886336" name="sandstone" pos="-4.0 0.0 -2.4" size="16 144 16" brush="MOD/brush/blocksExtended.vox" object="sandstone"/>
				<voxbox id_="1806282368" name="sandstone" pos="-2.4 0.0 -2.4" size="16 32 32" brush="MOD/brush/blocksExtended.vox" object="sandstone"/>
				<voxbox id_="2052385152" name="sandstone" pos="-0.8 0.0 -2.4" size="16 16 16" brush="MOD/brush/blocksExtended.vox" object="sandstone">
					<voxbox id_="1133317632" name="sandstoneSlab" pos="0.0 1.6 0.0" size="16 8 16" brush="MOD/brush/blocksExtended.vox" object="sandstone" offset="0 8 0"/>
				</voxbox>
				<voxbox id_="1546875136" name="Sandstonestairs" pos="-0.8 0.0 -0.8" size="16 8 16" brush="MOD/brush/blocksExtended.vox" object="sandstone" offset="0 8 0">
					<voxbox id_="1123879936" name="sandstonestep" pos="0.0 0.8 0.0" size="16 8 8" brush="MOD/brush/blocksExtended.vox" object="sandstone" offset="0 8 0"/>
				</voxbox>
				<voxbox id_="692888896" name="sandstone" pos="-4.0 11.2 -0.8" size="16 32 16" brush="MOD/brush/blocksExtended.vox" object="sandstone"/>
				<voxbox id_="1552380416" name="sandstone" pos="-2.4 12.8 -2.4" size="48 32 48" brush="MOD/brush/blocksExtended.vox" object="sandstone"/>
				<voxbox id_="1911146368" name="Sandstonestairs" pos="-0.8 14.4 2.4" size="16 8 16" brush="MOD/brush/blocksExtended.vox" object="sandstone" offset="0 8 0">
					<voxbox id_="2055531008" name="sandstonestep" pos="0.0 0.8 0.0" size="16 8 8" brush="MOD/brush/blocksExtended.vox" object="sandstone" offset="0 8 0"/>
				</voxbox>
				<voxbox id_="432564000" name="Sandstonestairs" pos="2.4 14.4 0.8" rot="0.0 90.0 0.0" size="16 8 16" brush="MOD/brush/blocksExtended.vox" object="sandstone" offset="0 8 0">
					<voxbox id_="107223440" name="sandstonestep" pos="0.0 0.8 0.0" size="16 8 8" brush="MOD/brush/blocksExtended.vox" object="sandstone" offset="0 8 0"/>
				</voxbox>
				<voxbox id_="454716512" name="Sandstonestairs" pos="-2.4 14.4 -0.8" rot="0.0 -90.0 0.0" size="16 8 16" brush="MOD/brush/blocksExtended.vox" object="sandstone" offset="0 8 0">
					<voxbox id_="1812115456" name="sandstonestep" pos="0.0 0.8 0.0" size="16 8 8" brush="MOD/brush/blocksExtended.vox" object="sandstone" offset="0 8 0"/>
				</voxbox>
				<voxbox id_="207237472" name="Sandstonestairs" pos="0.8 14.4 -2.4" rot="0.0 -180.0 0.0" size="16 8 16" brush="MOD/brush/blocksExtended.vox" object="sandstone" offset="0 8 0">
					<voxbox id_="928111936" name="sandstonestep" pos="0.0 0.8 0.0" size="16 8 8" brush="MOD/brush/blocksExtended.vox" object="sandstone" offset="0 8 0"/>
				</voxbox>
				<voxbox id_="1437619840" name="Sandstonestairs" pos="-4.0 3.2 0.8" rot="0.0 90.0 0.0" size="16 8 16" brush="MOD/brush/blocksExtended.vox" object="sandstone" offset="0 8 0">
					<voxbox id_="566855488" name="sandstonestep" pos="0.0 0.8 0.0" size="16 8 8" brush="MOD/brush/blocksExtended.vox" object="sandstone" offset="0 8 0"/>
				</voxbox>
				<voxbox id_="1602649600" name="Sandstonestairs" pos="-5.6 4.8 0.8" rot="0.0 90.0 0.0" size="16 8 16" brush="MOD/brush/blocksExtended.vox" object="sandstone" offset="0 8 0">
					<voxbox id_="445213216" name="sandstonestep" pos="0.0 0.8 0.0" size="16 8 8" brush="MOD/brush/blocksExtended.vox" object="sandstone" offset="0 8 0"/>
				</voxbox>
			</group>
			<group id_="1508927360" name="FrontCorridor" pos="11.2 22.5 0.0">
				<voxbox id_="1489003264" name="sandstone" pos="-1.6 0.0 2.4" size="16 48 64" brush="MOD/brush/blocksExtended.vox" object="sandstone"/>
				<voxbox id_="1469341312" name="sandstone" pos="-1.6 4.8 -4.0" size="48 16 80" brush="MOD/brush/blocksExtended.vox" object="sandstone"/>
				<voxbox id_="216216464" name="sandstone" pos="-1.6 0.0 -8.8" size="16 48 64" brush="MOD/brush/blocksExtended.vox" object="sandstone"/>
				<voxbox id_="511146464" name="sandstone" pos="-3.2 0.0 -4.0" size="16 48 16" brush="MOD/brush/blocksExtended.vox" object="sandstone"/>
				<voxbox id_="627152256" name="sandstone" pos="0.0 3.2 -8.8" size="16 16 64" brush="MOD/brush/blocksExtended.vox" object="sandstone"/>
				<voxbox id_="616534784" name="sandstone" pos="-3.2 0.0 2.4" size="16 48 16" brush="MOD/brush/blocksExtended.vox" object="sandstone"/>
				<voxbox id_="1823978240" name="sandstone" pos="1.6 0.0 -8.8" size="16 48 64" brush="MOD/brush/blocksExtended.vox" object="sandstone"/>
				<voxbox id_="634427200" name="sandstone" pos="1.6 0.0 2.4" size="16 48 64" brush="MOD/brush/blocksExtended.vox" object="sandstone"/>
				<voxbox id_="240269632" name="sandstone" pos="0.0 3.2 2.4" size="16 16 64" brush="MOD/brush/blocksExtended.vox" object="sandstone"/>
			</group>
			<group id_="235485216" name="LeftTower" pos="12.0 22.5 12.8">
				<voxbox id_="1129909632" name="sandstone" pos="-4.0 0.0 0.8" size="16 144 16" brush="MOD/brush/blocksExtended.vox" object="sandstone"/>
				<voxbox id_="110172736" name="Sandstonestairs" pos="0.8 0.0 0.8" rot="0.0 -180.0 0.0" size="16 8 16" brush="MOD/brush/blocksExtended.vox" object="sandstone" offset="0 8 0">
					<voxbox id_="1764664448" name="sandstonestep" pos="0.0 0.8 0.0" size="16 8 8" brush="MOD/brush/blocksExtended.vox" object="sandstone" offset="0 8 0"/>
				</voxbox>
				<group id_="1794550784" name="pattern" pos="3.2 1.6 0.0" rot="0.0 0.0 0.0">
					<voxbox id_="1971246592" name="smoothsandstone" pos="-0.8 0.0 -2.4" size="16 32 16" brush="MOD/brush/blocksExtended.vox" object="smoothsandstone"/>
					<voxbox id_="1165563392" name="smoothsandstone" pos="-0.8 0.0 0.8" size="16 32 16" brush="MOD/brush/blocksExtended.vox" object="smoothsandstone"/>
					<voxbox id_="181873504" name="smoothsandstone" pos="-0.8 4.8 0.8" size="16 16 16" brush="MOD/brush/blocksExtended.vox" object="smoothsandstone"/>
					<voxbox id_="475361632" name="smoothsandstone" pos="-0.8 4.8 -2.4" size="16 16 16" brush="MOD/brush/blocksExtended.vox" object="smoothsandstone"/>
					<voxbox id_="1793108864" name="smoothsandstone" pos="-0.8 9.6 -2.4" size="16 16 48" brush="MOD/brush/blocksExtended.vox" object="smoothsandstone"/>
					<voxbox id_="1173100416" name="orangewool" pos="-0.8 8.0 -2.4" density="0.5" strength="0.5" size="16 16 48" brush="MOD/brush/blocksExtended.vox" object="orangewool"/>
					<voxbox id_="973858880" name="orangewool" pos="-0.8 6.4 -2.4" density="0.5" strength="0.5" size="16 16 16" brush="MOD/brush/blocksExtended.vox" object="orangewool"/>
					<voxbox id_="1036187392" name="orangewool" pos="-0.8 6.4 0.8" density="0.5" strength="0.5" size="16 16 16" brush="MOD/brush/blocksExtended.vox" object="orangewool"/>
					<voxbox id_="546734656" name="orangewool" pos="-0.8 0.0 -0.8" density="0.5" strength="0.5" size="16 32 16" brush="MOD/brush/blocksExtended.vox" object="orangewool"/>
					<voxbox id_="1885847936" name="orangewool" pos="-0.8 4.8 -0.8" density="0.5" strength="0.5" size="16 16 16" brush="MOD/brush/blocksExtended.vox" object="orangewool"/>
					<voxbox id_="1224680448" name="orangewool" pos="-0.8 3.2 -2.4" density="0.5" strength="0.5" size="16 16 16" brush="MOD/brush/blocksExtended.vox" object="orangewool"/>
					<voxbox id_="1105856384" name="orangewool" pos="-0.8 3.2 0.8" density="0.5" strength="0.5" size="16 16 16" brush="MOD/brush/blocksExtended.vox" object="orangewool"/>
					<voxbox id_="1854388736" name="Chiseled" pos="-0.8 3.2 -0.8" size="16 16 16" brush="MOD/brush/blocksExtended.vox" object="chiseledsandstone"/>
					<voxbox id_="610242944" name="Chiseled" pos="-0.8 6.4 -0.8" size="16 16 16" brush="MOD/brush/blocksExtended.vox" object="chiseledsandstone"/>
				</group>
				<voxbox id_="1689227904" name="sandstone" pos="-0.8 0.0 0.8" rot="0.0 0.0 0.0" size="16 16 16" brush="MOD/brush/blocksExtended.vox" object="sandstone">
					<voxbox id_="1394363520" name="sandstoneSlab" pos="0.0 1.6 0.0" size="16 8 16" brush="MOD/brush/blocksExtended.vox" object="sandstone" offset="0 8 0"/>
				</voxbox>
				<voxbox id_="1144721664" name="sandstone" pos="-2.4 0.0 -0.8" rot="0.0 0.0 0.0" size="16 32 32" brush="MOD/brush/blocksExtended.vox" object="sandstone"/>
				<voxbox id_="1104217856" name="sandstone" pos="-4.0 0.0 -2.4" size="16 144 16" brush="MOD/brush/blocksExtended.vox" object="sandstone"/>
				<voxbox id_="763082240" name="sandstone" pos="-4.0 0.0 -0.8" rot="0.0 0.0 0.0" size="16 32 16" brush="MOD/brush/blocksExtended.vox" object="sandstone"/>
				<voxbox id_="684368704" name="sandstone" pos="-4.0 0.0 -4.0" size="32 144 16" brush="MOD/brush/blocksExtended.vox" object="sandstone"/>
				<voxbox id_="781630016" name="sandstone" pos="-4.0 1.6 2.4" rot="0.0 0.0 0.0" size="16 112 16" brush="MOD/brush/blocksExtended.vox" object="sandstone"/>
				<voxbox id_="735686528" name="sandstone" pos="-4.0 12.8 2.4" rot="0.0 0.0 0.0" size="64 16 16" brush="MOD/brush/blocksExtended.vox" object="sandstone"/>
				<voxbox id_="1875951360" name="sandstone" pos="2.4 12.8 -4.0" rot="0.0 0.0 0.0" size="16 16 80" brush="MOD/brush/blocksExtended.vox" object="sandstone"/>
				<voxbox id_="1985272192" name="sandstone" pos="0.8 0.0 -4.0" size="16 144 16" brush="MOD/brush/blocksExtended.vox" object="sandstone"/>
				<voxbox id_="472936640" name="sandstone" pos="-0.8 3.2 -4.0" size="16 112 16" brush="MOD/brush/blocksExtended.vox" object="sandstone"/>
				<voxbox id_="1078919424" name="sandstone" pos="2.4 1.6 2.4" rot="0.0 0.0 0.0" size="16 112 16" brush="MOD/brush/blocksExtended.vox" object="sandstone"/>
				<voxbox id_="463367808" name="sandstone" pos="2.4 1.6 -4.0" rot="0.0 0.0 0.0" size="16 112 16" brush="MOD/brush/blocksExtended.vox" object="sandstone"/>
				<group id_="1549496704" name="pattern" pos="0.0 1.6 3.2" rot="0.0 -90.0 0.0">
					<voxbox id_="84153360" name="smoothsandstone" pos="-0.8 0.0 -2.4" size="16 32 16" brush="MOD/brush/blocksExtended.vox" object="smoothsandstone"/>
					<voxbox id_="25495060" name="smoothsandstone" pos="-0.8 0.0 0.8" size="16 32 16" brush="MOD/brush/blocksExtended.vox" object="smoothsandstone"/>
					<voxbox id_="330256064" name="smoothsandstone" pos="-0.8 4.8 0.8" size="16 16 16" brush="MOD/brush/blocksExtended.vox" object="smoothsandstone"/>
					<voxbox id_="1151079040" name="smoothsandstone" pos="-0.8 4.8 -2.4" size="16 16 16" brush="MOD/brush/blocksExtended.vox" object="smoothsandstone"/>
					<voxbox id_="1078853888" name="smoothsandstone" pos="-0.8 9.6 -2.4" size="16 16 48" brush="MOD/brush/blocksExtended.vox" object="smoothsandstone"/>
					<voxbox id_="332091168" name="orangewool" pos="-0.8 8.0 -2.4" density="0.5" strength="0.5" size="16 16 48" brush="MOD/brush/blocksExtended.vox" object="orangewool"/>
					<voxbox id_="801292032" name="orangewool" pos="-0.8 6.4 -2.4" density="0.5" strength="0.5" size="16 16 16" brush="MOD/brush/blocksExtended.vox" object="orangewool"/>
					<voxbox id_="435775456" name="orangewool" pos="-0.8 6.4 0.8" density="0.5" strength="0.5" size="16 16 16" brush="MOD/brush/blocksExtended.vox" object="orangewool"/>
					<voxbox id_="1555198720" name="orangewool" pos="-0.8 0.0 -0.8" density="0.5" strength="0.5" size="16 32 16" brush="MOD/brush/blocksExtended.vox" object="orangewool"/>
					<voxbox id_="492664192" name="orangewool" pos="-0.8 4.8 -0.8" density="0.5" strength="0.5" size="16 16 16" brush="MOD/brush/blocksExtended.vox" object="orangewool"/>
					<voxbox id_="1510828032" name="orangewool" pos="-0.8 3.2 -2.4" density="0.5" strength="0.5" size="16 16 16" brush="MOD/brush/blocksExtended.vox" object="orangewool"/>
					<voxbox id_="475623776" name="orangewool" pos="-0.8 3.2 0.8" density="0.5" strength="0.5" size="16 16 16" brush="MOD/brush/blocksExtended.vox" object="orangewool"/>
					<voxbox id_="1326922880" name="Chiseled" pos="-0.8 3.2 -0.8" size="16 16 16" brush="MOD/brush/blocksExtended.vox" object="chiseledsandstone"/>
					<voxbox id_="1642104704" name="Chiseled" pos="-0.8 6.4 -0.8" size="16 16 16" brush="MOD/brush/blocksExtended.vox" object="chiseledsandstone"/>
				</group>
				<voxbox id_="85595240" name="sandstone" pos="-4.0 11.2 -0.8" size="16 32 16" brush="MOD/brush/blocksExtended.vox" object="sandstone"/>
				<voxbox id_="1784260992" name="Sandstonestairs" pos="-2.4 14.4 -0.8" rot="0.0 -90.0 0.0" size="16 8 16" brush="MOD/brush/blocksExtended.vox" object="sandstone" offset="0 8 0">
					<voxbox id_="649173696" name="sandstonestep" pos="0.0 0.8 0.0" size="16 8 8" brush="MOD/brush/blocksExtended.vox" object="sandstone" offset="0 8 0"/>
				</voxbox>
				<voxbox id_="1193155712" name="Sandstonestairs" pos="0.8 14.4 -2.4" rot="0.0 -180.0 0.0" size="16 8 16" brush="MOD/brush/blocksExtended.vox" object="sandstone" offset="0 8 0">
					<voxbox id_="1516398976" name="sandstonestep" pos="0.0 0.8 0.0" size="16 8 8" brush="MOD/brush/blocksExtended.vox" object="sandstone" offset="0 8 0"/>
				</voxbox>
				<voxbox id_="607228096" name="Sandstonestairs" pos="2.4 14.4 0.8" rot="0.0 90.0 0.0" size="16 8 16" brush="MOD/brush/blocksExtended.vox" object="sandstone" offset="0 8 0">
					<voxbox id_="1482514816" name="sandstonestep" pos="0.0 0.8 0.0" size="16 8 8" brush="MOD/brush/blocksExtended.vox" object="sandstone" offset="0 8 0"/>
				</voxbox>
				<voxbox id_="1908131584" name="Sandstonestairs" pos="-0.8 14.4 2.4" size="16 8 16" brush="MOD/brush/blocksExtended.vox" object="sandstone" offset="0 8 0">
					<voxbox id_="66195400" name="sandstonestep" pos="0.0 0.8 0.0" size="16 8 8" brush="MOD/brush/blocksExtended.vox" object="sandstone" offset="0 8 0"/>
				</voxbox>
				<voxbox id_="1921239552" name="sandstone" pos="-2.4 12.8 -2.4" size="48 32 48" brush="MOD/brush/blocksExtended.vox" object="sandstone"/>
				<voxbox id_="1357202304" name="Sandstonestairs" pos="-5.6 4.8 0.8" rot="0.0 90.0 0.0" size="16 8 16" brush="MOD/brush/blocksExtended.vox" object="sandstone" offset="0 8 0">
					<voxbox id_="1746641024" name="sandstonestep" pos="0.0 0.8 0.0" size="16 8 8" brush="MOD/brush/blocksExtended.vox" object="sandstone" offset="0 8 0"/>
				</voxbox>
				<voxbox id_="532840192" name="Sandstonestairs" pos="-4.0 3.2 0.8" rot="0.0 90.0 0.0" size="16 8 16" brush="MOD/brush/blocksExtended.vox" object="sandstone" offset="0 8 0">
					<voxbox id_="1168184960" name="sandstonestep" pos="0.0 0.8 0.0" size="16 8 8" brush="MOD/brush/blocksExtended.vox" object="sandstone" offset="0 8 0"/>
				</voxbox>
			</group>
			<voxbox id_="1107494912" name="sandstone" pos="8.0 22.5 -13.6" size="16 32 16" brush="MOD/brush/blocksExtended.vox" object="sandstone"/>
			<voxbox id_="273105184" name="sandstone" pos="6.4 22.5 12.0" size="16 48 16" brush="MOD/brush/blocksExtended.vox" object="sandstone"/>
			<group id_="1055128448" name="Side" pos="-4.0 22.5 12.0">
				<voxbox id_="1869725184" name="sandstone" pos="-12.0 0.0 1.6" size="128 16 16" brush="MOD/brush/blocksExtended.vox" object="sandstone"/>
				<voxbox id_="2036786560" name="sandstone" pos="-10.4 0.0 0.0" size="112 32 16" brush="MOD/brush/blocksExtended.vox" object="sandstone"/>
				<voxbox id_="357061920" name="sandstone" pos="-8.8 3.2 -1.6" size="96 16 16" brush="MOD/brush/blocksExtended.vox" object="sandstone"/>
				<voxbox id_="1437488768" name="sandstone" pos="-7.2 3.2 -3.2" size="80 32 16" brush="MOD/brush/blocksExtended.vox" object="sandstone"/>
				<voxbox id_="471953536" name="sandstone" pos="0.8 0.0 0.0" size="96 64 16" brush="MOD/brush/blocksExtended.vox" object="sandstone"/>
				<voxbox id_="1236870912" name="sandstone" pos="0.8 3.2 -3.2" size="112 32 32" brush="MOD/brush/blocksExtended.vox" object="sandstone"/>
				<voxbox id_="553878528" name="sandstone" pos="0.8 0.0 1.6" size="112 64 16" brush="MOD/brush/blocksExtended.vox" object="sandstone"/>
			</group>
			<group id_="1299330560" name="SmallPillars" pos="-2.4 22.5 9.6">
				<voxbox id_="1303328384" name="SmallPillar" pos="-10.4 0.0 -0.8" size="16 16 16" brush="MOD/brush/blocksExtended.vox" object="smoothsandstone">
					<voxbox id_="2130508800" name="Chiseled" pos="0.0 1.6 0.0" size="16 16 16" brush="MOD/brush/blocksExtended.vox" object="chiseledsandstone"/>
				</voxbox>
				<voxbox id_="857656448" name="SmallPillar" pos="-7.2 0.0 -0.8" size="16 16 16" brush="MOD/brush/blocksExtended.vox" object="smoothsandstone">
					<voxbox id_="1256139648" name="Chiseled" pos="0.0 1.6 0.0" size="16 16 16" brush="MOD/brush/blocksExtended.vox" object="chiseledsandstone"/>
				</voxbox>
				<voxbox id_="850774720" name="SmallPillar" pos="-4.0 0.0 -0.8" size="16 16 16" brush="MOD/brush/blocksExtended.vox" object="smoothsandstone">
					<voxbox id_="341463392" name="Chiseled" pos="0.0 1.6 0.0" size="16 16 16" brush="MOD/brush/blocksExtended.vox" object="chiseledsandstone"/>
				</voxbox>
				<voxbox id_="1720556032" name="SmallPillar" pos="-0.8 0.0 -0.8" size="16 16 16" brush="MOD/brush/blocksExtended.vox" object="smoothsandstone">
					<voxbox id_="495220224" name="Chiseled" pos="0.0 1.6 0.0" size="16 16 16" brush="MOD/brush/blocksExtended.vox" object="chiseledsandstone"/>
				</voxbox>
				<voxbox id_="1397968256" name="SmallPillar" pos="2.4 0.0 -0.8" size="16 16 16" brush="MOD/brush/blocksExtended.vox" object="smoothsandstone">
					<voxbox id_="1253649152" name="Chiseled" pos="0.0 1.6 0.0" size="16 16 16" brush="MOD/brush/blocksExtended.vox" object="chiseledsandstone"/>
				</voxbox>
				<voxbox id_="1983633664" name="SmallPillar" pos="5.6 0.0 -0.8" size="16 16 16" brush="MOD/brush/blocksExtended.vox" object="smoothsandstone">
					<voxbox id_="629118464" name="Chiseled" pos="0.0 1.6 0.0" size="16 16 16" brush="MOD/brush/blocksExtended.vox" object="chiseledsandstone"/>
				</voxbox>
				<voxbox id_="1550741888" name="SmallPillar" pos="8.8 0.0 -0.8" size="16 16 16" brush="MOD/brush/blocksExtended.vox" object="smoothsandstone">
					<voxbox id_="71831840" name="Chiseled" pos="0.0 1.6 0.0" size="16 16 16" brush="MOD/brush/blocksExtended.vox" object="chiseledsandstone"/>
				</voxbox>
			</group>
			<group id_="181545792" name="SmallPillars" pos="-2.4 22.5 -9.6">
				<voxbox id_="759674112" name="SmallPillar" pos="-10.4 0.0 -0.8" size="16 16 16" brush="MOD/brush/blocksExtended.vox" object="smoothsandstone">
					<voxbox id_="497776288" name="Chiseled" pos="0.0 1.6 0.0" size="16 16 16" brush="MOD/brush/blocksExtended.vox" object="chiseledsandstone"/>
				</voxbox>
				<voxbox id_="816104064" name="SmallPillar" pos="-7.2 0.0 -0.8" size="16 16 16" brush="MOD/brush/blocksExtended.vox" object="smoothsandstone">
					<voxbox id_="1224614912" name="Chiseled" pos="0.0 1.6 0.0" size="16 16 16" brush="MOD/brush/blocksExtended.vox" object="chiseledsandstone"/>
				</voxbox>
				<voxbox id_="1393773696" name="SmallPillar" pos="-4.0 0.0 -0.8" size="16 16 16" brush="MOD/brush/blocksExtended.vox" object="smoothsandstone">
					<voxbox id_="648059520" name="Chiseled" pos="0.0 1.6 0.0" size="16 16 16" brush="MOD/brush/blocksExtended.vox" object="chiseledsandstone"/>
				</voxbox>
				<voxbox id_="1426150400" name="SmallPillar" pos="-0.8 0.0 -0.8" size="16 16 16" brush="MOD/brush/blocksExtended.vox" object="smoothsandstone">
					<voxbox id_="326454752" name="Chiseled" pos="0.0 1.6 0.0" size="16 16 16" brush="MOD/brush/blocksExtended.vox" object="chiseledsandstone"/>
				</voxbox>
				<voxbox id_="1833678080" name="SmallPillar" pos="2.4 0.0 -0.8" size="16 16 16" brush="MOD/brush/blocksExtended.vox" object="smoothsandstone">
					<voxbox id_="173877616" name="Chiseled" pos="0.0 1.6 0.0" size="16 16 16" brush="MOD/brush/blocksExtended.vox" object="chiseledsandstone"/>
				</voxbox>
				<voxbox id_="887083904" name="SmallPillar" pos="5.6 0.0 -0.8" size="16 16 16" brush="MOD/brush/blocksExtended.vox" object="smoothsandstone">
					<voxbox id_="1809362816" name="Chiseled" pos="0.0 1.6 0.0" size="16 16 16" brush="MOD/brush/blocksExtended.vox" object="chiseledsandstone"/>
				</voxbox>
				<voxbox id_="811909504" name="SmallPillar" pos="8.8 0.0 -0.8" size="16 16 16" brush="MOD/brush/blocksExtended.vox" object="smoothsandstone">
					<voxbox id_="1066401344" name="Chiseled" pos="0.0 1.6 0.0" size="16 16 16" brush="MOD/brush/blocksExtended.vox" object="chiseledsandstone"/>
				</voxbox>
			</group>
			<group id_="425551232" name="Side" pos="-4.0 22.5 -16.8">
				<voxbox id_="2019352960" name="sandstone" pos="-12.0 0.0 1.6" size="128 16 16" brush="MOD/brush/blocksExtended.vox" object="sandstone"/>
				<voxbox id_="722447424" name="sandstone" pos="-10.4 0.0 3.2" size="112 32 16" brush="MOD/brush/blocksExtended.vox" object="sandstone"/>
				<voxbox id_="1146950016" name="sandstone" pos="-8.8 3.2 4.8" size="96 16 16" brush="MOD/brush/blocksExtended.vox" object="sandstone"/>
				<voxbox id_="1122831232" name="sandstone" pos="-7.2 3.2 6.4" size="80 32 16" brush="MOD/brush/blocksExtended.vox" object="sandstone"/>
				<voxbox id_="197340944" name="sandstone" pos="0.8 0.0 3.2" size="96 64 16" brush="MOD/brush/blocksExtended.vox" object="sandstone"/>
				<voxbox id_="936959872" name="sandstone" pos="0.8 3.2 4.8" size="112 32 32" brush="MOD/brush/blocksExtended.vox" object="sandstone"/>
				<voxbox id_="1664978176" name="sandstone" pos="0.8 0.0 1.6" size="112 64 16" brush="MOD/brush/blocksExtended.vox" object="sandstone"/>
				<voxbox id_="320883840" name="sandstone" pos="10.4 0.0 3.2" size="16 48 16" brush="MOD/brush/blocksExtended.vox" object="sandstone"/>
			</group>
			<voxbox id_="1439782656" name="sandstone" pos="-16.0 22.5 -13.6" size="16 16 272" brush="MOD/brush/blocksExtended.vox" object="sandstone"/>
			<voxbox id_="628200896" name="sandstone" pos="-14.4 24.1 -12.0" size="16 16 240" brush="MOD/brush/blocksExtended.vox" object="sandstone"/>
			<voxbox id_="1997528064" name="sandstone" pos="-12.8 25.7 -10.4" size="16 16 208" brush="MOD/brush/blocksExtended.vox" object="sandstone"/>
			<group id_="2102326528" name="MidFloor" pos="-0.8 22.5 0.0">
				<voxbox id_="1798024320" name="sandstone" pos="-2.4 4.8 -8.8" rot="0.0 0.0 0.0" size="48 16 64" brush="MOD/brush/blocksExtended.vox" object="sandstone"/>
				<voxbox id_="1792453504" name="sandstone" pos="2.4 4.8 -8.8" rot="0.0 0.0 0.0" size="80 16 176" brush="MOD/brush/blocksExtended.vox" object="sandstone"/>
				<voxbox id_="499808032" name="sandstone" pos="-2.4 4.8 2.4" rot="0.0 0.0 0.0" size="48 16 64" brush="MOD/brush/blocksExtended.vox" object="sandstone"/>
				<voxbox id_="1831711872" name="sandstone" pos="-10.4 4.8 -8.8" rot="0.0 0.0 0.0" size="80 16 176" brush="MOD/brush/blocksExtended.vox" object="sandstone"/>
				<voxbox id_="47385420" name="smoothsandstonePillar" pos="2.4 0.0 2.4" rot="0.0 0.0 0.0" size="16 48 16" brush="MOD/brush/blocksExtended.vox" object="smoothsandstone"/>
				<voxbox id_="1302541952" name="smoothsandstonePillar" pos="-4.0 0.0 2.4" size="16 48 16" brush="MOD/brush/blocksExtended.vox" object="smoothsandstone"/>
				<voxbox id_="1781901568" name="smoothsandstonePillar" pos="-4.0 0.0 -4.0" rot="0.0 0.0 0.0" size="16 48 16" brush="MOD/brush/blocksExtended.vox" object="smoothsandstone"/>
				<voxbox id_="1479565440" name="smoothsandstonePillar" pos="2.4 0.0 -4.0" rot="0.0 0.0 0.0" size="16 48 16" brush="MOD/brush/blocksExtended.vox" object="smoothsandstone"/>
			</group>
			<group id_="426272160" name="Top" pos="-0.8 28.9 0.0">
				<voxbox id_="1914423424" name="sandstone" pos="7.2 0.0 -7.2" rot="0.0 0.0 0.0" size="16 16 144" brush="MOD/brush/blocksExtended.vox" object="sandstone"/>
				<voxbox id_="2029642752" name="sandstone" pos="2.4 0.0 7.2" rot="0.0 0.0 0.0" size="64 16 16" brush="MOD/brush/blocksExtended.vox" object="sandstone"/>
				<voxbox id_="1515940224" name="smoothsandstone" pos="0.8 0.0 7.2" rot="0.0 0.0 0.0" size="16 32 16" brush="MOD/brush/blocksExtended.vox" object="smoothsandstone"/>
				<voxbox id_="756134976" name="smoothsandstone" pos="-2.4 3.2 7.2" rot="0.0 0.0 0.0" size="48 16 16" brush="MOD/brush/blocksExtended.vox" object="smoothsandstone"/>
				<voxbox id_="675717376" name="smoothsandstone" pos="-2.4 0.0 7.2" rot="0.0 0.0 0.0" size="16 32 16" brush="MOD/brush/blocksExtended.vox" object="smoothsandstone"/>
				<voxbox id_="34146340" name="sandstone" pos="-7.2 0.0 7.2" rot="0.0 0.0 0.0" size="48 16 16" brush="MOD/brush/blocksExtended.vox" object="sandstone"/>
				<voxbox id_="863292864" name="sandstone" pos="-8.8 0.0 -8.8" size="16 16 176" brush="MOD/brush/blocksExtended.vox" object="sandstone"/>
				<voxbox id_="883085952" name="sandstone" pos="-7.2 0.0 -8.8" rot="0.0 0.0 0.0" size="48 16 16" brush="MOD/brush/blocksExtended.vox" object="sandstone"/>
				<voxbox id_="751809344" name="smoothsandstone" pos="-2.4 3.2 -8.8" rot="0.0 0.0 0.0" size="48 16 16" brush="MOD/brush/blocksExtended.vox" object="smoothsandstone"/>
				<voxbox id_="1066335808" name="smoothsandstone" pos="-2.4 0.0 -8.8" rot="0.0 0.0 0.0" size="16 32 16" brush="MOD/brush/blocksExtended.vox" object="smoothsandstone"/>
				<voxbox id_="151266320" name="smoothsandstone" pos="0.8 0.0 -8.8" rot="0.0 0.0 0.0" size="16 32 16" brush="MOD/brush/blocksExtended.vox" object="smoothsandstone"/>
				<voxbox id_="2009521920" name="sandstone" pos="2.4 0.0 -8.8" rot="0.0 0.0 0.0" size="64 16 16" brush="MOD/brush/blocksExtended.vox" object="sandstone"/>
				<voxbox id_="165226336" name="sandstone" pos="-7.2 1.6 5.6" rot="0.0 0.0 0.0" size="64 16 16" brush="MOD/brush/blocksExtended.vox" object="sandstone"/>
				<voxbox id_="782482048" name="sandstone" pos="0.8 1.6 5.6" rot="0.0 0.0 0.0" size="64 16 16" brush="MOD/brush/blocksExtended.vox" object="sandstone"/>
				<voxbox id_="1699583232" name="sandstone" pos="0.8 1.6 -7.2" rot="0.0 0.0 0.0" size="64 16 16" brush="MOD/brush/blocksExtended.vox" object="sandstone"/>
				<voxbox id_="1448499584" name="sandstone" pos="-7.2 1.6 -7.2" rot="0.0 0.0 0.0" size="64 16 16" brush="MOD/brush/blocksExtended.vox" object="sandstone"/>
				<voxbox id_="875024512" name="sandstone" pos="5.6 1.6 -5.6" rot="0.0 0.0 0.0" size="16 16 112" brush="MOD/brush/blocksExtended.vox" object="sandstone"/>
				<voxbox id_="580028992" name="sandstone" pos="-7.2 1.6 -5.6" rot="0.0 0.0 0.0" size="16 16 112" brush="MOD/brush/blocksExtended.vox" object="sandstone"/>
				<voxbox id_="2112354176" name="sandstone" pos="-2.4 3.2 5.6" rot="0.0 0.0 0.0" size="48 16 16" brush="MOD/brush/blocksExtended.vox" object="sandstone"/>
				<voxbox id_="188034256" name="sandstone" pos="-2.4 3.2 -7.2" rot="0.0 0.0 0.0" size="48 16 16" brush="MOD/brush/blocksExtended.vox" object="sandstone"/>
				<voxbox id_="1235953280" name="sandstone" pos="-5.6 3.2 -5.6" rot="0.0 0.0 0.0" size="112 16 16" brush="MOD/brush/blocksExtended.vox" object="sandstone"/>
				<voxbox id_="1847441536" name="sandstone" pos="-5.6 3.2 4.0" rot="0.0 0.0 0.0" size="112 16 16" brush="MOD/brush/blocksExtended.vox" object="sandstone"/>
				<voxbox id_="1021571968" name="sandstone" pos="-5.6 3.2 -4.0" rot="0.0 0.0 0.0" size="16 16 80" brush="MOD/brush/blocksExtended.vox" object="sandstone"/>
				<voxbox id_="904648640" name="sandstone" pos="4.0 3.2 -4.0" rot="0.0 0.0 0.0" size="16 16 80" brush="MOD/brush/blocksExtended.vox" object="sandstone"/>
				<voxbox id_="1191713792" name="sandstone" pos="2.4 4.8 -4.0" rot="0.0 0.0 0.0" size="16 16 80" brush="MOD/brush/blocksExtended.vox" object="sandstone"/>
				<voxbox id_="2022236672" name="sandstone" pos="-4.0 4.8 -4.0" rot="0.0 0.0 0.0" size="16 16 80" brush="MOD/brush/blocksExtended.vox" object="sandstone"/>
				<voxbox id_="1678544896" name="sandstone" pos="-2.4 4.8 -4.0" rot="0.0 0.0 0.0" size="48 16 16" brush="MOD/brush/blocksExtended.vox" object="sandstone"/>
				<voxbox id_="1971639808" name="sandstone" pos="-2.4 4.8 2.4" rot="0.0 0.0 0.0" size="48 16 16" brush="MOD/brush/blocksExtended.vox" object="sandstone"/>
				<voxbox id_="1498047744" name="sandstone" pos="-2.4 6.4 0.8" rot="0.0 0.0 0.0" size="48 16 16" brush="MOD/brush/blocksExtended.vox" object="sandstone"/>
				<voxbox id_="2120153472" name="sandstone" pos="-2.4 6.4 -2.4" rot="0.0 0.0 0.0" size="48 16 16" brush="MOD/brush/blocksExtended.vox" object="sandstone"/>
				<voxbox id_="1975113472" name="sandstone" pos="-2.4 6.4 -0.8" rot="0.0 0.0 0.0" size="16 16 16" brush="MOD/brush/blocksExtended.vox" object="sandstone"/>
				<voxbox id_="1928055680" name="sandstone" pos="0.8 6.4 -0.8" rot="0.0 0.0 0.0" size="16 16 16" brush="MOD/brush/blocksExtended.vox" object="sandstone"/>
			</group>
			<group id_="680698432" name="Hole" pos="-0.9 3.3 -0.1">
				<voxbox id_="209138144" name="sandstone" pos="2.5 6.4 -3.9" size="16 112 64" brush="MOD/brush/blocksExtended.vox" object="sandstone"/>
				<voxbox id_="186592384" name="sandstone" pos="-3.9 6.4 -3.9" size="64 112 16" brush="MOD/brush/blocksExtended.vox" object="sandstone"/>
				<voxbox id_="987622272" name="sandstone" pos="-3.9 6.4 -2.3" size="16 112 64" brush="MOD/brush/blocksExtended.vox" object="sandstone"/>
				<voxbox id_="1284321792" name="sandstone" pos="-2.3 6.4 2.5" size="64 112 16" brush="MOD/brush/blocksExtended.vox" object="sandstone"/>
				<voxbox id_="640587968" name="smoothsandstone" pos="-3.9 4.8 -2.3" size="16 16 64" brush="MOD/brush/blocksExtended.vox" object="smoothsandstone"/>
				<voxbox id_="305875168" name="smoothsandstone" pos="2.5 4.8 -3.9" size="16 16 64" brush="MOD/brush/blocksExtended.vox" object="smoothsandstone"/>
				<voxbox id_="2033902848" name="smoothsandstone" pos="-3.9 4.8 -3.9" size="64 16 16" brush="MOD/brush/blocksExtended.vox" object="smoothsandstone"/>
				<voxbox id_="1502504448" name="smoothsandstone" pos="-2.3 4.8 2.5" size="64 16 16" brush="MOD/brush/blocksExtended.vox" object="smoothsandstone"/>
				<group id_="478310912" name="Corner" pos="2.5 1.6 2.5">
					<voxbox id_="1340555136" name="smoothsandstone" pos="-1.6 0.0 0.0" size="16 16 16" brush="MOD/brush/blocksExtended.vox" object="smoothsandstone"/>
					<voxbox id_="62787320" name="smoothsandstone" pos="0.0 0.0 -1.6" size="16 16 16" brush="MOD/brush/blocksExtended.vox" object="smoothsandstone"/>
					<voxbox id_="1538748160" name="Chiseled" pos="0.0 1.6 -1.6" size="16 16 16" brush="MOD/brush/blocksExtended.vox" object="chiseledsandstone"/>
					<voxbox id_="947905024" name="Chiseled" pos="-1.6 1.6 -0.0" size="16 16 16" brush="MOD/brush/blocksExtended.vox" object="chiseledsandstone"/>
					<voxbox id_="501512064" name="sandstone" pos="0.0 0.0 0.0" size="16 32 16" brush="MOD/brush/blocksExtended.vox" object="sandstone"/>
				</group>
				<group id_="532774656" name="Corner" pos="2.5 1.6 -2.3" rot="0.0 90.0 0.0">
					<voxbox id_="880595456" name="smoothsandstone" pos="-1.6 0.0 0.0" size="16 16 16" brush="MOD/brush/blocksExtended.vox" object="smoothsandstone"/>
					<voxbox id_="734375680" name="smoothsandstone" pos="0.0 0.0 -1.6" size="16 16 16" brush="MOD/brush/blocksExtended.vox" object="smoothsandstone"/>
					<voxbox id_="971696064" name="Chiseled" pos="0.0 1.6 -1.6" size="16 16 16" brush="MOD/brush/blocksExtended.vox" object="chiseledsandstone"/>
					<voxbox id_="908712128" name="Chiseled" pos="-1.6 1.6 -0.0" size="16 16 16" brush="MOD/brush/blocksExtended.vox" object="chiseledsandstone"/>
					<voxbox id_="89527640" name="sandstone" pos="0.0 0.0 0.0" size="16 32 16" brush="MOD/brush/blocksExtended.vox" object="sandstone"/>
				</group>
				<group id_="1019867968" name="Corner" pos="-2.3 1.6 2.5" rot="0.0 -90.0 0.0">
					<voxbox id_="409100672" name="smoothsandstone" pos="-1.6 0.0 0.0" size="16 16 16" brush="MOD/brush/blocksExtended.vox" object="smoothsandstone"/>
					<voxbox id_="2069556608" name="smoothsandstone" pos="0.0 0.0 -1.6" size="16 16 16" brush="MOD/brush/blocksExtended.vox" object="smoothsandstone"/>
					<voxbox id_="1419661952" name="Chiseled" pos="0.0 1.6 -1.6" size="16 16 16" brush="MOD/brush/blocksExtended.vox" object="chiseledsandstone"/>
					<voxbox id_="1476812800" name="Chiseled" pos="-1.6 1.6 -0.0" size="16 16 16" brush="MOD/brush/blocksExtended.vox" object="chiseledsandstone"/>
					<voxbox id_="522550432" name="sandstone" pos="0.0 0.0 0.0" size="16 32 16" brush="MOD/brush/blocksExtended.vox" object="sandstone"/>
				</group>
				<group id_="418276288" name="Corner" pos="-2.3 1.6 -2.3" rot="0.0 180.0 0.0">
					<voxbox id_="881054208" name="smoothsandstone" pos="-1.6 0.0 0.0" size="16 16 16" brush="MOD/brush/blocksExtended.vox" object="smoothsandstone"/>
					<voxbox id_="598052480" name="smoothsandstone" pos="0.0 0.0 -1.6" size="16 16 16" brush="MOD/brush/blocksExtended.vox" object="smoothsandstone"/>
					<voxbox id_="982182464" name="Chiseled" pos="0.0 1.6 -1.6" size="16 16 16" brush="MOD/brush/blocksExtended.vox" object="chiseledsandstone"/>
					<voxbox id_="187444400" name="Chiseled" pos="-1.6 1.6 -0.0" size="16 16 16" brush="MOD/brush/blocksExtended.vox" object="chiseledsandstone"/>
					<voxbox id_="1388858112" name="sandstone" pos="0.0 0.0 0.0" size="16 32 16" brush="MOD/brush/blocksExtended.vox" object="sandstone"/>
				</group>
				<voxbox id_="355292352" name="sandstone" pos="-2.3 1.6 -5.5" size="48 32 16" brush="MOD/brush/blocksExtended.vox" object="sandstone"/>
				<voxbox id_="580160064" name="sandstone" pos="-2.3 1.6 4.1" size="48 32 16" brush="MOD/brush/blocksExtended.vox" object="sandstone"/>
				<voxbox id_="1043593408" name="sandstone" pos="-5.5 1.6 -2.3" size="16 32 48" brush="MOD/brush/blocksExtended.vox" object="sandstone"/>
				<voxbox id_="1747230848" name="sandstone" pos="4.1 1.6 -2.3" size="16 32 48" brush="MOD/brush/blocksExtended.vox" object="sandstone"/>
				<voxbox id_="1730059392" name="sandstone" pos="-3.9 -3.2 -3.9" size="80 48 80" brush="MOD/brush/blocksExtended.vox" object="sandstone"/>
				<voxbox id_="36702400" name="TNT" tags="explosive=5" pos="-2.3 -1.6 -2.3" size="48 16 48" brush="MOD/main/mcobjects.vox" object="TNT"/>
			</group>
		</group>
		<group id_="1882046592" name="Chest" pos="-2.4 -16.0 0.7">
			<vox id_="866700928" name="Chest" pos="0.0 0.0 0.1" density="3.0" prop="true" file="MOD/main/mcobjects.vox" object="ChestBase">
				<vox id_="202584144" name="Lid" pos="0.0 0.9 0.0" density="1.0" prop="true" file="MOD/main/mcobjects.vox" object="ChestLid">
					<joint id_="1928514560" pos="-0.7 0.2 0.3" rotstrength="0.05" rotspring="0.1" collide="true"/>
					<joint id_="1470848640" pos="-0.7 0.2 -0.3" rotstrength="0.05" rotspring="0.1" collide="true"/>
				</vox>
			</vox>
			<vox id_="1970328960" pos="-0.1 0.7 0.1" rot="-7.5 -36.0 -59.3" prop="true" file="MOD/main/mcobjects.vox" object="bone"/>
		</group>
		<voxbox id_="1774888704" name="Sand" pos="16.0 0.0 -8.0" density="2" strength="3" size="16 16 48" brush="MOD/brush/Solid.vox" object="Sand"/>
		<voxbox id_="641505536" name="Sand" pos="16.0 0.0 4.8" density="2" strength="3" size="16 16 48" brush="MOD/brush/Solid.vox" object="Sand"/>
		<voxbox id_="331435776" name="Sand" pos="-14.4 0.0 16.0" density="2" strength="3" size="240 16 16" brush="MOD/brush/Solid.vox" object="Sand"/>
		<voxbox id_="1557099264" name="Sand" pos="-14.4 0.0 -16.0" density="2" strength="3" size="240 16 16" brush="MOD/brush/Solid.vox" object="Sand"/>
		<group id_="427320800" name="Chest" pos="0.9 -16.0 -2.4" rot="0.0 -90.0 0.0">
			<vox id_="206909776" name="Chest" pos="0.0 0.0 0.1" density="3.0" prop="true" file="MOD/main/mcobjects.vox" object="ChestBase">
				<vox id_="289162496" name="Lid" pos="0.0 0.9 0.0" density="1.0" prop="true" file="MOD/main/mcobjects.vox" object="ChestLid">
					<joint id_="243087856" pos="-0.7 0.2 0.3" rotstrength="0.05" rotspring="0.1" collide="true"/>
					<joint id_="1166874112" pos="-0.7 0.2 -0.3" rotstrength="0.05" rotspring="0.1" collide="true"/>
				</vox>
			</vox>
			<vox id_="1541173120" pos="-0.4 0.1 0.5" prop="true" file="MOD/main/mcobjects.vox" object="Coal"/>
			<vox id_="1375881216" pos="-0.4 0.1 -0.3" prop="true" file="MOD/main/mcobjects.vox" object="Coal"/>
			<vox id_="1798679808" pos="-0.4 0.1 0.1" prop="true" file="MOD/main/mcobjects.vox" object="Coal"/>
			<vox id_="1918355840" pos="0.0 0.1 0.3" prop="true" file="MOD/main/mcobjects.vox" object="Coal"/>
			<vox id_="1646561408" pos="0.4 0.1 -0.2" prop="true" file="MOD/main/mcobjects.vox" object="Iron"/>
			<vox id_="1360741504" pos="0.0 0.1 -0.2" prop="true" file="MOD/main/mcobjects.vox" object="Iron"/>
			<vox id_="785496896" pos="0.2 0.3 -0.2" prop="true" file="MOD/main/mcobjects.vox" object="Iron"/>
		</group>
		<group id_="1903937024" name="Chest" pos="4.0 -16.0 0.9" rot="0.0 -180.0 0.0">
			<vox id_="608080128" name="Chest" pos="0.0 0.0 0.1" density="3.0" prop="true" file="MOD/main/mcobjects.vox" object="ChestBase">
				<vox id_="126557744" name="Lid" pos="0.0 0.9 0.0" density="1.0" prop="true" file="MOD/main/mcobjects.vox" object="ChestLid">
					<joint id_="1476943872" pos="-0.7 0.2 0.3" rotstrength="0.05" rotspring="0.1" collide="true"/>
					<joint id_="1876606848" pos="-0.7 0.2 -0.3" rotstrength="0.05" rotspring="0.1" collide="true"/>
				</vox>
				<vox id_="237123712" pos="0.25 0.3 -0.05" rot="3.0 23.2 30.3" prop="true" file="MOD/main/tools.vox" object="iron_hoe"/>
			</vox>
			<vox id_="1665305856" pos="-0.4 0.1 0.5" prop="true" file="MOD/main/mcobjects.vox" object="Diamond"/>
			<vox id_="341856640" pos="0.3 0.1 -0.3" prop="true" file="MOD/main/mcobjects.vox" object="Coal"/>
			<vox id_="1798548736" pos="-0.2 0.1 -0.3" prop="true" file="MOD/main/mcobjects.vox" object="Coal"/>
			<vox id_="292767168" pos="0.4 0.1 0.5" prop="true" file="MOD/main/mcobjects.vox" object="Gold"/>
			<vox id_="1267346944" pos="0.0 0.1 0.5" prop="true" file="MOD/main/mcobjects.vox" object="Gold"/>
			<vox id_="1838659200" pos="0.2 0.3 0.5" prop="true" file="MOD/main/mcobjects.vox" object="Gold"/>
		</group>
		<group id_="340152608" name="Chest" pos="0.7 -16.0 4.0" rot="0.0 90.0 0.0">
			<vox id_="337793152" name="Chest" pos="0.0 0.0 0.1" density="3.0" prop="true" file="MOD/main/mcobjects.vox" object="ChestBase">
				<vox id_="404447328" name="Lid" pos="0.0 0.9 0.0" density="1.0" prop="true" file="MOD/main/mcobjects.vox" object="ChestLid">
					<joint id_="175581664" pos="-0.7 0.2 0.3" rotstrength="0.05" rotspring="0.1" collide="true"/>
					<joint id_="1572632320" pos="-0.7 0.2 -0.3" rotstrength="0.05" rotspring="0.1" collide="true"/>
				</vox>
			</vox>
			<vox id_="894817600" pos="-0.1 0.7 0.1" rot="-7.5 -36.0 -59.3" prop="true" file="MOD/main/mcobjects.vox" object="bone"/>
			<vox id_="2138766848" pos="0.4 0.1 0.5" prop="true" file="MOD/main/mcobjects.vox" object="Iron"/>
			<vox id_="64360280" pos="0.2 0.3 0.5" prop="true" file="MOD/main/mcobjects.vox" object="Iron"/>
			<vox id_="472019072" pos="-0.0 0.1 0.5" prop="true" file="MOD/main/mcobjects.vox" object="Iron"/>
			<vox id_="571115584" pos="-0.4 0.1 -0.2" prop="true" file="MOD/main/mcobjects.vox" object="Gold"/>
		</group>
		<voxbox id_="918870784" name="PressurePlate" tags="PressurePlate" pos="0.1 -16.0 0.1" strength="3.0" size="14 1 14" brush="MOD/brush/blocks.vox" object="Stone">
			<trigger id_="777304384" name="PlateTrigger" tags="PlateTrigger" pos="0.7 0.0 0.7" type="box" size="1.6 1 1.6"/>
			<location id_="1738251904" name="TNT" tags="TNT" pos="0.7 -0.8 0.7"/>
		</voxbox>
	</group>
	<group id_="2085220608" name="Ground" pos="-10.4 20.8 15.2">
		<group id_="136781984" name="BottomLayer" pos="13.6 -1.6 -16.0">
			<voxbox id_="1824043776" name="sandstonePath" pos="-32.0 1.6 13.6" rot="0.0 0.0 0.0" size="160 16 48" brush="MOD/brush/Solid.vox" object="sandstone"/>
			<voxbox id_="883872448" name="Sand" pos="-32.0 1.6 -0.8" rot="0.0 0.0 0.0" density="2.0" strength="3" size="160 16 144" brush="MOD/brush/Solid.vox" object="Sand"/>
			<voxbox id_="2087317888" name="Sand" pos="-32.0 1.6 18.4" rot="0.0 0.0 0.0" density="2.0" strength="3" size="160 16 176" brush="MOD/brush/Solid.vox" object="Sand"/>
			<voxbox id_="312953504" name="sandstonePath" pos="-16.0 1.6 13.6" rot="0.0 0.0 0.0" size="160 16 48" brush="MOD/brush/Solid.vox" object="sandstone"/>
			<voxbox id_="449342240" name="Sand" pos="-16.0 1.6 -0.8" rot="0.0 0.0 0.0" density="2.0" strength="3" size="160 16 144" brush="MOD/brush/Solid.vox" object="Sand"/>
			<voxbox id_="739749952" name="Sand" pos="-16.0 1.6 18.4" rot="0.0 0.0 0.0" density="2.0" strength="3" size="160 16 176" brush="MOD/brush/Solid.vox" object="Sand"/>
			<voxbox id_="1974654720" name="sandstonePath" pos="0.0 1.6 16.8" rot="0.0 0.0 0.0" size="48 16 192" brush="MOD/brush/Solid.vox" object="sandstone"/>
			<voxbox id_="757183616" name="Sand" pos="4.8 1.6 -0.8" rot="0.0 0.0 0.0" density="2.0" strength="3" size="160 16 176" brush="MOD/brush/Solid.vox" object="Sand"/>
			<voxbox id_="1004466048" name="Sand" pos="4.8 1.6 16.8" rot="0.0 0.0 0.0" density="2.0" strength="3" size="160 16 192" brush="MOD/brush/Solid.vox" object="Sand"/>
			<voxbox id_="1790290688" name="sandstonePath" pos="0.0 1.6 -0.8" rot="0.0 0.0 0.0" size="48 16 176" brush="MOD/brush/Solid.vox" object="sandstone"/>
			<voxbox id_="344281632" name="sandstonePath" pos="0.0 1.6 -18.4" rot="0.0 0.0 0.0" size="48 16 176" brush="MOD/brush/Solid.vox" object="sandstone"/>
			<voxbox id_="2109470464" name="sandstonePath" pos="4.8 1.6 -18.4" rot="0.0 0.0 0.0" size="176 16 48" brush="MOD/brush/Solid.vox" object="sandstone"/>
			<voxbox id_="1875427072" name="Sand" pos="4.8 1.6 -13.6" rot="0.0 0.0 0.0" density="2.0" strength="3" size="176 16 128" brush="MOD/brush/Solid.vox" object="Sand"/>
			<voxbox id_="1147015552" name="sandstonePath" pos="22.4 1.6 -18.4" rot="0.0 0.0 0.0" size="128 16 48" brush="MOD/brush/Solid.vox" object="sandstone"/>
			<voxbox id_="1587509888" name="Sand" pos="22.4 1.6 -13.6" rot="0.0 0.0 0.0" density="2.0" strength="3" size="32 16 32" brush="MOD/brush/Solid.vox" object="Sand"/>
			<voxbox id_="708094144" name="Sand" pos="-16.0 1.6 -18.4" rot="0.0 0.0 0.0" density="2.0" strength="3" size="160 16 176" brush="MOD/brush/Solid.vox" object="Sand"/>
			<voxbox id_="817677056" name="Sand" pos="-32.0 1.6 -18.4" rot="0.0 0.0 0.0" density="2.0" strength="3" size="160 16 176" brush="MOD/brush/Solid.vox" object="Sand"/>
			<voxbox id_="1949880576" name="Sand" pos="17.6 1.6 -32.8" rot="0.0 0.0 0.0" density="2.0" strength="3" size="176 16 144" brush="MOD/brush/Solid.vox" object="Sand"/>
			<voxbox id_="1832301824" name="Sand" pos="0.0 1.6 -32.8" rot="0.0 0.0 0.0" density="2.0" strength="3" size="176 16 144" brush="MOD/brush/Solid.vox" object="Sand"/>
			<voxbox id_="583502592" name="Sand" pos="-35.2 1.6 -31.2" rot="0.0 0.0 0.0" density="2.0" strength="3" size="176 16 128" brush="MOD/brush/Solid.vox" object="Sand"/>
			<voxbox id_="457469184" name="Sand" pos="-17.6 1.6 -32.8" rot="0.0 0.0 0.0" density="2.0" strength="3" size="176 16 144" brush="MOD/brush/Solid.vox" object="Sand"/>
			<voxbox id_="1059847360" name="Sand" pos="0.0 1.6 -34.4" rot="0.0 0.0 0.0" density="2.0" strength="3" size="304 16 16" brush="MOD/brush/Solid.vox" object="Sand"/>
			<voxbox id_="468873152" name="Sand" pos="4.8 0.0 -36.0" rot="0.0 0.0 0.0" density="2.0" strength="3" size="192 32 16" brush="MOD/brush/Solid.vox" object="Sand"/>
			<voxbox id_="474116352" name="Sand" pos="35.2 1.6 -31.2" rot="0.0 0.0 0.0" density="2.0" strength="3" size="160 16 160" brush="MOD/brush/Solid.vox" object="Sand"/>
			<voxbox id_="2065230976" name="Sand" pos="35.2 1.6 -15.2" rot="0.0 0.0 0.0" density="2.0" strength="3" size="48 16 16" brush="MOD/brush/Solid.vox" object="Sand"/>
			<voxbox id_="127606384" name="Sand" pos="-48.0 1.6 -18.4" rot="0.0 0.0 0.0" density="2.0" strength="3" size="160 16 176" brush="MOD/brush/Solid.vox" object="Sand"/>
			<voxbox id_="1138691968" name="Sand" pos="-64.0 1.6 -18.4" rot="0.0 0.0 0.0" density="2.0" strength="3" size="160 16 176" brush="MOD/brush/Solid.vox" object="Sand"/>
			<voxbox id_="1624867712" name="Sand" pos="-49.6 1.6 -29.6" rot="0.0 0.0 0.0" density="2.0" strength="3" size="144 16 112" brush="MOD/brush/Solid.vox" object="Sand"/>
			<voxbox id_="643144000" name="Sand" pos="-64.0 1.6 -28.0" rot="0.0 0.0 0.0" density="2.0" strength="3" size="144 16 96" brush="MOD/brush/Solid.vox" object="Sand"/>
			<voxbox id_="135471184" name="Sand" pos="-32.0 1.6 36.0" rot="0.0 0.0 0.0" density="2.0" strength="3" size="112 16 64" brush="MOD/brush/Solid.vox" object="Sand"/>
			<voxbox id_="379542144" name="Sand" pos="-32.0 1.6 42.4" rot="0.0 0.0 0.0" density="2.0" strength="3" size="96 16 160" brush="MOD/brush/Solid.vox" object="Sand"/>
			<voxbox id_="1160320128" name="Sand" pos="-48.0 1.6 32.8" rot="0.0 0.0 0.0" density="2.0" strength="3" size="160 16 192" brush="MOD/brush/Solid.vox" object="Sand"/>
			<voxbox id_="2109732608" name="Sand" pos="-64.0 1.6 32.8" rot="0.0 0.0 0.0" density="2.0" strength="3" size="160 16 192" brush="MOD/brush/Solid.vox" object="Sand"/>
			<voxbox id_="438986912" name="Sand" pos="-48.0 1.6 52.0" rot="0.0 0.0 0.0" density="2.0" strength="3" size="160 16 208" brush="MOD/brush/Solid.vox" object="Sand"/>
			<voxbox id_="1901970816" name="Sand" pos="-64.0 1.6 52.0" rot="0.0 0.0 0.0" density="2.0" strength="3" size="160 16 208" brush="MOD/brush/Solid.vox" object="Sand"/>
			<voxbox id_="2076831488" name="Sand" pos="-32.0 1.6 58.4" rot="0.0 0.0 0.0" density="2.0" strength="3" size="80 16 144" brush="MOD/brush/Solid.vox" object="Sand"/>
			<voxbox id_="1002565376" name="Sand" pos="51.2 1.6 -31.2" rot="0.0 0.0 0.0" density="2.0" strength="3" size="144 16 144" brush="MOD/brush/Solid.vox" object="Sand"/>
			<voxbox id_="665624256" name="Sand" pos="-80.0 1.6 -28.0" rot="0.0 0.0 0.0" density="2.0" strength="3" size="160 16 208" brush="MOD/brush/Solid.vox" object="Sand"/>
			<voxbox id_="1394363520" name="Sand" pos="-80.0 1.6 -7.2" rot="0.0 0.0 0.0" density="2.0" strength="3" size="160 16 208" brush="MOD/brush/Solid.vox" object="Sand"/>
			<voxbox id_="2130770944" name="Sand" pos="-80.0 1.6 34.4" rot="0.0 0.0 0.0" density="2.0" strength="3" size="160 16 208" brush="MOD/brush/Solid.vox" object="Sand"/>
			<voxbox id_="1029567872" name="Sand" pos="-80.0 1.6 13.6" rot="0.0 0.0 0.0" density="2.0" strength="3" size="160 16 208" brush="MOD/brush/Solid.vox" object="Sand"/>
			<voxbox id_="1222845312" name="Sand" pos="-80.0 1.6 55.2" rot="0.0 0.0 0.0" density="2.0" strength="3" size="160 16 176" brush="MOD/brush/Solid.vox" object="Sand"/>
		</group>
		<group id_="1501193728" name="River" pos="21.5 -3.2 -50.4" rot="0.0 0.0 0.0">
			<voxbox id_="109255184" name="Sand" pos="-43.1 0.0 1.6" rot="0.0 0.0 0.0" density="2.0" strength="3" size="192 32 16" brush="MOD/brush/Solid.vox" object="Sand"/>
			<voxbox id_="1392397312" name="Sand" pos="-25.5 0.0 0.0" rot="0.0 0.0 0.0" density="2.0" strength="3" size="192 32 16" brush="MOD/brush/Solid.vox" object="Sand"/>
			<voxbox id_="1874968320" name="Sand" pos="-7.9 0.0 -1.6" rot="0.0 0.0 0.0" density="2.0" strength="3" size="48 32 16" brush="MOD/brush/Solid.vox" object="Sand"/>
			<voxbox id_="491746624" name="Sand" pos="-4.7 0.0 -3.2" rot="0.0 0.0 0.0" density="2.0" strength="3" size="224 32 16" brush="MOD/brush/Solid.vox" object="Sand"/>
			<voxbox id_="1920977408" name="Sand" pos="16.1 0.0 -1.6" rot="0.0 0.0 0.0" density="2.0" strength="3" size="96 32 16" brush="MOD/brush/Solid.vox" object="Sand"/>
			<voxbox id_="317868992" name="Sand" pos="20.9 0.0 0.0" rot="0.0 0.0 0.0" density="2.0" strength="3" size="80 32 16" brush="MOD/brush/Solid.vox" object="Sand"/>
			<voxbox id_="451701696" name="Sand" pos="25.7 0.0 1.6" rot="0.0 0.0 0.0" density="2.0" strength="3" size="320 32 16" brush="MOD/brush/Solid.vox" object="Sand"/>
			<voxbox id_="890819712" name="Sand" pos="-57.5 0.0 3.2" rot="0.0 0.0 0.0" density="2.0" strength="3" size="160 32 16" brush="MOD/brush/Solid.vox" object="Sand"/>
			<voxbox id_="1869462912" name="Sand" pos="-87.9 0.0 4.8" rot="0.0 0.0 0.0" density="2.0" strength="3" size="320 32 16" brush="MOD/brush/Solid.vox" object="Sand"/>
			<voxbox id_="863489472" name="Sand" pos="28.9 -1.6 0.0" rot="0.0 0.0 0.0" density="2.0" strength="3" size="288 32 16" brush="MOD/brush/Solid.vox" object="Sand"/>
			<voxbox id_="309742048" name="Sand" pos="25.7 -1.6 -1.6" rot="0.0 0.0 0.0" density="2.0" strength="3" size="80 32 16" brush="MOD/brush/Solid.vox" object="Sand"/>
			<voxbox id_="915266112" name="Sand" pos="17.7 -1.6 -3.2" rot="0.0 0.0 0.0" density="2.0" strength="3" size="112 32 16" brush="MOD/brush/Solid.vox" object="Sand"/>
			<voxbox id_="123870600" name="Sand" pos="-6.3 -1.6 -4.8" rot="0.0 0.0 0.0" density="2.0" strength="3" size="256 32 16" brush="MOD/brush/Solid.vox" object="Sand"/>
			<voxbox id_="35522680" name="Sand" pos="-14.3 -1.6 -3.2" rot="0.0 0.0 0.0" density="2.0" strength="3" size="96 32 16" brush="MOD/brush/Solid.vox" object="Sand"/>
			<voxbox id_="661036416" name="Sand" pos="-30.3 -1.6 -1.6" rot="0.0 0.0 0.0" density="2.0" strength="3" size="224 32 16" brush="MOD/brush/Solid.vox" object="Sand"/>
			<voxbox id_="93132336" name="Sand" pos="-44.7 -1.6 0.0" rot="0.0 0.0 0.0" density="2.0" strength="3" size="192 32 16" brush="MOD/brush/Solid.vox" object="Sand"/>
			<voxbox id_="856214528" name="Sand" pos="-59.1 -1.6 1.6" rot="0.0 0.0 0.0" density="2.0" strength="3" size="160 32 16" brush="MOD/brush/Solid.vox" object="Sand"/>
			<voxbox id_="1294152832" name="Sand" pos="-87.9 -1.6 3.2" rot="0.0 0.0 0.0" density="2.0" strength="3" size="304 32 16" brush="MOD/brush/Solid.vox" object="Sand"/>
			<voxbox id_="1324497920" name="Sand" pos="-3.1 -1.6 -6.4" rot="0.0 0.0 0.0" density="2.0" strength="3" size="192 32 16" brush="MOD/brush/Solid.vox" object="Sand"/>
		</group>
		<group id_="435644384" name="TopLayer" pos="31.2 0.0 4.8">
			<voxbox id_="1522297600" name="Sand" pos="28.8 1.6 -37.6" rot="0.0 0.0 0.0" density="2.0" strength="3" size="48 16 16" brush="MOD/brush/Solid.vox" object="Sand"/>
			<voxbox id_="410345952" name="Sand" pos="22.4 1.6 -36.0" rot="0.0 0.0 0.0" density="2.0" strength="3" size="112 16 16" brush="MOD/brush/Solid.vox" object="Sand"/>
			<voxbox id_="1626506240" name="Sand" pos="17.6 1.6 -34.4" rot="0.0 0.0 0.0" density="2.0" strength="3" size="160 16 192" brush="MOD/brush/Solid.vox" object="Sand"/>
			<voxbox id_="1702270464" name="sandstonePath" pos="12.8 0.0 -34.4" rot="0.0 0.0 0.0" size="48 24 16" brush="MOD/brush/Solid.vox" object="sandstone" offset="0 8 0"/>
			<voxbox id_="1671663232" name="sandstonePath" tags="indestructable" pos="12.8 1.6 -32.8" rot="0.0 0.0 0.0" size="48 16 128" brush="MOD/brush/Solid.vox" object="sandstone"/>
			<voxbox id_="2135227648" name="Sand" pos="8.0 0.0 -34.4" rot="0.0 0.0 0.0" density="2.0" strength="3" size="48 32 16" brush="MOD/brush/Solid.vox" object="Sand"/>
			<voxbox id_="1222124416" name="Sand" pos="4.8 1.6 -32.8" rot="0.0 0.0 0.0" density="2.0" strength="3" size="80 16 32" brush="MOD/brush/Solid.vox" object="Sand"/>
			<voxbox id_="40896960" name="Sand" pos="3.2 1.6 -29.6" rot="0.0 0.0 0.0" density="2.0" strength="3" size="96 16 80" brush="MOD/brush/Solid.vox" object="Sand"/>
			<voxbox id_="582650624" name="Sand" pos="1.6 1.6 -21.6" rot="0.0 0.0 0.0" density="2.0" strength="3" size="112 16 176" brush="MOD/brush/Solid.vox" object="Sand"/>
			<voxbox id_="23463320" name="sandstonePath" pos="12.8 1.6 -20.0" rot="0.0 0.0 0.0" size="48 16 208" brush="MOD/brush/Solid.vox" object="sandstone"/>
			<voxbox id_="1708758912" name="Sand" pos="17.6 1.6 -15.2" rot="0.0 0.0 0.0" density="2.0" strength="3" size="160 16 176" brush="MOD/brush/Solid.vox" object="Sand"/>
			<voxbox id_="1532652928" name="Sand" pos="1.6 1.6 -4.0" rot="0.0 0.0 0.0" density="2.0" strength="3" size="112 16 176" brush="MOD/brush/Solid.vox" object="Sand"/>
			<voxbox id_="1433425280" name="sandstonePath" pos="12.8 1.6 0.8" rot="0.0 0.0 0.0" size="48 16 208" brush="MOD/brush/Solid.vox" object="sandstone"/>
			<voxbox id_="612274688" name="Sand" pos="17.6 1.6 2.4" rot="0.0 0.0 0.0" density="2.0" strength="3" size="160 16 176" brush="MOD/brush/Solid.vox" object="Sand"/>
			<voxbox id_="2105472512" name="Sand" pos="17.6 1.6 20.0" rot="0.0 0.0 0.0" density="2.0" strength="3" size="160 16 176" brush="MOD/brush/Solid.vox" object="Sand"/>
			<voxbox id_="679780864" name="Sand" pos="3.2 1.6 26.4" rot="0.0 0.0 0.0" density="2.0" strength="3" size="144 16 112" brush="MOD/brush/Solid.vox" object="Sand"/>
			<voxbox id_="2095969152" name="sandstonePath" pos="3.2 1.6 21.6" rot="0.0 0.0 0.0" size="144 16 48" brush="MOD/brush/Solid.vox" object="sandstone"/>
			<voxbox id_="317148064" name="Sand" pos="-1.6 1.6 13.6" rot="0.0 0.0 0.0" density="2.0" strength="3" size="144 16 80" brush="MOD/brush/Solid.vox" object="Sand"/>
			<voxbox id_="1111361792" name="sandstonePath" pos="-1.6 1.6 21.6" rot="0.0 0.0 0.0" size="48 16 160" brush="MOD/brush/Solid.vox" object="sandstone"/>
			<voxbox id_="171649264" name="Sand" pos="-12.8 1.6 13.6" rot="0.0 0.0 0.0" density="2.0" strength="3" size="112 16 192" brush="MOD/brush/Solid.vox" object="Sand"/>
			<voxbox id_="1559852032" name="sandstonePath" pos="-17.6 1.6 15.2" rot="0.0 0.0 0.0" size="48 16 176" brush="MOD/brush/Solid.vox" object="sandstone"/>
			<voxbox id_="675782912" name="sandstonePath" pos="-17.6 1.6 32.8" rot="0.0 0.0 0.0" size="160 16 48" brush="MOD/brush/Solid.vox" object="sandstone"/>
			<voxbox id_="1771677312" name="Sand" pos="-33.6 1.6 13.6" rot="0.0 0.0 0.0" density="2.0" strength="3" size="160 16 240" brush="MOD/brush/Solid.vox" object="Sand"/>
			<voxbox id_="1282945536" name="sandstonePath" pos="-17.6 1.6 13.6" rot="0.0 0.0 0.0" size="48 8 16" brush="MOD/brush/Solid.vox" object="sandstone" offset="0 8 0"/>
			<voxbox id_="2050550016" name="Sand" pos="0.0 1.6 8.8" rot="0.0 0.0 0.0" density="2.0" strength="3" size="16 16 48" brush="MOD/brush/Solid.vox" object="Sand"/>
			<voxbox id_="677028224" name="Sand" pos="-38.4 1.6 15.2" rot="0.0 0.0 0.0" density="2.0" strength="3" size="48 16 224" brush="MOD/brush/Solid.vox" object="Sand"/>
			<voxbox id_="222115056" name="Sand" pos="-40.0 1.6 16.8" rot="0.0 0.0 0.0" density="2.0" strength="3" size="16 16 208" brush="MOD/brush/Solid.vox" object="Sand"/>
			<voxbox id_="18351200" name="Sand" pos="-41.6 1.6 21.6" rot="0.0 0.0 0.0" density="2.0" strength="3" size="16 16 160" brush="MOD/brush/Solid.vox" object="Sand"/>
			<voxbox id_="33032160" name="Sand" pos="-43.2 1.6 37.6" rot="0.0 0.0 0.0" density="2.0" strength="3" size="192 16 144" brush="MOD/brush/Solid.vox" object="Sand"/>
			<voxbox id_="387275872" name="Sand" pos="-24.0 1.6 37.6" rot="0.0 0.0 0.0" density="2.0" strength="3" size="192 16 144" brush="MOD/brush/Solid.vox" object="Sand"/>
			<voxbox id_="180824864" name="Sand" pos="14.4 1.6 37.6" rot="0.0 0.0 0.0" density="2.0" strength="3" size="192 16 144" brush="MOD/brush/Solid.vox" object="Sand"/>
			<voxbox id_="2116810880" name="Sand" pos="-4.8 1.6 37.6" rot="0.0 0.0 0.0" density="2.0" strength="3" size="192 16 144" brush="MOD/brush/Solid.vox" object="Sand"/>
			<voxbox id_="620860416" name="Sand" pos="33.6 1.6 32.8" rot="0.0 0.0 0.0" density="2.0" strength="3" size="144 16 192" brush="MOD/brush/Solid.vox" object="Sand"/>
			<voxbox id_="218051584" name="Sand" pos="33.6 1.6 13.6" rot="0.0 0.0 0.0" density="2.0" strength="3" size="144 16 192" brush="MOD/brush/Solid.vox" object="Sand"/>
			<voxbox id_="1075970176" name="Sand" pos="33.6 1.6 -5.6" rot="0.0 0.0 0.0" density="2.0" strength="3" size="144 16 192" brush="MOD/brush/Solid.vox" object="Sand"/>
			<voxbox id_="1611956352" name="Sand" pos="33.6 1.6 -39.2" rot="0.0 0.0 0.0" density="2.0" strength="3" size="144 16 144" brush="MOD/brush/Solid.vox" object="Sand"/>
			<voxbox id_="218706976" name="Sand" pos="33.6 1.6 -24.8" rot="0.0 0.0 0.0" density="2.0" strength="3" size="144 16 192" brush="MOD/brush/Solid.vox" object="Sand"/>
		</group>
	</group>
	<group id_="1249585664" name="Buildings" pos="20.0 17.5 12.7">
		<instance id_="1902953856" pos="-22.4 6.5 32.9" rot="0.0 90.0 0.0" file="MOD/DesertBuildings/2Bed1Chest.xml"/>
		<instance id_="573802688" pos="-22.4 4.9 15.3" rot="0.0 0.0 0.0" file="MOD/DesertBuildings/CactusGarden.xml"/>
		<instance id_="1056635904" pos="-13.6 4.9 -37.5" rot="0.0 -90.0 0.0" file="MOD/DesertBuildings/AnimalPen.xml"/>
		<instance id_="3539160" pos="-24.0 0.1 -21.6" rot="0.0 90.0 0.0" file="MOD/DesertBuildings/BasementHouse.xml"/>
		<instance id_="1346584832" pos="24.0 6.5 -2.29999" rot="0.0 -90.0 0.0" file="MOD/DesertBuildings/BlastFurnaceHouse.xml"/>
		<instance id_="456879328" pos="-7.9 3.3 -8.7" rot="0.0 -90.0 0.0" file="MOD/DesertBuildings/SmallHouseA.xml"/>
		<instance id_="519666656" pos="-22.4 3.3 -5.6" rot="0.0 0.0 0.0" file="MOD/DesertBuildings/SmallHouseB.xml"/>
		<instance id_="708421888" pos="-6.3 3.3 13.7" rot="0.0 -90.0 0.0" file="MOD/DesertBuildings/SmallHouseC.xml"/>
		<instance id_="1568175616" pos="9.6 4.9 39.2" rot="0.0 180.0 0.0" file="MOD/DesertBuildings/SmallHouseD.xml"/>
		<instance id_="1646626944" pos="24.0 4.9 28.1" rot="0.0 -90.0 0.0" file="MOD/DesertBuildings/PorchHouse.xml"/>
		<instance id_="1573222144" pos="9.6 6.5 18.5" rot="0.0 90.0 0.0" file="MOD/DesertBuildings/AnimalShed.xml"/>
		<instance id_="2011684736" pos="-6.4 3.3 2.5" rot="0.0 -90.0 0.0" file="MOD/DesertBuildings/Librarian.xml"/>
		<instance id_="1022424000" pos="-5.6 3.3 -22.3" rot="0.0 180.0 0.0" file="MOD/DesertBuildings/ManyDoor2Floor.xml"/>
		<instance id_="1108346880" pos="-6.4 6.4 34.49999" rot="0.0 -90.0 0.0" file="MOD/DesertBuildings/Cartographer.xml"/>
		<instance id_="865914496" pos="8.0 6.5 2.5" rot="0.0 90.0 0.0" file="MOD/DesertBuildings/Tower.xml"/>
		<instance id_="951313088" pos="28.8 6.5 -16.7" rot="0.0 90.0 0.0" file="MOD/DesertBuildings/CactusGarden.xml"/>
		<instance id_="1758307072" pos="24.1 4.9 13.7" rot="0.0 -90.0 0.0" file="MOD/DesertBuildings/SmallHouseC.xml"/>
		<instance id_="533364512" pos="9.6 4.9 -37.5" rot="0.0 0.0 0.0" file="MOD/DesertBuildings/2Bed1Chest.xml"/>
	</group>
	<group id_="1942540032" name="Cacti" pos="11.2 22.4 11.9">
		<voxbox id_="2098721920" name="Cactus2" pos="-25.6 0.0 16.9" strength="2.0" size="16 32 16" brush="MOD/Parts/DesertPlants.vox" object="cactus" offset="0 16 0"/>
		<voxbox id_="1943981952" name="Cactus3" pos="-35.2 0.0 7.3" strength="2.0" size="16 48 16" brush="MOD/Parts/DesertPlants.vox" object="cactus"/>
		<voxbox id_="884462272" name="Cactus3" pos="-25.6 0.0 -8.7" strength="2.0" size="16 48 16" brush="MOD/Parts/DesertPlants.vox" object="cactus"/>
		<voxbox id_="455175296" name="Cactus2" pos="-36.8 0.0 -18.3" strength="2.0" size="16 32 16" brush="MOD/Parts/DesertPlants.vox" object="cactus" offset="0 16 0"/>
		<voxbox id_="1412059264" name="Cactus3" pos="-20.8 0.0 -35.9" strength="2.0" size="16 48 16" brush="MOD/Parts/DesertPlants.vox" object="cactus"/>
		<voxbox id_="382163744" name="Cactus2" pos="8.0 0.0 -42.3" strength="2.0" size="16 32 16" brush="MOD/Parts/DesertPlants.vox" object="cactus" offset="0 16 0"/>
		<voxbox id_="825738432" name="Cactus2" pos="35.2 0.0 -32.7" strength="2.0" size="16 32 16" brush="MOD/Parts/DesertPlants.vox" object="cactus" offset="0 16 0"/>
		<voxbox id_="1855175296" name="Cactus3" pos="14.4 1.6 -10.3" strength="2.0" size="16 48 16" brush="MOD/Parts/DesertPlants.vox" object="cactus"/>
		<voxbox id_="1346715904" name="Cactus3" pos="3.2 1.6 24.9" strength="2.0" size="16 48 16" brush="MOD/Parts/DesertPlants.vox" object="cactus"/>
		<voxbox id_="2076372736" name="Cactus2" pos="35.2 1.6 40.9" strength="2.0" size="16 32 16" brush="MOD/Parts/DesertPlants.vox" object="cactus" offset="0 16 0"/>
		<voxbox id_="812958144" name="Cactus2" pos="-20.8 1.6 39.3" strength="2.0" size="16 32 16" brush="MOD/Parts/DesertPlants.vox" object="cactus" offset="0 16 0"/>
		<voxbox id_="1509517312" name="Cactus2" pos="8.0 0.0 8.9" strength="2.0" size="16 32 16" brush="MOD/Parts/DesertPlants.vox" object="cactus" offset="0 16 0"/>
		<voxbox id_="263929584" name="Cactus3" pos="49.6 1.6 10.5" strength="2.0" size="16 48 16" brush="MOD/Parts/DesertPlants.vox" object="cactus"/>
		<voxbox id_="1182210560" name="Cactus3" pos="-52.8 0.0 31.3" strength="2.0" size="16 48 16" brush="MOD/Parts/DesertPlants.vox" object="cactus"/>
		<voxbox id_="1034876608" name="Cactus2" pos="-43.2 0.0 40.9" strength="2.0" size="16 32 16" brush="MOD/Parts/DesertPlants.vox" object="cactus" offset="0 16 0"/>
		<voxbox id_="1656589056" name="Cactus3" pos="-68.8 0.0 52.1" strength="2.0" size="16 48 16" brush="MOD/Parts/DesertPlants.vox" object="cactus"/>
		<voxbox id_="1908852480" name="Cactus2" pos="-76.8 0.0 39.3" strength="2.0" size="16 32 16" brush="MOD/Parts/DesertPlants.vox" object="cactus" offset="0 16 0"/>
		<voxbox id_="1216094720" name="Cactus2" pos="-80.0 0.0 -37.5" strength="2.0" size="16 32 16" brush="MOD/Parts/DesertPlants.vox" object="cactus" offset="0 16 0"/>
		<voxbox id_="352539648" name="Cactus3" pos="-44.8 0.0 -31.1" strength="2.0" size="16 48 16" brush="MOD/Parts/DesertPlants.vox" object="cactus"/>
		<voxbox id_="1156649984" name="Cactus2" pos="-65.60001 0.0 -21.5" strength="2.0" size="16 32 16" brush="MOD/Parts/DesertPlants.vox" object="cactus" offset="0 16 0"/>
		<voxbox id_="1569420800" name="Cactus3" pos="-84.8 0.0 -2.3" strength="2.0" size="16 48 16" brush="MOD/Parts/DesertPlants.vox" object="cactus"/>
		<voxbox id_="131932016" name="Cactus3" pos="8.0 1.6 55.3" strength="2.0" size="16 48 16" brush="MOD/Parts/DesertPlants.vox" object="cactus"/>
	</group>
	<group id_="261045824" name="Dead Bushes" pos="22.4 22.4 19.9">
		<vox id_="756462656" name="DeadBush" pos="-44.0 0.0 -12.7" rot="0.0 -45.0 0.0" file="MOD/Parts/DesertPlants.vox" object="deadbush"/>
		<vox id_="1042675840" name="DeadBush" pos="-36.0 0.0 -33.5" rot="0.0 -45.0 0.0" file="MOD/Parts/DesertPlants.vox" object="deadbush"/>
		<vox id_="493647296" name="DeadBush" pos="-5.6 0.0 -39.9" rot="0.0 -45.0 0.0" file="MOD/Parts/DesertPlants.vox" object="deadbush"/>
		<vox id_="1723243264" name="DeadBush" pos="-7.2 0.0 -22.3" rot="0.0 -45.0 0.0" file="MOD/Parts/DesertPlants.vox" object="deadbush"/>
		<vox id_="228013664" name="DeadBush" pos="0.8 0.0 -30.3" rot="0.0 -45.0 0.0" file="MOD/Parts/DesertPlants.vox" object="deadbush"/>
		<vox id_="1193352320" name="DeadBush" pos="7.2 1.6 -27.1" rot="0.0 -45.0 0.0" file="MOD/Parts/DesertPlants.vox" object="deadbush"/>
		<vox id_="852019968" name="DeadBush" pos="2.4 1.6 -12.7" rot="0.0 -45.0 0.0" file="MOD/Parts/DesertPlants.vox" object="deadbush"/>
		<vox id_="262422160" name="DeadBush" pos="-0.8 1.6 12.9" rot="0.0 -45.0 0.0" file="MOD/Parts/DesertPlants.vox" object="deadbush"/>
		<vox id_="1373456256" name="DeadBush" pos="20.0 1.6 14.5" rot="0.0 -45.0 0.0" file="MOD/Parts/DesertPlants.vox" object="deadbush"/>
		<vox id_="744468864" name="DeadBush" pos="26.4 1.6 -1.5" rot="0.0 -45.0 0.0" file="MOD/Parts/DesertPlants.vox" object="deadbush"/>
		<vox id_="965338688" name="DeadBush" pos="23.2 1.6 -33.5" rot="0.0 -45.0 0.0" file="MOD/Parts/DesertPlants.vox" object="deadbush"/>
		<vox id_="1950470400" name="DeadBush" pos="16.8 0.0 -44.7" rot="0.0 -45.0 0.0" file="MOD/Parts/DesertPlants.vox" object="deadbush"/>
		<vox id_="501053312" name="DeadBush" pos="-20.0 0.0 -14.3" rot="0.0 -45.0 0.0" file="MOD/Parts/DesertPlants.vox" object="deadbush"/>
		<vox id_="1911080832" name="DeadBush" pos="-23.2 1.6 16.1" rot="0.0 -45.0 0.0" file="MOD/Parts/DesertPlants.vox" object="deadbush"/>
		<vox id_="524516608" name="DeadBush" pos="-10.4 1.6 20.9" rot="0.0 -45.0 0.0" file="MOD/Parts/DesertPlants.vox" object="deadbush"/>
		<vox id_="961930560" name="DeadBush" pos="-2.4 1.6 19.3" rot="0.0 -45.0 0.0" file="MOD/Parts/DesertPlants.vox" object="deadbush"/>
		<vox id_="1147736448" name="DeadBush" pos="15.2 1.6 27.3" rot="0.0 -45.0 0.0" file="MOD/Parts/DesertPlants.vox" object="deadbush"/>
		<vox id_="1632732416" name="DeadBush" pos="4.0 1.6 40.1" rot="0.0 -45.0 0.0" file="MOD/Parts/DesertPlants.vox" object="deadbush"/>
		<vox id_="1548644608" name="DeadBush" pos="-15.2 1.6 49.7" rot="0.0 -45.0 0.0" file="MOD/Parts/DesertPlants.vox" object="deadbush"/>
		<vox id_="590580928" name="DeadBush" pos="-39.2 1.6 43.3" rot="0.0 -45.0 0.0" file="MOD/Parts/DesertPlants.vox" object="deadbush"/>
		<vox id_="369645600" name="DeadBush" pos="29.6 1.6 43.3" rot="0.0 -45.0 0.0" file="MOD/Parts/DesertPlants.vox" object="deadbush"/>
		<vox id_="1886306688" name="DeadBush" pos="34.4 1.6 30.5" rot="0.0 -45.0 0.0" file="MOD/Parts/DesertPlants.vox" object="deadbush"/>
		<vox id_="1826599808" name="DeadBush" pos="40.8 1.6 17.7" rot="0.0 -45.0 0.0" file="MOD/Parts/DesertPlants.vox" object="deadbush"/>
		<vox id_="1292055552" name="DeadBush" pos="32.8 1.6 9.7" rot="0.0 -45.0 0.0" file="MOD/Parts/DesertPlants.vox" object="deadbush"/>
		<vox id_="158344640" name="DeadBush" pos="36.0 1.6 -30.3" rot="0.0 -45.0 0.0" file="MOD/Parts/DesertPlants.vox" object="deadbush"/>
		<vox id_="1777903616" name="DeadBush" pos="34.4 1.6 -9.5" rot="0.0 -45.0 0.0" file="MOD/Parts/DesertPlants.vox" object="deadbush"/>
		<vox id_="1887355392" name="DeadBush" pos="40.8 1.6 -4.7" rot="0.0 -45.0 0.0" file="MOD/Parts/DesertPlants.vox" object="deadbush"/>
		<vox id_="101652544" name="DeadBush" pos="44.00001 1.6 -22.3" rot="0.0 -45.0 0.0" file="MOD/Parts/DesertPlants.vox" object="deadbush"/>
		<vox id_="1275736064" name="DeadBush" pos="31.2 0.0 -49.5" rot="0.0 -45.0 0.0" file="MOD/Parts/DesertPlants.vox" object="deadbush"/>
		<vox id_="1060043968" name="DeadBush" pos="39.20001 0.0 -41.5" rot="0.0 -45.0 0.0" file="MOD/Parts/DesertPlants.vox" object="deadbush"/>
		<vox id_="1582659968" name="DeadBush" pos="-92.00001 0.0 -30.3" rot="0.0 -45.0 0.0" file="MOD/Parts/DesertPlants.vox" object="deadbush"/>
		<vox id_="2027479936" name="DeadBush" pos="-83.99999 0.0 -22.3" rot="0.0 -45.0 0.0" file="MOD/Parts/DesertPlants.vox" object="deadbush"/>
		<vox id_="911792512" name="DeadBush" pos="-93.60001 0.0 -6.3" rot="0.0 -45.0 0.0" file="MOD/Parts/DesertPlants.vox" object="deadbush"/>
		<vox id_="195702432" name="DeadBush" pos="-87.20001 0.0 3.3" rot="0.0 -45.0 0.0" file="MOD/Parts/DesertPlants.vox" object="deadbush"/>
		<vox id_="56692100" name="DeadBush" pos="-96.80001 0.0 9.7" rot="0.0 -45.0 0.0" file="MOD/Parts/DesertPlants.vox" object="deadbush"/>
		<vox id_="296240800" name="DeadBush" pos="-79.20001 0.0 17.7" rot="0.0 -45.0 0.0" file="MOD/Parts/DesertPlants.vox" object="deadbush"/>
		<vox id_="439511232" name="DeadBush" pos="-60.00001 0.0 36.9" rot="0.0 -45.0 0.0" file="MOD/Parts/DesertPlants.vox" object="deadbush"/>
		<vox id_="537952320" name="DeadBush" pos="-66.40001 0.0 27.3" rot="0.0 -45.0 0.0" file="MOD/Parts/DesertPlants.vox" object="deadbush"/>
		<vox id_="1799531776" name="DeadBush" pos="-69.60002 0.0 43.3" rot="0.0 -45.0 0.0" file="MOD/Parts/DesertPlants.vox" object="deadbush"/>
		<vox id_="883020416" name="DeadBush" pos="-50.40001 0.0 19.3" rot="0.0 -45.0 0.0" file="MOD/Parts/DesertPlants.vox" object="deadbush"/>
		<vox id_="1634502016" name="DeadBush" pos="-37.60001 0.0 1.7" rot="0.0 -45.0 0.0" file="MOD/Parts/DesertPlants.vox" object="deadbush"/>
		<vox id_="1472683776" name="DeadBush" pos="-92.00002 0.0 36.9" rot="0.0 -45.0 0.0" file="MOD/Parts/DesertPlants.vox" object="deadbush"/>
		<vox id_="1672908544" name="DeadBush" pos="-61.60001 0.0 -38.3" rot="0.0 -45.0 0.0" file="MOD/Parts/DesertPlants.vox" object="deadbush"/>
		<vox id_="2066017408" name="DeadBush" pos="-71.20001 0.0 -31.9" rot="0.0 -45.0 0.0" file="MOD/Parts/DesertPlants.vox" object="deadbush"/>
		<vox id_="1378437248" name="DeadBush" pos="-68.00002 0.0 -47.9" rot="0.0 -45.0 0.0" file="MOD/Parts/DesertPlants.vox" object="deadbush"/>
		<vox id_="1109198976" name="DeadBush" pos="-53.60001 0.0 -23.9" rot="0.0 -45.0 0.0" file="MOD/Parts/DesertPlants.vox" object="deadbush"/>
		<vox id_="602181504" name="DeadBush" pos="-44.00001 0.0 -46.3" rot="0.0 -45.0 0.0" file="MOD/Parts/DesertPlants.vox" object="deadbush"/>
	</group>
	<group id_="1904002560" name="SugarCane" pos="7.1 19.2 -36.9">
		<voxbox id_="1951650176" name="Sugarcane 3" pos="-2.1 0.0 -2.9" rot="0.0 -45.0 0.0" strength="2.0" size="16 48 1" brush="MOD/brush/blocksExtended.vox" object="sugarcane" offset="0 16 0">
			<voxbox id_="1689293440" name="Sugarcane" pos="0.9 0.0 -0.8" rot="0.0 -90.0 0.0" strength="2.0" size="16 48 1" brush="MOD/brush/blocksExtended.vox" object="sugarcane" offset="0 16 0"/>
		</voxbox>
		<voxbox id_="939712512" name="Sugarcane 3" pos="-22.9 0.0 0.3" rot="0.0 -45.0 0.0" strength="2.0" size="16 48 1" brush="MOD/brush/blocksExtended.vox" object="sugarcane" offset="0 16 0">
			<voxbox id_="1800580480" name="Sugarcane" pos="0.9 0.0 -0.8" rot="0.0 -90.0 0.0" strength="2.0" size="16 48 1" brush="MOD/brush/blocksExtended.vox" object="sugarcane" offset="0 16 0"/>
		</voxbox>
		<voxbox id_="1368999552" name="Sugarcane 2" pos="-21.3 0.0 0.3" rot="0.0 -45.0 0.0" strength="2.0" size="16 32 1" brush="MOD/brush/blocksExtended.vox" object="sugarcane" offset="0 16 0">
			<voxbox id_="233715648" name="Sugarcane" pos="0.9 0.0 -0.8" rot="0.0 -90.0 0.0" strength="2.0" size="16 32 1" brush="MOD/brush/blocksExtended.vox" object="sugarcane" offset="0 16 0"/>
		</voxbox>
		<voxbox id_="594775488" name="Sugarcane 2" pos="52.29999 0.0 1.9" rot="0.0 -45.0 0.0" strength="2.0" size="16 32 1" brush="MOD/brush/blocksExtended.vox" object="sugarcane" offset="0 16 0">
			<voxbox id_="1701483904" name="Sugarcane" pos="0.9 0.0 -0.8" rot="0.0 -90.0 0.0" strength="2.0" size="16 32 1" brush="MOD/brush/blocksExtended.vox" object="sugarcane" offset="0 16 0"/>
		</voxbox>
		<voxbox id_="30869340" name="Sugarcane 2" pos="-53.3 0.0 3.5" rot="0.0 -45.0 0.0" strength="2.0" size="16 32 1" brush="MOD/brush/blocksExtended.vox" object="sugarcane" offset="0 16 0">
			<voxbox id_="2054679040" name="Sugarcane" pos="0.9 0.0 -0.8" rot="0.0 -90.0 0.0" strength="2.0" size="16 32 1" brush="MOD/brush/blocksExtended.vox" object="sugarcane" offset="0 16 0"/>
		</voxbox>
		<voxbox id_="107157904" name="Sugarcane 2" pos="15.49999 0.0 -4.5" rot="0.0 -45.0 0.0" strength="2.0" size="16 32 1" brush="MOD/brush/blocksExtended.vox" object="sugarcane" offset="0 16 0">
			<voxbox id_="21824820" name="Sugarcane" pos="0.9 0.0 -0.8" rot="0.0 -90.0 0.0" strength="2.0" size="16 32 1" brush="MOD/brush/blocksExtended.vox" object="sugarcane" offset="0 16 0"/>
		</voxbox>
		<voxbox id_="1299330560" name="Sugarcane 3" pos="18.7 0.0 -4.5" rot="0.0 -45.0 0.0" strength="2.0" size="16 48 1" brush="MOD/brush/blocksExtended.vox" object="sugarcane" offset="0 16 0">
			<voxbox id_="2029577216" name="Sugarcane" pos="0.9 0.0 -0.8" rot="0.0 -90.0 0.0" strength="2.0" size="16 48 1" brush="MOD/brush/blocksExtended.vox" object="sugarcane" offset="0 16 0"/>
		</voxbox>
		<voxbox id_="423126240" name="Sugarcane 2" pos="-26.10001 0.0 1.9" rot="0.0 -45.0 0.0" strength="2.0" size="16 32 1" brush="MOD/brush/blocksExtended.vox" object="sugarcane" offset="0 16 0">
			<voxbox id_="1314929024" name="Sugarcane" pos="0.9 0.0 -0.8" rot="0.0 -90.0 0.0" strength="2.0" size="16 32 1" brush="MOD/brush/blocksExtended.vox" object="sugarcane" offset="0 16 0"/>
		</voxbox>
	</group>
	<water id_="1058339904" pos="-4.0 19.0 -59.8" size="145.5 80"/>
	<instance id_="49482700" pos="28.6 25.1 37.4" rot="0.0 140.0 0.0" file="MOD/Entitys/Cow.xml"/>
	<instance id_="797556288" pos="10.9 24.5 -25.0" rot="0.0 70.0 0.0" file="MOD/Entitys/Pig.xml"/>
	<instance id_="793361728" pos="35.8 24.3 -9.7" rot="0.0 75.0 0.0" file="MOD/Entitys/Villager.xml"/>
	<instance id_="2016534784" pos="4.3 24.3 43.4" rot="0.0 -95.0 0.0" file="MOD/Entitys/Villager.xml"/>
	<layers/>
</scene>

