<scene id_="1639679744" open_="true" version="0.8.0" shadowVolume="200 100 200">
	<group id_="425354592" name="Background" pos="14.0 16.0 54.8">
		<voxbox id_="930995712" name="SolidSand" pos="54.8 6.4 -74.0" rot="0.0 0.0 0.0" density="2.0" strength="3" size="1000 16 1640" brush="MOD/brush/Solid.vox" object="Sand"/>
		<voxbox id_="222442752" name="SolidSand" pos="-154.8 0.0 -86.8" rot="0.0 0.0 0.0" density="2.0" strength="3" size="640 32 16" brush="MOD/brush/Solid.vox" object="Sand"/>
		<voxbox id_="2074406528" name="SolidSand" pos="-154.8 4.8 -83.60001" rot="0.0 0.0 0.0" density="2.0" strength="3" size="640 16 16" brush="MOD/brush/Solid.vox" object="Sand"/>
		<voxbox id_="1900922112" name="SolidSand" pos="-154.8 1.6 -85.2" rot="0.0 0.0 0.0" density="2.0" strength="3" size="640 32 32" brush="MOD/brush/Solid.vox" object="Sand"/>
		<voxbox id_="1263414528" name="SolidSand" pos="54.8 0.0 -90.00001" rot="0.0 0.0 0.0" density="2.0" strength="3" size="1000 32 32" brush="MOD/brush/Solid.vox" object="Sand"/>
		<voxbox id_="1421103872" name="SolidSand" pos="54.8 3.2 -88.4" rot="0.0 0.0 0.0" density="2.0" strength="3" size="1000 16 32" brush="MOD/brush/Solid.vox" object="Sand"/>
		<voxbox id_="1757389568" name="SolidSand" pos="54.8 4.8 -86.8" rot="0.0 0.0 0.0" density="2.0" strength="3" size="1000 16 144" brush="MOD/brush/Solid.vox" object="Sand"/>
		<voxbox id_="233650096" name="SolidSand" pos="-90.8 4.8 17.2" rot="0.0 0.0 0.0" density="2.0" strength="3" size="560 16 728" brush="MOD/brush/Solid.vox" object="Sand"/>
		<voxbox id_="1833022720" name="SolidSand" pos="-38.0 6.4 17.2" rot="0.0 0.0 0.0" density="2.0" strength="3" size="928 16 728" brush="MOD/brush/Solid.vox" object="Sand"/>
		<voxbox id_="408969600" name="SolidSand" pos="-154.8 4.8 -82.00001" rot="0.0 0.0 0.0" density="2.0" strength="3" size="640 16 1720" brush="MOD/brush/Solid.vox" object="Sand"/>
	</group>
	<group id_="1941229312" name="BackgroundPlants" pos="3.6 22.4 54.7">
		<group id_="1656457984" name="Plant Cluster" pos="-54.8 0.0 26.1">
			<vox id_="905041856" name="DeadBush" pos="18.39999 0.0 36.80002" rot="0.0 -45.0 0.0" file="MOD/Parts/DesertPlants.vox" object="deadbush"/>
			<vox id_="205533440" name="DeadBush" pos="7.19999 0.0 6.40001" rot="0.0 -45.0 0.0" file="MOD/Parts/DesertPlants.vox" object="deadbush"/>
			<vox id_="499545888" name="DeadBush" pos="13.59999 0.0 16.00002" rot="0.0 -45.0 0.0" file="MOD/Parts/DesertPlants.vox" object="deadbush"/>
			<vox id_="2031412352" name="DeadBush" pos="3.99998 0.0 22.40001" rot="0.0 -45.0 0.0" file="MOD/Parts/DesertPlants.vox" object="deadbush"/>
			<vox id_="1980160000" name="DeadBush" pos="-18.40002 0.0 16.00002" rot="0.0 -45.0 0.0" file="MOD/Parts/DesertPlants.vox" object="deadbush"/>
			<vox id_="1465146752" name="DeadBush" pos="-5.60001 0.0 -3.2" rot="0.0 -45.0 0.0" file="MOD/Parts/DesertPlants.vox" object="deadbush"/>
			<vox id_="1559131008" name="DeadBush" pos="23.19999 0.0 -1.59999" rot="0.0 -45.0 0.0" file="MOD/Parts/DesertPlants.vox" object="deadbush"/>
			<vox id_="2042750720" name="DeadBush" pos="-23.20001 0.0 -11.19999" rot="0.0 -45.0 0.0" file="MOD/Parts/DesertPlants.vox" object="deadbush"/>
			<voxbox id_="1493918720" name="Cactus2" pos="19.2 0.0 21.6" rot="0.0 0.0 0.0" strength="2.0" size="16 32 16" brush="MOD/Parts/DesertPlants.vox" object="cactus" offset="0 16 0"/>
			<voxbox id_="904648640" name="Cactus3" pos="11.2 0.0 0.8" rot="0.0 0.0 0.0" strength="2.0" size="16 48 16" brush="MOD/Parts/DesertPlants.vox" object="cactus"/>
			<voxbox id_="826787072" name="Cactus2" pos="-14.40001 0.0 20.0" rot="0.0 0.0 0.0" strength="2.0" size="16 32 16" brush="MOD/Parts/DesertPlants.vox" object="cactus" offset="0 16 0"/>
			<voxbox id_="590056640" name="Cactus3" pos="-0.0 0.0 32.8" rot="0.0 0.0 0.0" strength="2.0" size="16 48 16" brush="MOD/Parts/DesertPlants.vox" object="cactus"/>
			<voxbox id_="415458048" name="Cactus2" pos="-20.80001 0.0 52.0" rot="0.0 0.0 0.0" strength="2.0" size="16 32 16" brush="MOD/Parts/DesertPlants.vox" object="cactus" offset="0 16 0"/>
			<voxbox id_="1361527936" name="Cactus3" pos="14.4 0.0 47.2" rot="0.0 0.0 0.0" strength="2.0" size="16 48 16" brush="MOD/Parts/DesertPlants.vox" object="cactus"/>
			<vox id_="1103169280" name="DeadBush" pos="-10.40002 0.0 52.80001" rot="0.0 -45.0 0.0" file="MOD/Parts/DesertPlants.vox" object="deadbush"/>
			<vox id_="1602256384" name="DeadBush" pos="-2.40001 0.0 43.20002" rot="0.0 -45.0 0.0" file="MOD/Parts/DesertPlants.vox" object="deadbush"/>
			<vox id_="914151936" name="DeadBush" pos="-15.20001 0.0 36.80001" rot="0.0 -45.0 0.0" file="MOD/Parts/DesertPlants.vox" object="deadbush"/>
			<vox id_="804044736" name="DeadBush" pos="21.59998 0.0 56.00001" rot="0.0 -45.0 0.0" file="MOD/Parts/DesertPlants.vox" object="deadbush"/>
			<voxbox id_="756593792" name="Cactus3" pos="-6.4 0.0 10.4" rot="0.0 0.0 0.0" strength="2.0" size="16 48 16" brush="MOD/Parts/DesertPlants.vox" object="cactus"/>
		</group>
		<group id_="60100180" name="Plant Cluster" pos="-110.8 0.0 26.1">
			<vox id_="1173034880" name="DeadBush" pos="18.39999 0.0 36.80002" rot="0.0 -45.0 0.0" file="MOD/Parts/DesertPlants.vox" object="deadbush"/>
			<vox id_="2062806016" name="DeadBush" pos="7.19999 0.0 6.40001" rot="0.0 -45.0 0.0" file="MOD/Parts/DesertPlants.vox" object="deadbush"/>
			<vox id_="1400262144" name="DeadBush" pos="13.59999 0.0 16.00002" rot="0.0 -45.0 0.0" file="MOD/Parts/DesertPlants.vox" object="deadbush"/>
			<vox id_="1611497472" name="DeadBush" pos="3.99998 0.0 22.40001" rot="0.0 -45.0 0.0" file="MOD/Parts/DesertPlants.vox" object="deadbush"/>
			<vox id_="1091961984" name="DeadBush" pos="-18.40002 0.0 16.00002" rot="0.0 -45.0 0.0" file="MOD/Parts/DesertPlants.vox" object="deadbush"/>
			<vox id_="1845606400" name="DeadBush" pos="-5.60001 0.0 -3.2" rot="0.0 -45.0 0.0" file="MOD/Parts/DesertPlants.vox" object="deadbush"/>
			<vox id_="165619584" name="DeadBush" pos="23.19999 0.0 -1.59999" rot="0.0 -45.0 0.0" file="MOD/Parts/DesertPlants.vox" object="deadbush"/>
			<vox id_="1448040704" name="DeadBush" pos="-23.20001 0.0 -11.19999" rot="0.0 -45.0 0.0" file="MOD/Parts/DesertPlants.vox" object="deadbush"/>
			<voxbox id_="957146176" name="Cactus2" pos="19.2 0.0 21.6" rot="0.0 0.0 0.0" strength="2.0" size="16 32 16" brush="MOD/Parts/DesertPlants.vox" object="cactus" offset="0 16 0"/>
			<voxbox id_="2097280" name="Cactus3" pos="11.2 0.0 0.8" rot="0.0 0.0 0.0" strength="2.0" size="16 48 16" brush="MOD/Parts/DesertPlants.vox" object="cactus"/>
			<voxbox id_="1185553024" name="Cactus2" pos="-14.40001 0.0 20.0" rot="0.0 0.0 0.0" strength="2.0" size="16 32 16" brush="MOD/Parts/DesertPlants.vox" object="cactus" offset="0 16 0"/>
			<voxbox id_="582191808" name="Cactus3" pos="-0.0 0.0 32.8" rot="0.0 0.0 0.0" strength="2.0" size="16 48 16" brush="MOD/Parts/DesertPlants.vox" object="cactus"/>
			<voxbox id_="920181632" name="Cactus2" pos="-20.80001 0.0 52.0" rot="0.0 0.0 0.0" strength="2.0" size="16 32 16" brush="MOD/Parts/DesertPlants.vox" object="cactus" offset="0 16 0"/>
			<voxbox id_="470577216" name="Cactus3" pos="14.4 0.0 47.2" rot="0.0 0.0 0.0" strength="2.0" size="16 48 16" brush="MOD/Parts/DesertPlants.vox" object="cactus"/>
			<vox id_="2016731392" name="DeadBush" pos="-10.40002 0.0 52.80001" rot="0.0 -45.0 0.0" file="MOD/Parts/DesertPlants.vox" object="deadbush"/>
			<vox id_="778615168" name="DeadBush" pos="-2.40001 0.0 43.20002" rot="0.0 -45.0 0.0" file="MOD/Parts/DesertPlants.vox" object="deadbush"/>
			<vox id_="570460160" name="DeadBush" pos="-15.20001 0.0 36.80001" rot="0.0 -45.0 0.0" file="MOD/Parts/DesertPlants.vox" object="deadbush"/>
			<vox id_="1644201984" name="DeadBush" pos="21.59998 0.0 56.00001" rot="0.0 -45.0 0.0" file="MOD/Parts/DesertPlants.vox" object="deadbush"/>
			<voxbox id_="2036458880" name="Cactus3" pos="-6.4 0.0 10.4" rot="0.0 0.0 0.0" strength="2.0" size="16 48 16" brush="MOD/Parts/DesertPlants.vox" object="cactus"/>
		</group>
		<group id_="1826075520" name="Plant Cluster" pos="-110.8 0.0 -55.5">
			<vox id_="1481400576" name="DeadBush" pos="18.39999 0.0 36.80002" rot="0.0 -45.0 0.0" file="MOD/Parts/DesertPlants.vox" object="deadbush"/>
			<vox id_="411001344" name="DeadBush" pos="7.19999 0.0 6.40001" rot="0.0 -45.0 0.0" file="MOD/Parts/DesertPlants.vox" object="deadbush"/>
			<vox id_="1063058816" name="DeadBush" pos="13.59999 0.0 16.00002" rot="0.0 -45.0 0.0" file="MOD/Parts/DesertPlants.vox" object="deadbush"/>
			<vox id_="113842976" name="DeadBush" pos="3.99998 0.0 22.40001" rot="0.0 -45.0 0.0" file="MOD/Parts/DesertPlants.vox" object="deadbush"/>
			<vox id_="1697354880" name="DeadBush" pos="-18.40002 0.0 16.00002" rot="0.0 -45.0 0.0" file="MOD/Parts/DesertPlants.vox" object="deadbush"/>
			<vox id_="838715392" name="DeadBush" pos="-5.60001 0.0 -3.2" rot="0.0 -45.0 0.0" file="MOD/Parts/DesertPlants.vox" object="deadbush"/>
			<vox id_="1104414592" name="DeadBush" pos="23.19999 0.0 -1.59999" rot="0.0 -45.0 0.0" file="MOD/Parts/DesertPlants.vox" object="deadbush"/>
			<vox id_="1691718528" name="DeadBush" pos="-23.20001 0.0 -11.19999" rot="0.0 -45.0 0.0" file="MOD/Parts/DesertPlants.vox" object="deadbush"/>
			<voxbox id_="603361216" name="Cactus2" pos="19.2 0.0 21.6" rot="0.0 0.0 0.0" strength="2.0" size="16 32 16" brush="MOD/Parts/DesertPlants.vox" object="cactus" offset="0 16 0"/>
			<voxbox id_="1326791808" name="Cactus3" pos="11.2 0.0 0.8" rot="0.0 0.0 0.0" strength="2.0" size="16 48 16" brush="MOD/Parts/DesertPlants.vox" object="cactus"/>
			<voxbox id_="827966848" name="Cactus2" pos="-14.40001 0.0 20.0" rot="0.0 0.0 0.0" strength="2.0" size="16 32 16" brush="MOD/Parts/DesertPlants.vox" object="cactus" offset="0 16 0"/>
			<voxbox id_="1209933952" name="Cactus3" pos="-0.0 0.0 32.8" rot="0.0 0.0 0.0" strength="2.0" size="16 48 16" brush="MOD/Parts/DesertPlants.vox" object="cactus"/>
			<voxbox id_="1372276480" name="Cactus2" pos="-20.80001 0.0 52.0" rot="0.0 0.0 0.0" strength="2.0" size="16 32 16" brush="MOD/Parts/DesertPlants.vox" object="cactus" offset="0 16 0"/>
			<voxbox id_="1992678144" name="Cactus3" pos="14.4 0.0 47.2" rot="0.0 0.0 0.0" strength="2.0" size="16 48 16" brush="MOD/Parts/DesertPlants.vox" object="cactus"/>
			<vox id_="2114189312" name="DeadBush" pos="-10.40002 0.0 52.80001" rot="0.0 -45.0 0.0" file="MOD/Parts/DesertPlants.vox" object="deadbush"/>
			<vox id_="288638144" name="DeadBush" pos="-2.40001 0.0 43.20002" rot="0.0 -45.0 0.0" file="MOD/Parts/DesertPlants.vox" object="deadbush"/>
			<vox id_="2056120832" name="DeadBush" pos="-15.20001 0.0 36.80001" rot="0.0 -45.0 0.0" file="MOD/Parts/DesertPlants.vox" object="deadbush"/>
			<vox id_="1017967296" name="DeadBush" pos="21.59998 0.0 56.00001" rot="0.0 -45.0 0.0" file="MOD/Parts/DesertPlants.vox" object="deadbush"/>
			<voxbox id_="117578760" name="Cactus3" pos="-6.4 0.0 10.4" rot="0.0 0.0 0.0" strength="2.0" size="16 48 16" brush="MOD/Parts/DesertPlants.vox" object="cactus"/>
			<vox id_="221590736" name="DeadBush" pos="21.59999 0.0 -14.39998" rot="0.0 -45.0 0.0" file="MOD/Parts/DesertPlants.vox" object="deadbush"/>
			<vox id_="2003295616" name="DeadBush" pos="15.19999 0.0 -23.99999" rot="0.0 -45.0 0.0" file="MOD/Parts/DesertPlants.vox" object="deadbush"/>
			<voxbox id_="1364673920" name="Cactus3" pos="1.6 0.0 -20.0" rot="0.0 0.0 0.0" strength="2.0" size="16 48 16" brush="MOD/Parts/DesertPlants.vox" object="cactus"/>
			<vox id_="1307260800" name="DeadBush" pos="-10.40002 0.0 -14.39998" rot="0.0 -45.0 0.0" file="MOD/Parts/DesertPlants.vox" object="deadbush"/>
			<vox id_="2100688128" name="DeadBush" pos="11.99998 0.0 -7.99999" rot="0.0 -45.0 0.0" file="MOD/Parts/DesertPlants.vox" object="deadbush"/>
		</group>
		<group id_="531857088" name="Plant Cluster" pos="-1.99999 1.6 26.1">
			<vox id_="467627904" name="DeadBush" pos="18.39999 0.0 36.80002" rot="0.0 -45.0 0.0" file="MOD/Parts/DesertPlants.vox" object="deadbush"/>
			<vox id_="10617480" name="DeadBush" pos="7.19999 0.0 6.40001" rot="0.0 -45.0 0.0" file="MOD/Parts/DesertPlants.vox" object="deadbush"/>
			<vox id_="405758144" name="DeadBush" pos="13.59999 0.0 16.00002" rot="0.0 -45.0 0.0" file="MOD/Parts/DesertPlants.vox" object="deadbush"/>
			<vox id_="1257778176" name="DeadBush" pos="3.99998 0.0 22.40001" rot="0.0 -45.0 0.0" file="MOD/Parts/DesertPlants.vox" object="deadbush"/>
			<vox id_="629446144" name="DeadBush" pos="-18.40002 0.0 16.00002" rot="0.0 -45.0 0.0" file="MOD/Parts/DesertPlants.vox" object="deadbush"/>
			<vox id_="1604222592" name="DeadBush" pos="-5.60001 0.0 -3.2" rot="0.0 -45.0 0.0" file="MOD/Parts/DesertPlants.vox" object="deadbush"/>
			<vox id_="751350528" name="DeadBush" pos="23.19999 0.0 -1.59999" rot="0.0 -45.0 0.0" file="MOD/Parts/DesertPlants.vox" object="deadbush"/>
			<vox id_="148382560" name="DeadBush" pos="-23.20001 0.0 -11.19999" rot="0.0 -45.0 0.0" file="MOD/Parts/DesertPlants.vox" object="deadbush"/>
			<voxbox id_="1210261632" name="Cactus2" pos="19.2 0.0 21.6" rot="0.0 0.0 0.0" strength="2.0" size="16 32 16" brush="MOD/Parts/DesertPlants.vox" object="cactus" offset="0 16 0"/>
			<voxbox id_="1967445248" name="Cactus3" pos="11.2 0.0 0.8" rot="0.0 0.0 0.0" strength="2.0" size="16 48 16" brush="MOD/Parts/DesertPlants.vox" object="cactus"/>
			<voxbox id_="1016197696" name="Cactus2" pos="-14.40001 0.0 20.0" rot="0.0 0.0 0.0" strength="2.0" size="16 32 16" brush="MOD/Parts/DesertPlants.vox" object="cactus" offset="0 16 0"/>
			<voxbox id_="193539616" name="Cactus3" pos="-0.0 0.0 32.8" rot="0.0 0.0 0.0" strength="2.0" size="16 48 16" brush="MOD/Parts/DesertPlants.vox" object="cactus"/>
			<voxbox id_="1026356416" name="Cactus2" pos="-20.80001 0.0 52.0" rot="0.0 0.0 0.0" strength="2.0" size="16 32 16" brush="MOD/Parts/DesertPlants.vox" object="cactus" offset="0 16 0"/>
			<voxbox id_="1695650816" name="Cactus3" pos="14.4 0.0 47.2" rot="0.0 0.0 0.0" strength="2.0" size="16 48 16" brush="MOD/Parts/DesertPlants.vox" object="cactus"/>
			<vox id_="766097088" name="DeadBush" pos="-10.40002 0.0 52.80001" rot="0.0 -45.0 0.0" file="MOD/Parts/DesertPlants.vox" object="deadbush"/>
			<vox id_="1862122496" name="DeadBush" pos="-2.40001 0.0 43.20002" rot="0.0 -45.0 0.0" file="MOD/Parts/DesertPlants.vox" object="deadbush"/>
			<vox id_="98244464" name="DeadBush" pos="-15.20001 0.0 36.80001" rot="0.0 -45.0 0.0" file="MOD/Parts/DesertPlants.vox" object="deadbush"/>
			<vox id_="1814605952" name="DeadBush" pos="21.59998 0.0 56.00001" rot="0.0 -45.0 0.0" file="MOD/Parts/DesertPlants.vox" object="deadbush"/>
			<voxbox id_="1178343680" name="Cactus3" pos="-6.4 0.0 10.4" rot="0.0 0.0 0.0" strength="2.0" size="16 48 16" brush="MOD/Parts/DesertPlants.vox" object="cactus"/>
		</group>
		<group id_="671522816" name="Plant Cluster" pos="54.00001 1.6 26.1">
			<vox id_="767932160" name="DeadBush" pos="18.39999 0.0 36.80002" rot="0.0 -45.0 0.0" file="MOD/Parts/DesertPlants.vox" object="deadbush"/>
			<vox id_="1771480704" name="DeadBush" pos="7.19999 0.0 6.40001" rot="0.0 -45.0 0.0" file="MOD/Parts/DesertPlants.vox" object="deadbush"/>
			<vox id_="598576832" name="DeadBush" pos="13.59999 0.0 16.00002" rot="0.0 -45.0 0.0" file="MOD/Parts/DesertPlants.vox" object="deadbush"/>
			<vox id_="1858059008" name="DeadBush" pos="3.99998 0.0 22.40001" rot="0.0 -45.0 0.0" file="MOD/Parts/DesertPlants.vox" object="deadbush"/>
			<vox id_="464613056" name="DeadBush" pos="-18.40002 0.0 16.00002" rot="0.0 -45.0 0.0" file="MOD/Parts/DesertPlants.vox" object="deadbush"/>
			<vox id_="1003941696" name="DeadBush" pos="-5.60001 0.0 -3.2" rot="0.0 -45.0 0.0" file="MOD/Parts/DesertPlants.vox" object="deadbush"/>
			<vox id_="840616064" name="DeadBush" pos="23.19999 0.0 -1.59999" rot="0.0 -45.0 0.0" file="MOD/Parts/DesertPlants.vox" object="deadbush"/>
			<vox id_="673620096" name="DeadBush" pos="-23.20001 0.0 -11.19999" rot="0.0 -45.0 0.0" file="MOD/Parts/DesertPlants.vox" object="deadbush"/>
			<voxbox id_="1688965760" name="Cactus2" pos="19.2 0.0 21.6" rot="0.0 0.0 0.0" strength="2.0" size="16 32 16" brush="MOD/Parts/DesertPlants.vox" object="cactus" offset="0 16 0"/>
			<voxbox id_="395992672" name="Cactus3" pos="11.2 0.0 0.8" rot="0.0 0.0 0.0" strength="2.0" size="16 48 16" brush="MOD/Parts/DesertPlants.vox" object="cactus"/>
			<voxbox id_="939778048" name="Cactus2" pos="-14.40001 0.0 20.0" rot="0.0 0.0 0.0" strength="2.0" size="16 32 16" brush="MOD/Parts/DesertPlants.vox" object="cactus" offset="0 16 0"/>
			<voxbox id_="319638592" name="Cactus3" pos="-0.0 0.0 32.8" rot="0.0 0.0 0.0" strength="2.0" size="16 48 16" brush="MOD/Parts/DesertPlants.vox" object="cactus"/>
			<voxbox id_="1431524736" name="Cactus2" pos="-20.80001 0.0 52.0" rot="0.0 0.0 0.0" strength="2.0" size="16 32 16" brush="MOD/Parts/DesertPlants.vox" object="cactus" offset="0 16 0"/>
			<voxbox id_="1003089728" name="Cactus3" pos="14.4 0.0 47.2" rot="0.0 0.0 0.0" strength="2.0" size="16 48 16" brush="MOD/Parts/DesertPlants.vox" object="cactus"/>
			<vox id_="1245849856" name="DeadBush" pos="-10.40002 0.0 52.80001" rot="0.0 -45.0 0.0" file="MOD/Parts/DesertPlants.vox" object="deadbush"/>
			<vox id_="1010036928" name="DeadBush" pos="-2.40001 0.0 43.20002" rot="0.0 -45.0 0.0" file="MOD/Parts/DesertPlants.vox" object="deadbush"/>
			<vox id_="628725248" name="DeadBush" pos="-15.20001 0.0 36.80001" rot="0.0 -45.0 0.0" file="MOD/Parts/DesertPlants.vox" object="deadbush"/>
			<vox id_="650418944" name="DeadBush" pos="21.59998 0.0 56.00001" rot="0.0 -45.0 0.0" file="MOD/Parts/DesertPlants.vox" object="deadbush"/>
			<voxbox id_="1010757888" name="Cactus3" pos="-6.4 0.0 10.4" rot="0.0 0.0 0.0" strength="2.0" size="16 48 16" brush="MOD/Parts/DesertPlants.vox" object="cactus"/>
		</group>
		<group id_="739487808" name="Plant Cluster" pos="110.00002 1.6 26.1">
			<vox id_="443771328" name="DeadBush" pos="18.39999 0.0 36.80002" rot="0.0 -45.0 0.0" file="MOD/Parts/DesertPlants.vox" object="deadbush"/>
			<vox id_="505772192" name="DeadBush" pos="7.19999 0.0 6.40001" rot="0.0 -45.0 0.0" file="MOD/Parts/DesertPlants.vox" object="deadbush"/>
			<vox id_="1724488448" name="DeadBush" pos="13.59999 0.0 16.00002" rot="0.0 -45.0 0.0" file="MOD/Parts/DesertPlants.vox" object="deadbush"/>
			<vox id_="287589504" name="DeadBush" pos="3.99998 0.0 22.40001" rot="0.0 -45.0 0.0" file="MOD/Parts/DesertPlants.vox" object="deadbush"/>
			<vox id_="1190468608" name="DeadBush" pos="-18.40002 0.0 16.00002" rot="0.0 -45.0 0.0" file="MOD/Parts/DesertPlants.vox" object="deadbush"/>
			<vox id_="30345020" name="DeadBush" pos="-5.60001 0.0 -3.2" rot="0.0 -45.0 0.0" file="MOD/Parts/DesertPlants.vox" object="deadbush"/>
			<vox id_="193932864" name="DeadBush" pos="23.19999 0.0 -1.59999" rot="0.0 -45.0 0.0" file="MOD/Parts/DesertPlants.vox" object="deadbush"/>
			<vox id_="298403616" name="DeadBush" pos="-23.20001 0.0 -11.19999" rot="0.0 -45.0 0.0" file="MOD/Parts/DesertPlants.vox" object="deadbush"/>
			<voxbox id_="1566274944" name="Cactus2" pos="19.2 0.0 21.6" rot="0.0 0.0 0.0" strength="2.0" size="16 32 16" brush="MOD/Parts/DesertPlants.vox" object="cactus" offset="0 16 0"/>
			<voxbox id_="1171724160" name="Cactus3" pos="11.2 0.0 0.8" rot="0.0 0.0 0.0" strength="2.0" size="16 48 16" brush="MOD/Parts/DesertPlants.vox" object="cactus"/>
			<voxbox id_="956883968" name="Cactus2" pos="-14.40001 0.0 20.0" rot="0.0 0.0 0.0" strength="2.0" size="16 32 16" brush="MOD/Parts/DesertPlants.vox" object="cactus" offset="0 16 0"/>
			<voxbox id_="1861336064" name="Cactus3" pos="-0.0 0.0 32.8" rot="0.0 0.0 0.0" strength="2.0" size="16 48 16" brush="MOD/Parts/DesertPlants.vox" object="cactus"/>
			<voxbox id_="510949824" name="Cactus2" pos="-20.80001 0.0 52.0" rot="0.0 0.0 0.0" strength="2.0" size="16 32 16" brush="MOD/Parts/DesertPlants.vox" object="cactus" offset="0 16 0"/>
			<voxbox id_="1562801280" name="Cactus3" pos="14.4 0.0 47.2" rot="0.0 0.0 0.0" strength="2.0" size="16 48 16" brush="MOD/Parts/DesertPlants.vox" object="cactus"/>
			<vox id_="915003968" name="DeadBush" pos="-10.40002 0.0 52.80001" rot="0.0 -45.0 0.0" file="MOD/Parts/DesertPlants.vox" object="deadbush"/>
			<vox id_="845531520" name="DeadBush" pos="-2.40001 0.0 43.20002" rot="0.0 -45.0 0.0" file="MOD/Parts/DesertPlants.vox" object="deadbush"/>
			<vox id_="224671120" name="DeadBush" pos="-15.20001 0.0 36.80001" rot="0.0 -45.0 0.0" file="MOD/Parts/DesertPlants.vox" object="deadbush"/>
			<vox id_="480277120" name="DeadBush" pos="21.59998 0.0 56.00001" rot="0.0 -45.0 0.0" file="MOD/Parts/DesertPlants.vox" object="deadbush"/>
			<voxbox id_="712092096" name="Cactus3" pos="-6.4 0.0 10.4" rot="0.0 0.0 0.0" strength="2.0" size="16 48 16" brush="MOD/Parts/DesertPlants.vox" object="cactus"/>
		</group>
		<group id_="68620384" name="Plant Cluster" pos="78.00002 1.6 -9.1" rot="0.0 90.0 0.0">
			<vox id_="219624544" name="DeadBush" pos="18.39999 0.0 36.80002" rot="0.0 -45.0 0.0" file="MOD/Parts/DesertPlants.vox" object="deadbush"/>
			<vox id_="676438336" name="DeadBush" pos="7.19999 0.0 6.40001" rot="0.0 -45.0 0.0" file="MOD/Parts/DesertPlants.vox" object="deadbush"/>
			<vox id_="732212864" name="DeadBush" pos="13.59999 0.0 16.00002" rot="0.0 -45.0 0.0" file="MOD/Parts/DesertPlants.vox" object="deadbush"/>
			<vox id_="2073489024" name="DeadBush" pos="3.99998 0.0 22.40001" rot="0.0 -45.0 0.0" file="MOD/Parts/DesertPlants.vox" object="deadbush"/>
			<vox id_="858836160" name="DeadBush" pos="-18.40002 0.0 16.00002" rot="0.0 -45.0 0.0" file="MOD/Parts/DesertPlants.vox" object="deadbush"/>
			<vox id_="914938368" name="DeadBush" pos="-5.60001 0.0 -3.2" rot="0.0 -45.0 0.0" file="MOD/Parts/DesertPlants.vox" object="deadbush"/>
			<vox id_="213463776" name="DeadBush" pos="23.19999 0.0 -1.59999" rot="0.0 -45.0 0.0" file="MOD/Parts/DesertPlants.vox" object="deadbush"/>
			<vox id_="225326528" name="DeadBush" pos="-23.20001 0.0 -11.19999" rot="0.0 -45.0 0.0" file="MOD/Parts/DesertPlants.vox" object="deadbush"/>
			<voxbox id_="1437161088" name="Cactus2" pos="19.2 0.0 21.6" rot="0.0 0.0 0.0" strength="2.0" size="16 32 16" brush="MOD/Parts/DesertPlants.vox" object="cactus" offset="0 16 0"/>
			<voxbox id_="1633387904" name="Cactus3" pos="11.2 0.0 0.8" rot="0.0 0.0 0.0" strength="2.0" size="16 48 16" brush="MOD/Parts/DesertPlants.vox" object="cactus"/>
			<voxbox id_="114236224" name="Cactus2" pos="-14.40001 0.0 20.0" rot="0.0 0.0 0.0" strength="2.0" size="16 32 16" brush="MOD/Parts/DesertPlants.vox" object="cactus" offset="0 16 0"/>
			<voxbox id_="465661696" name="Cactus3" pos="-0.0 0.0 32.8" rot="0.0 0.0 0.0" strength="2.0" size="16 48 16" brush="MOD/Parts/DesertPlants.vox" object="cactus"/>
			<voxbox id_="1882046592" name="Cactus2" pos="-20.80001 0.0 52.0" rot="0.0 0.0 0.0" strength="2.0" size="16 32 16" brush="MOD/Parts/DesertPlants.vox" object="cactus" offset="0 16 0"/>
			<voxbox id_="261373520" name="Cactus3" pos="14.4 0.0 47.2" rot="0.0 0.0 0.0" strength="2.0" size="16 48 16" brush="MOD/Parts/DesertPlants.vox" object="cactus"/>
			<vox id_="403988544" name="DeadBush" pos="-10.40002 0.0 52.80001" rot="0.0 -45.0 0.0" file="MOD/Parts/DesertPlants.vox" object="deadbush"/>
			<vox id_="1415074176" name="DeadBush" pos="-2.40001 0.0 43.20002" rot="0.0 -45.0 0.0" file="MOD/Parts/DesertPlants.vox" object="deadbush"/>
			<vox id_="1081606656" name="DeadBush" pos="-15.20001 0.0 36.80001" rot="0.0 -45.0 0.0" file="MOD/Parts/DesertPlants.vox" object="deadbush"/>
			<vox id_="1926351616" name="DeadBush" pos="21.59998 0.0 56.00001" rot="0.0 -45.0 0.0" file="MOD/Parts/DesertPlants.vox" object="deadbush"/>
			<voxbox id_="726314304" name="Cactus3" pos="-6.4 0.0 10.4" rot="0.0 0.0 0.0" strength="2.0" size="16 48 16" brush="MOD/Parts/DesertPlants.vox" object="cactus"/>
		</group>
		<group id_="1520396928" name="Plant Cluster" pos="78.00002 1.6 -58.7" rot="0.0 90.0 0.0">
			<vox id_="585665408" name="DeadBush" pos="18.39999 -1.6 36.80002" rot="0.0 -45.0 0.0" file="MOD/Parts/DesertPlants.vox" object="deadbush"/>
			<vox id_="1640597248" name="DeadBush" pos="7.19999 0.0 6.40001" rot="0.0 -45.0 0.0" file="MOD/Parts/DesertPlants.vox" object="deadbush"/>
			<vox id_="958588032" name="DeadBush" pos="13.59999 0.0 16.00002" rot="0.0 -45.0 0.0" file="MOD/Parts/DesertPlants.vox" object="deadbush"/>
			<vox id_="630822528" name="DeadBush" pos="3.99998 0.0 22.40001" rot="0.0 -45.0 0.0" file="MOD/Parts/DesertPlants.vox" object="deadbush"/>
			<vox id_="1028977984" name="DeadBush" pos="-18.40002 0.0 16.00002" rot="0.0 -45.0 0.0" file="MOD/Parts/DesertPlants.vox" object="deadbush"/>
			<vox id_="11797200" name="DeadBush" pos="-5.60001 0.0 -3.2" rot="0.0 -45.0 0.0" file="MOD/Parts/DesertPlants.vox" object="deadbush"/>
			<vox id_="1897055360" name="DeadBush" pos="23.19999 -1.6 -1.59999" rot="0.0 -45.0 0.0" file="MOD/Parts/DesertPlants.vox" object="deadbush"/>
			<vox id_="569345984" name="DeadBush" pos="-23.20001 0.0 -11.19999" rot="0.0 -45.0 0.0" file="MOD/Parts/DesertPlants.vox" object="deadbush"/>
			<voxbox id_="891409536" name="Cactus2" pos="19.2 -1.6 21.6" rot="0.0 0.0 0.0" strength="2.0" size="16 32 16" brush="MOD/Parts/DesertPlants.vox" object="cactus" offset="0 16 0"/>
			<voxbox id_="1193090176" name="Cactus3" pos="11.2 0.0 0.8" rot="0.0 0.0 0.0" strength="2.0" size="16 48 16" brush="MOD/Parts/DesertPlants.vox" object="cactus"/>
			<voxbox id_="933813888" name="Cactus2" pos="-14.40001 0.0 20.0" rot="0.0 0.0 0.0" strength="2.0" size="16 32 16" brush="MOD/Parts/DesertPlants.vox" object="cactus" offset="0 16 0"/>
			<voxbox id_="385440736" name="Cactus3" pos="-0.0 0.0 32.8" rot="0.0 0.0 0.0" strength="2.0" size="16 48 16" brush="MOD/Parts/DesertPlants.vox" object="cactus"/>
			<voxbox id_="953738112" name="Cactus2" pos="-20.80001 0.0 52.0" rot="0.0 0.0 0.0" strength="2.0" size="16 32 16" brush="MOD/Parts/DesertPlants.vox" object="cactus" offset="0 16 0"/>
			<voxbox id_="1538879232" name="Cactus3" pos="18.5 -1.6 47.2" rot="0.0 0.0 0.0" strength="2.0" size="16 48 16" brush="MOD/Parts/DesertPlants.vox" object="cactus"/>
			<vox id_="1104283520" name="DeadBush" pos="-10.40002 0.0 52.80001" rot="0.0 -45.0 0.0" file="MOD/Parts/DesertPlants.vox" object="deadbush"/>
			<vox id_="717662976" name="DeadBush" pos="-2.40001 0.0 43.20002" rot="0.0 -45.0 0.0" file="MOD/Parts/DesertPlants.vox" object="deadbush"/>
			<vox id_="1205608320" name="DeadBush" pos="-15.20001 0.0 36.80001" rot="0.0 -45.0 0.0" file="MOD/Parts/DesertPlants.vox" object="deadbush"/>
			<vox id_="733064896" name="DeadBush" pos="21.59998 -1.6 56.00001" rot="0.0 -45.0 0.0" file="MOD/Parts/DesertPlants.vox" object="deadbush"/>
			<voxbox id_="1176770688" name="Cactus3" pos="-6.4 0.0 10.4" rot="0.0 0.0 0.0" strength="2.0" size="16 48 16" brush="MOD/Parts/DesertPlants.vox" object="cactus"/>
		</group>
	</group>
	<group id_="415785760" name="Bedrock" pos="-4.0 20.7 20.8">
		<voxbox id_="1944833920" name="Bedrock" pos="28.0 0.0 -51.2" size="16 1 288" brush="MOD/brush/Solid.vox" object="Bedrock"/>
		<voxbox id_="275595712" name="Bedrock" pos="29.6 0.0 -51.2" size="32 1 192" brush="MOD/brush/Solid.vox" object="Bedrock"/>
		<voxbox id_="1144393984" name="Bedrock" pos="32.8 0.0 -51.2" size="160 1 176" brush="MOD/brush/Solid.vox" object="Bedrock"/>
		<voxbox id_="1032386048" name="Bedrock" pos="48.8 0.0 -49.6" size="240 1 112" brush="MOD/brush/Solid.vox" object="Bedrock"/>
		<voxbox id_="331566848" name="Bedrock" pos="48.8 0.0 -38.4" size="96 1 32" brush="MOD/brush/Solid.vox" object="Bedrock"/>
		<voxbox id_="580881024" name="Bedrock" pos="55.2 0.1 -38.4" size="176 16 32" brush="MOD/brush/Solid.vox" object="Bedrock"/>
		<voxbox id_="716417728" name="Bedrock" pos="32.8 0.1 -35.2" size="224 16 32" brush="MOD/brush/Solid.vox" object="Bedrock"/>
		<voxbox id_="1530621184" name="Bedrock" pos="28.0 0.1 -32.0" size="48 16 112" brush="MOD/brush/Solid.vox" object="Bedrock"/>
		<voxbox id_="689415232" name="Bedrock" pos="55.2 1.6 -35.2" size="176 1 864" brush="MOD/brush/Solid.vox" object="Bedrock"/>
		<voxbox id_="387341408" name="Bedrock" pos="32.8 1.6 -32.0" size="224 1 832" brush="MOD/brush/Solid.vox" object="Bedrock"/>
		<voxbox id_="1400262144" name="Bedrock" pos="28.0 1.6 -20.8" size="48 1 720" brush="MOD/brush/Solid.vox" object="Bedrock"/>
		<voxbox id_="1319385728" name="Bedrock" pos="-28.0 0.0 14.4" size="112 1 368" brush="MOD/brush/Solid.vox" object="Bedrock"/>
		<voxbox id_="793230592" name="Bedrock" pos="-16.8 0.0 14.4" size="16 1 224" brush="MOD/brush/Solid.vox" object="Bedrock"/>
		<voxbox id_="1199906304" name="Bedrock" pos="-15.2 0.1 14.4" size="48 16 224" brush="MOD/brush/Solid.vox" object="Bedrock"/>
		<voxbox id_="1870446080" name="Bedrock" pos="-15.2 0.0 14.4" size="33 1 80" brush="MOD/brush/Solid.vox" object="Bedrock"/>
		<voxbox id_="1762894976" name="Bedrock" pos="-10.4 1.6 14.4" size="384 1 368" brush="MOD/brush/Solid.vox" object="Bedrock"/>
		<voxbox id_="362436192" name="Bedrock" pos="-16.8 0.1 36.8" size="64 16 144" brush="MOD/brush/Solid.vox" object="Bedrock"/>
		<voxbox id_="498956032" name="Bedrock" pos="-10.4 0.0 14.4" size="384 16 1" brush="MOD/brush/Solid.vox" object="Bedrock"/>
		<voxbox id_="1530555648" name="Bedrock" pos="28.0 0.0 -20.8" size="1 16 352" brush="MOD/brush/Solid.vox" object="Bedrock"/>
		<voxbox id_="1664060544" name="Bedrock" pos="-72.8 0.0 -48.0" rot="0.0 0.0 0.0" size="448 1 992" brush="MOD/brush/Solid.vox" object="Bedrock"/>
		<voxbox id_="1884078336" name="Bedrock" pos="-28.0 0.0 -51.2" size="560 1 656" brush="MOD/brush/Solid.vox" object="Bedrock"/>
	</group>
	<environment id_="1594588160" template="sunset" fogParams="80 130 1 6"/>
	<boundary id_="2022892160">
		<vertex pos="-76.8 -60.8"/>
		<vertex pos="68.8 -60.8"/>
		<vertex pos="68.8 72.0"/>
		<vertex pos="-76.8 72.0"/>
	</boundary>
	<script id_="577341888" file="main.lua"/>
	<script id_="444492288" file="sandbox.lua"/>
	<spawnpoint id_="455634080" pos="6.4 23.2 15.2" rot="0.0 -90.0 0.0"/>
	<group id_="2085220608" open_="true" name="Ground" pos="-10.4 20.8 15.2">
		<group id_="136781984" open_="true" name="BottomLayer" pos="13.6 -1.6 -16.0">
			<voxbox id_="1824043776" name="sandstonePath" pos="-32.0 1.6 13.6" rot="0.0 0.0 0.0" size="160 16 48" brush="MOD/brush/blocksExtended.vox" object="sand"/>
			<voxbox id_="883872448" name="Sand" pos="-32.0 1.6 -0.8" rot="0.0 0.0 0.0" density="2.0" strength="3" size="160 16 144" brush="MOD/brush/blocksExtended.vox" object="sand"/>
			<voxbox id_="2087317888" name="Sand" pos="-32.0 1.6 18.4" rot="0.0 0.0 0.0" density="2.0" strength="3" size="160 16 176" brush="MOD/brush/blocksExtended.vox" object="sand"/>
			<voxbox id_="312953504" name="sandstonePath" pos="-16.0 1.6 13.6" rot="0.0 0.0 0.0" size="160 16 48" brush="MOD/brush/blocksExtended.vox" object="sandstone"/>
			<voxbox id_="449342240" name="Sand" pos="-16.0 1.6 -0.8" rot="0.0 0.0 0.0" density="2.0" strength="3" size="160 16 144" brush="MOD/brush/blocksExtended.vox" object="sand"/>
			<voxbox id_="739749952" name="Sand" pos="-16.0 1.6 18.4" rot="0.0 0.0 0.0" density="2.0" strength="3" size="160 16 176" brush="MOD/brush/blocksExtended.vox" object="sand"/>
			<voxbox id_="1974654720" name="sandstonePath" pos="0.0 1.6 16.8" rot="0.0 0.0 0.0" size="48 16 192" brush="MOD/brush/blocksExtended.vox" object="sandstone"/>
			<voxbox id_="757183616" name="Sand" pos="4.8 1.6 -0.8" rot="0.0 0.0 0.0" density="2.0" strength="3" size="160 16 176" brush="MOD/brush/blocksExtended.vox" object="sand"/>
			<voxbox id_="1004466048" name="Sand" pos="4.8 1.6 16.8" rot="0.0 0.0 0.0" density="2.0" strength="3" size="160 16 192" brush="MOD/brush/blocksExtended.vox" object="sand"/>
			<voxbox id_="1790290688" name="sandstonePath" pos="0.0 1.6 -0.8" rot="0.0 0.0 0.0" size="48 16 176" brush="MOD/brush/blocksExtended.vox" object="sandstone"/>
			<voxbox id_="344281632" name="sandstonePath" pos="0.0 1.6 -18.4" rot="0.0 0.0 0.0" size="48 16 176" brush="MOD/brush/blocksExtended.vox" object="sandstone"/>
			<voxbox id_="2109470464" name="sandstonePath" pos="4.8 1.6 -18.4" rot="0.0 0.0 0.0" size="176 16 48" brush="MOD/brush/blocksExtended.vox" object="sandstone"/>
			<voxbox id_="1875427072" name="Sand" pos="4.8 1.6 -13.6" rot="0.0 0.0 0.0" density="2.0" strength="3" size="176 16 128" brush="MOD/brush/blocksExtended.vox" object="sand"/>
			<voxbox id_="1147015552" name="sandstonePath" pos="22.4 1.6 -18.4" rot="0.0 0.0 0.0" size="128 16 48" brush="MOD/brush/blocksExtended.vox" object="sandstone"/>
			<voxbox id_="1587509888" name="Sand" pos="22.4 1.6 -13.6" rot="0.0 0.0 0.0" density="2.0" strength="3" size="32 16 32" brush="MOD/brush/blocksExtended.vox" object="sand"/>
			<voxbox id_="708094144" name="Sand" pos="-16.0 1.6 -18.4" rot="0.0 0.0 0.0" density="2.0" strength="3" size="160 16 176" brush="MOD/brush/blocksExtended.vox" object="sand"/>
			<voxbox id_="817677056" name="Sand" pos="-32.0 1.6 -18.4" rot="0.0 0.0 0.0" density="2.0" strength="3" size="160 16 176" brush="MOD/brush/blocksExtended.vox" object="sand"/>
			<voxbox id_="1949880576" name="Sand" pos="17.6 1.6 -32.8" rot="0.0 0.0 0.0" density="2.0" strength="3" size="176 16 144" brush="MOD/brush/blocksExtended.vox" object="sand"/>
			<voxbox id_="1832301824" name="Sand" pos="0.0 1.6 -32.8" rot="0.0 0.0 0.0" density="2.0" strength="3" size="176 16 144" brush="MOD/brush/blocksExtended.vox" object="sand"/>
			<voxbox id_="583502592" name="Sand" pos="-35.2 1.6 -31.2" rot="0.0 0.0 0.0" density="2.0" strength="3" size="176 16 128" brush="MOD/brush/blocksExtended.vox" object="sand"/>
			<voxbox id_="457469184" name="Sand" pos="-17.6 1.6 -32.8" rot="0.0 0.0 0.0" density="2.0" strength="3" size="176 16 144" brush="MOD/brush/blocksExtended.vox" object="sand"/>
			<voxbox id_="1059847360" name="Sand" pos="0.0 1.6 -34.4" rot="0.0 0.0 0.0" density="2.0" strength="3" size="304 16 16" brush="MOD/brush/blocksExtended.vox" object="sand"/>
			<voxbox id_="468873152" name="Sand" pos="4.8 0.0 -36.0" rot="0.0 0.0 0.0" density="2.0" strength="3" size="192 32 16" brush="MOD/brush/blocksExtended.vox" object="sand"/>
			<voxbox id_="824886464" name="Sand" pos="0.0 0.0 -34.4" rot="0.0 0.0 0.0" density="2.0" strength="3" size="64 16 16" brush="MOD/brush/blocksExtended.vox" object="sand"/>
			<voxbox id_="1722391168" name="Sand" pos="22.4 0.0 -34.4" rot="0.0 0.0 0.0" density="2.0" strength="3" size="80 16 16" brush="MOD/brush/blocksExtended.vox" object="sand"/>
			<voxbox id_="731426432" name="Sand" pos="-17.6 0.0 -32.8" rot="0.0 0.0 0.0" density="2.0" strength="3" size="192 16 16" brush="MOD/brush/blocksExtended.vox" object="sand"/>
			<voxbox id_="474116352" name="Sand" pos="35.2 1.6 -31.2" rot="0.0 0.0 0.0" density="2.0" strength="3" size="160 16 160" brush="MOD/brush/blocksExtended.vox" object="sand"/>
			<voxbox id_="2065230976" name="Sand" pos="35.2 1.6 -15.2" rot="0.0 0.0 0.0" density="2.0" strength="3" size="48 16 16" brush="MOD/brush/blocksExtended.vox" object="sand"/>
			<voxbox id_="1271213824" name="Sand" pos="28.8 0.0 -32.8" rot="0.0 0.0 0.0" density="2.0" strength="3" size="64 16 16" brush="MOD/brush/blocksExtended.vox" object="sand"/>
			<voxbox id_="1119554304" name="Sand" pos="33.6 0.0 -31.2" rot="0.0 0.0 0.0" density="2.0" strength="3" size="320 16 16" brush="MOD/brush/blocksExtended.vox" object="sand"/>
			<voxbox id_="127606384" name="Sand" pos="-48.0 1.6 -18.4" rot="0.0 0.0 0.0" density="2.0" strength="3" size="160 16 176" brush="MOD/brush/blocksExtended.vox" object="sand"/>
			<voxbox id_="1138691968" name="Sand" pos="-64.0 1.6 -18.4" rot="0.0 0.0 0.0" density="2.0" strength="3" size="160 16 176" brush="MOD/brush/blocksExtended.vox" object="sand"/>
			<voxbox id_="1624867712" name="Sand" pos="-49.6 1.6 -29.6" rot="0.0 0.0 0.0" density="2.0" strength="3" size="144 16 112" brush="MOD/brush/blocksExtended.vox" object="sand"/>
			<voxbox id_="643144000" name="Sand" pos="-64.0 1.6 -28.0" rot="0.0 0.0 0.0" density="2.0" strength="3" size="144 16 96" brush="MOD/brush/blocksExtended.vox" object="sand"/>
			<voxbox id_="1212686592" name="Sand" pos="-35.2 0.0 -31.2" rot="0.0 0.0 0.0" density="2.0" strength="3" size="176 16 16" brush="MOD/brush/blocksExtended.vox" object="sand"/>
			<voxbox id_="1640138496" name="Sand" pos="-49.6 0.0 -29.6" rot="0.0 0.0 0.0" density="2.0" strength="3" size="144 16 16" brush="MOD/brush/blocksExtended.vox" object="sand"/>
			<voxbox id_="752595840" name="Sand" pos="-80.0 0.0 -28.0" rot="0.0 0.0 0.0" density="2.0" strength="3" size="304 16 16" brush="MOD/brush/blocksExtended.vox" object="sand"/>
			<voxbox id_="135471184" name="Sand" pos="-32.0 1.6 36.0" rot="0.0 0.0 0.0" density="2.0" strength="3" size="112 16 64" brush="MOD/brush/blocksExtended.vox" object="sand"/>
			<voxbox id_="379542144" name="Sand" pos="-32.0 1.6 42.4" rot="0.0 0.0 0.0" density="2.0" strength="3" size="96 16 160" brush="MOD/brush/blocksExtended.vox" object="sand"/>
			<voxbox id_="1160320128" name="Sand" pos="-48.0 1.6 32.8" rot="0.0 0.0 0.0" density="2.0" strength="3" size="160 16 192" brush="MOD/brush/blocksExtended.vox" object="sand"/>
			<voxbox id_="2109732608" name="Sand" pos="-64.0 1.6 32.8" rot="0.0 0.0 0.0" density="2.0" strength="3" size="160 16 192" brush="MOD/brush/blocksExtended.vox" object="sand"/>
			<voxbox id_="438986912" name="Sand" pos="-48.0 1.6 52.0" rot="0.0 0.0 0.0" density="2.0" strength="3" size="160 16 208" brush="MOD/brush/blocksExtended.vox" object="sand"/>
			<voxbox id_="1901970816" name="Sand" pos="-64.0 1.6 52.0" rot="0.0 0.0 0.0" density="2.0" strength="3" size="160 16 208" brush="MOD/brush/blocksExtended.vox" object="sand"/>
			<voxbox id_="2076831488" name="Sand" pos="-32.0 1.6 58.4" rot="0.0 0.0 0.0" density="2.0" strength="3" size="80 16 144" brush="MOD/brush/blocksExtended.vox" object="sand"/>
			<voxbox id_="1002565376" name="Sand" pos="51.2 1.6 -31.2" rot="0.0 0.0 0.0" density="2.0" strength="3" size="144 16 144" brush="MOD/brush/blocksExtended.vox" object="sand"/>
			<voxbox id_="665624256" name="Sand" pos="-80.0 1.6 -28.0" rot="0.0 0.0 0.0" density="2.0" strength="3" size="160 16 208" brush="MOD/brush/blocksExtended.vox" object="sand"/>
			<voxbox id_="1394363520" name="Sand" pos="-80.0 1.6 -7.2" rot="0.0 0.0 0.0" density="2.0" strength="3" size="160 16 208" brush="MOD/brush/blocksExtended.vox" object="sand"/>
			<voxbox id_="2130770944" name="Sand" pos="-80.0 1.6 34.4" rot="0.0 0.0 0.0" density="2.0" strength="3" size="160 16 208" brush="MOD/brush/blocksExtended.vox" object="sand"/>
			<voxbox id_="1029567872" name="Sand" pos="-80.0 1.6 13.6" rot="0.0 0.0 0.0" density="2.0" strength="3" size="160 16 208" brush="MOD/brush/blocksExtended.vox" object="sand"/>
			<voxbox id_="1222845312" name="Sand" pos="-80.0 1.6 55.2" rot="0.0 0.0 0.0" density="2.0" strength="3" size="160 16 176" brush="MOD/brush/blocksExtended.vox" object="sand"/>
			<voxbox id_="1544777856" name="Sand" pos="-48.0 1.6 -0.8" rot="0.0 0.0 0.0" density="2.0" strength="3" size="160 16 176" brush="MOD/brush/blocksExtended.vox" object="sand"/>
			<voxbox id_="768849728" name="Sand" pos="-64.0 1.6 -0.8" rot="0.0 0.0 0.0" density="2.0" strength="3" size="160 16 176" brush="MOD/brush/blocksExtended.vox" object="sand"/>
			<voxbox id_="96409344" name="Sand" pos="-48.0 1.6 16.8" rot="0.0 0.0 0.0" density="2.0" strength="3" size="160 16 160" brush="MOD/brush/blocksExtended.vox" object="sand"/>
			<voxbox id_="175188416" name="Sand" pos="-64.0 1.6 16.8" rot="0.0 0.0 0.0" density="2.0" strength="3" size="160 16 160" brush="MOD/brush/blocksExtended.vox" object="sand"/>
		</group>
		<group id_="1501193728" name="River" pos="21.5 -3.2 -50.4" rot="0.0 0.0 0.0">
			<voxbox id_="109255184" name="Sand" pos="-43.1 0.0 1.6" rot="0.0 0.0 0.0" density="2.0" strength="3" size="192 32 16" brush="MOD/brush/blocksExtended.vox" object="sand"/>
			<voxbox id_="1392397312" name="Sand" pos="-25.5 0.0 0.0" rot="0.0 0.0 0.0" density="2.0" strength="3" size="192 32 16" brush="MOD/brush/blocksExtended.vox" object="sand"/>
			<voxbox id_="1874968320" name="Sand" pos="-7.9 0.0 -1.6" rot="0.0 0.0 0.0" density="2.0" strength="3" size="48 32 16" brush="MOD/brush/blocksExtended.vox" object="sand"/>
			<voxbox id_="491746624" name="Sand" pos="-4.7 0.0 -3.2" rot="0.0 0.0 0.0" density="2.0" strength="3" size="224 32 16" brush="MOD/brush/blocksExtended.vox" object="sand"/>
			<voxbox id_="1920977408" name="Sand" pos="16.1 0.0 -1.6" rot="0.0 0.0 0.0" density="2.0" strength="3" size="96 32 16" brush="MOD/brush/blocksExtended.vox" object="sand"/>
			<voxbox id_="317868992" name="Sand" pos="20.9 0.0 0.0" rot="0.0 0.0 0.0" density="2.0" strength="3" size="80 32 16" brush="MOD/brush/blocksExtended.vox" object="sand"/>
			<voxbox id_="451701696" name="Sand" pos="25.7 0.0 1.6" rot="0.0 0.0 0.0" density="2.0" strength="3" size="320 32 16" brush="MOD/brush/blocksExtended.vox" object="sand"/>
			<voxbox id_="890819712" name="Sand" pos="-57.5 0.0 3.2" rot="0.0 0.0 0.0" density="2.0" strength="3" size="160 32 16" brush="MOD/brush/blocksExtended.vox" object="sand"/>
			<voxbox id_="1869462912" name="Sand" pos="-87.9 0.0 4.8" rot="0.0 0.0 0.0" density="2.0" strength="3" size="320 32 16" brush="MOD/brush/blocksExtended.vox" object="sand"/>
			<voxbox id_="863489472" name="Sand" pos="28.9 -1.6 0.0" rot="0.0 0.0 0.0" density="2.0" strength="3" size="288 32 16" brush="MOD/brush/blocksExtended.vox" object="sand"/>
			<voxbox id_="309742048" name="Sand" pos="25.7 -1.6 -1.6" rot="0.0 0.0 0.0" density="2.0" strength="3" size="80 32 16" brush="MOD/brush/blocksExtended.vox" object="sand"/>
			<voxbox id_="915266112" name="Sand" pos="17.7 -1.6 -3.2" rot="0.0 0.0 0.0" density="2.0" strength="3" size="112 32 16" brush="MOD/brush/blocksExtended.vox" object="sand"/>
			<voxbox id_="123870600" name="Sand" pos="-6.3 -1.6 -4.8" rot="0.0 0.0 0.0" density="2.0" strength="3" size="256 32 16" brush="MOD/brush/blocksExtended.vox" object="sand"/>
			<voxbox id_="35522680" name="Sand" pos="-14.3 -1.6 -3.2" rot="0.0 0.0 0.0" density="2.0" strength="3" size="96 32 16" brush="MOD/brush/blocksExtended.vox" object="sand"/>
			<voxbox id_="661036416" name="Sand" pos="-30.3 -1.6 -1.6" rot="0.0 0.0 0.0" density="2.0" strength="3" size="224 32 16" brush="MOD/brush/blocksExtended.vox" object="sand"/>
			<voxbox id_="93132336" name="Sand" pos="-44.7 -1.6 0.0" rot="0.0 0.0 0.0" density="2.0" strength="3" size="192 32 16" brush="MOD/brush/blocksExtended.vox" object="sand"/>
			<voxbox id_="856214528" name="Sand" pos="-59.1 -1.6 1.6" rot="0.0 0.0 0.0" density="2.0" strength="3" size="160 32 16" brush="MOD/brush/blocksExtended.vox" object="sand"/>
			<voxbox id_="1294152832" name="Sand" pos="-87.9 -1.6 3.2" rot="0.0 0.0 0.0" density="2.0" strength="3" size="304 32 16" brush="MOD/brush/blocksExtended.vox" object="sand"/>
			<voxbox id_="1324497920" name="Sand" pos="-3.1 -1.6 -6.4" rot="0.0 0.0 0.0" density="2.0" strength="3" size="192 32 16" brush="MOD/brush/blocksExtended.vox" object="sand"/>
		</group>
		<group id_="435644384" name="TopLayer" pos="31.2 0.0 4.8">
			<voxbox id_="1880932480" name="Sand" pos="17.6 0.0 -34.4" rot="0.0 0.0 0.0" density="2.0" strength="3" size="64 16 16" brush="MOD/brush/blocksExtended.vox" object="sand"/>
			<voxbox id_="366368608" name="Sand" pos="22.4 0.0 -36.0" rot="0.0 0.0 0.0" density="2.0" strength="3" size="80 16 16" brush="MOD/brush/blocksExtended.vox" object="sand"/>
			<voxbox id_="1522297600" name="Sand" pos="28.8 1.6 -37.6" rot="0.0 0.0 0.0" density="2.0" strength="3" size="48 16 16" brush="MOD/brush/blocksExtended.vox" object="sand"/>
			<voxbox id_="410345952" name="Sand" pos="22.4 1.6 -36.0" rot="0.0 0.0 0.0" density="2.0" strength="3" size="112 16 16" brush="MOD/brush/blocksExtended.vox" object="sand"/>
			<voxbox id_="1626506240" name="Sand" pos="17.6 1.6 -34.4" rot="0.0 0.0 0.0" density="2.0" strength="3" size="160 16 192" brush="MOD/brush/blocksExtended.vox" object="sand"/>
			<voxbox id_="1702270464" name="sandstonePath" pos="12.8 0.0 -34.4" rot="0.0 0.0 0.0" size="48 24 16" brush="MOD/brush/blocksExtended.vox" object="sandstone" offset="0 8 0"/>
			<voxbox id_="1671663232" name="sandstonePath" pos="12.8 1.6 -32.8" rot="0.0 0.0 0.0" size="48 16 128" brush="MOD/brush/blocksExtended.vox" object="sandstone"/>
			<voxbox id_="2135227648" name="Sand" pos="8.0 0.0 -34.4" rot="0.0 0.0 0.0" density="2.0" strength="3" size="48 32 16" brush="MOD/brush/blocksExtended.vox" object="sand"/>
			<voxbox id_="1222124416" name="Sand" pos="4.8 1.6 -32.8" rot="0.0 0.0 0.0" density="2.0" strength="3" size="80 16 32" brush="MOD/brush/blocksExtended.vox" object="sand"/>
			<voxbox id_="40896960" name="Sand" pos="3.2 1.6 -29.6" rot="0.0 0.0 0.0" density="2.0" strength="3" size="96 16 80" brush="MOD/brush/blocksExtended.vox" object="sand"/>
			<voxbox id_="582650624" name="Sand" pos="1.6 1.6 -21.6" rot="0.0 0.0 0.0" density="2.0" strength="3" size="112 16 176" brush="MOD/brush/blocksExtended.vox" object="sand"/>
			<voxbox id_="23463320" name="sandstonePath" pos="12.8 1.6 -20.0" rot="0.0 0.0 0.0" size="48 16 208" brush="MOD/brush/blocksExtended.vox" object="sandstone"/>
			<voxbox id_="1708758912" name="Sand" pos="17.6 1.6 -15.2" rot="0.0 0.0 0.0" density="2.0" strength="3" size="160 16 176" brush="MOD/brush/blocksExtended.vox" object="sand"/>
			<voxbox id_="1532652928" name="Sand" pos="1.6 1.6 -4.0" rot="0.0 0.0 0.0" density="2.0" strength="3" size="112 16 176" brush="MOD/brush/blocksExtended.vox" object="sand"/>
			<voxbox id_="1433425280" name="sandstonePath" pos="12.8 1.6 0.8" rot="0.0 0.0 0.0" size="48 16 208" brush="MOD/brush/blocksExtended.vox" object="sandstone"/>
			<voxbox id_="612274688" name="Sand" pos="17.6 1.6 2.4" rot="0.0 0.0 0.0" density="2.0" strength="3" size="160 16 176" brush="MOD/brush/blocksExtended.vox" object="sand"/>
			<voxbox id_="2105472512" name="Sand" pos="17.6 1.6 20.0" rot="0.0 0.0 0.0" density="2.0" strength="3" size="160 16 176" brush="MOD/brush/blocksExtended.vox" object="sand"/>
			<voxbox id_="679780864" name="Sand" pos="3.2 1.6 26.4" rot="0.0 0.0 0.0" density="2.0" strength="3" size="144 16 112" brush="MOD/brush/blocksExtended.vox" object="sand"/>
			<voxbox id_="2095969152" name="sandstonePath" pos="3.2 1.6 21.6" rot="0.0 0.0 0.0" size="144 16 48" brush="MOD/brush/blocksExtended.vox" object="sandstone"/>
			<voxbox id_="317148064" name="Sand" pos="-1.6 1.6 13.6" rot="0.0 0.0 0.0" density="2.0" strength="3" size="144 16 80" brush="MOD/brush/blocksExtended.vox" object="sand"/>
			<voxbox id_="1111361792" name="sandstonePath" pos="-1.6 1.6 21.6" rot="0.0 0.0 0.0" size="48 16 160" brush="MOD/brush/blocksExtended.vox" object="sandstone"/>
			<voxbox id_="171649264" name="Sand" pos="-12.8 1.6 13.6" rot="0.0 0.0 0.0" density="2.0" strength="3" size="112 16 192" brush="MOD/brush/blocksExtended.vox" object="sand"/>
			<voxbox id_="1559852032" name="sandstonePath" pos="-17.6 1.6 15.2" rot="0.0 0.0 0.0" size="48 16 176" brush="MOD/brush/blocksExtended.vox" object="sandstone"/>
			<voxbox id_="675782912" name="sandstonePath" pos="-17.6 1.6 32.8" rot="0.0 0.0 0.0" size="160 16 48" brush="MOD/brush/blocksExtended.vox" object="sandstone"/>
			<voxbox id_="1771677312" name="Sand" pos="-33.6 1.6 13.6" rot="0.0 0.0 0.0" density="2.0" strength="3" size="160 16 240" brush="MOD/brush/blocksExtended.vox" object="sand"/>
			<voxbox id_="1282945536" name="sandstonePath" pos="-17.6 1.6 13.6" rot="0.0 0.0 0.0" size="48 8 16" brush="MOD/brush/blocksExtended.vox" object="sandstone" offset="0 8 0"/>
			<voxbox id_="2050550016" name="Sand" pos="0.0 1.6 8.8" rot="0.0 0.0 0.0" density="2.0" strength="3" size="16 16 48" brush="MOD/brush/blocksExtended.vox" object="sand"/>
			<voxbox id_="677028224" name="Sand" pos="-38.4 1.6 15.2" rot="0.0 0.0 0.0" density="2.0" strength="3" size="48 16 224" brush="MOD/brush/blocksExtended.vox" object="sand"/>
			<voxbox id_="222115056" name="Sand" pos="-40.0 1.6 16.8" rot="0.0 0.0 0.0" density="2.0" strength="3" size="16 16 208" brush="MOD/brush/blocksExtended.vox" object="sand"/>
			<voxbox id_="18351200" name="Sand" pos="-41.6 1.6 21.6" rot="0.0 0.0 0.0" density="2.0" strength="3" size="16 16 160" brush="MOD/brush/blocksExtended.vox" object="sand"/>
			<voxbox id_="1085670144" name="Sand" pos="-38.4 0.0 15.2" rot="0.0 0.0 0.0" density="2.0" strength="3" size="16 16 16" brush="MOD/brush/blocksExtended.vox" object="sand"/>
			<voxbox id_="33032160" name="Sand" pos="-43.2 1.6 37.6" rot="0.0 0.0 0.0" density="2.0" strength="3" size="192 16 144" brush="MOD/brush/blocksExtended.vox" object="sand"/>
			<voxbox id_="387275872" name="Sand" pos="-24.0 1.6 37.6" rot="0.0 0.0 0.0" density="2.0" strength="3" size="192 16 144" brush="MOD/brush/blocksExtended.vox" object="sand"/>
			<voxbox id_="180824864" name="Sand" pos="14.4 1.6 37.6" rot="0.0 0.0 0.0" density="2.0" strength="3" size="192 16 144" brush="MOD/brush/blocksExtended.vox" object="sand"/>
			<voxbox id_="2116810880" name="Sand" pos="-4.8 1.6 37.6" rot="0.0 0.0 0.0" density="2.0" strength="3" size="192 16 144" brush="MOD/brush/blocksExtended.vox" object="sand"/>
			<voxbox id_="620860416" name="Sand" pos="33.6 1.6 32.8" rot="0.0 0.0 0.0" density="2.0" strength="3" size="144 16 192" brush="MOD/brush/blocksExtended.vox" object="sand"/>
			<voxbox id_="218051584" name="Sand" pos="33.6 1.6 13.6" rot="0.0 0.0 0.0" density="2.0" strength="3" size="144 16 192" brush="MOD/brush/blocksExtended.vox" object="sand"/>
			<voxbox id_="1075970176" name="Sand" pos="33.6 1.6 -5.6" rot="0.0 0.0 0.0" density="2.0" strength="3" size="144 16 192" brush="MOD/brush/blocksExtended.vox" object="sand"/>
			<voxbox id_="1611956352" name="Sand" pos="33.6 1.6 -39.2" rot="0.0 0.0 0.0" density="2.0" strength="3" size="144 16 144" brush="MOD/brush/blocksExtended.vox" object="sand"/>
			<voxbox id_="218706976" name="Sand" pos="33.6 1.6 -24.8" rot="0.0 0.0 0.0" density="2.0" strength="3" size="144 16 192" brush="MOD/brush/blocksExtended.vox" object="sand"/>
		</group>
	</group>
	<group id_="1249585664" name="Buildings" pos="20.0 17.5 12.7">
		<instance id_="1902953856" pos="-22.4 6.5 32.9" rot="0.0 90.0 0.0" file="MOD/DesertBuildings/2Bed1Chest.xml"/>
		<instance id_="573802688" pos="-22.4 4.9 15.3" rot="0.0 0.0 0.0" file="MOD/DesertBuildings/CactusGarden.xml"/>
		<instance id_="1056635904" pos="-13.6 4.9 -37.5" rot="0.0 -90.0 0.0" file="MOD/DesertBuildings/AnimalPen.xml"/>
		<instance id_="3539160" pos="-24.0 0.1 -21.6" rot="0.0 90.0 0.0" file="MOD/DesertBuildings/BasementHouse.xml"/>
		<instance id_="1346584832" pos="24.0 6.5 -2.29999" rot="0.0 -90.0 0.0" file="MOD/DesertBuildings/BlastFurnaceHouse.xml"/>
		<instance id_="456879328" pos="-7.9 3.3 -8.7" rot="0.0 -90.0 0.0" file="MOD/DesertBuildings/SmallHouseA.xml"/>
		<instance id_="519666656" pos="-22.4 3.3 -5.6" rot="0.0 0.0 0.0" file="MOD/DesertBuildings/SmallHouseB.xml"/>
		<instance id_="708421888" pos="-6.3 3.3 13.7" rot="0.0 -90.0 0.0" file="MOD/DesertBuildings/SmallHouseC.xml"/>
		<instance id_="1568175616" pos="9.6 4.9 39.2" rot="0.0 180.0 0.0" file="MOD/DesertBuildings/SmallHouseD.xml"/>
		<instance id_="1646626944" pos="24.0 4.9 28.1" rot="0.0 -90.0 0.0" file="MOD/DesertBuildings/PorchHouse.xml"/>
		<instance id_="1573222144" pos="9.6 6.5 18.5" rot="0.0 90.0 0.0" file="MOD/DesertBuildings/AnimalShed.xml"/>
		<instance id_="2011684736" pos="-6.4 3.3 2.5" rot="0.0 -90.0 0.0" file="MOD/DesertBuildings/Librarian.xml"/>
		<instance id_="1022424000" pos="-5.6 3.3 -22.3" rot="0.0 180.0 0.0" file="MOD/DesertBuildings/ManyDoor2Floor.xml"/>
		<instance id_="1108346880" pos="-6.4 6.4 34.49999" rot="0.0 -90.0 0.0" file="MOD/DesertBuildings/Cartographer.xml"/>
		<instance id_="865914496" pos="8.0 6.5 2.5" rot="0.0 90.0 0.0" file="MOD/DesertBuildings/Tower.xml"/>
		<instance id_="951313088" pos="28.8 6.5 -16.7" rot="0.0 90.0 0.0" file="MOD/DesertBuildings/CactusGarden.xml"/>
		<instance id_="1758307072" pos="24.1 4.9 13.7" rot="0.0 -90.0 0.0" file="MOD/DesertBuildings/SmallHouseC.xml"/>
		<instance id_="533364512" pos="9.6 4.9 -37.5" rot="0.0 0.0 0.0" file="MOD/DesertBuildings/2Bed1Chest.xml"/>
		<instance id_="1828959232" pos="-38.4 4.9 2.50001" rot="0.0 90.0 0.0" file="MOD/DesertBuildings/BlastFurnaceHouse.xml"/>
	</group>
	<group id_="1942540032" open_="true" name="Cacti" pos="11.2 22.4 11.9">
		<voxbox id_="2098721920" name="Cactus2" pos="-25.6 0.0 16.9" strength="2.0" size="16 32 16" brush="MOD/Parts/DesertPlants.vox" object="cactus" offset="0 16 0"/>
		<voxbox id_="1943981952" name="Cactus3" pos="-35.2 0.0 7.3" strength="2.0" size="16 48 16" brush="MOD/Parts/DesertPlants.vox" object="cactus"/>
		<voxbox id_="884462272" name="Cactus3" pos="-25.6 0.0 -8.7" strength="2.0" size="16 48 16" brush="MOD/Parts/DesertPlants.vox" object="cactus"/>
		<voxbox id_="455175296" name="Cactus2" pos="-36.8 0.0 -18.3" strength="2.0" size="16 32 16" brush="MOD/Parts/DesertPlants.vox" object="cactus" offset="0 16 0"/>
		<voxbox id_="1412059264" name="Cactus3" pos="-20.8 0.0 -35.9" strength="2.0" size="16 48 16" brush="MOD/Parts/DesertPlants.vox" object="cactus"/>
		<voxbox id_="382163744" name="Cactus2" pos="8.0 0.0 -42.3" strength="2.0" size="16 32 16" brush="MOD/Parts/DesertPlants.vox" object="cactus" offset="0 16 0"/>
		<voxbox id_="825738432" name="Cactus2" pos="35.2 0.0 -32.7" strength="2.0" size="16 32 16" brush="MOD/Parts/DesertPlants.vox" object="cactus" offset="0 16 0"/>
		<voxbox id_="1855175296" name="Cactus3" pos="14.4 1.6 -10.3" strength="2.0" size="16 48 16" brush="MOD/Parts/DesertPlants.vox" object="cactus"/>
		<voxbox id_="1346715904" name="Cactus3" pos="3.2 1.6 24.9" strength="2.0" size="16 48 16" brush="MOD/Parts/DesertPlants.vox" object="cactus"/>
		<voxbox id_="2076372736" name="Cactus2" pos="35.2 1.6 40.9" strength="2.0" size="16 32 16" brush="MOD/Parts/DesertPlants.vox" object="cactus" offset="0 16 0"/>
		<voxbox id_="812958144" name="Cactus2" pos="-20.8 1.6 39.3" strength="2.0" size="16 32 16" brush="MOD/Parts/DesertPlants.vox" object="cactus" offset="0 16 0"/>
		<voxbox id_="1509517312" name="Cactus2" pos="8.0 0.0 8.9" strength="2.0" size="16 32 16" brush="MOD/Parts/DesertPlants.vox" object="cactus" offset="0 16 0"/>
		<voxbox id_="263929584" name="Cactus3" pos="49.6 1.6 10.5" strength="2.0" size="16 48 16" brush="MOD/Parts/DesertPlants.vox" object="cactus"/>
		<voxbox id_="1182210560" name="Cactus3" pos="-52.8 0.0 31.3" strength="2.0" size="16 48 16" brush="MOD/Parts/DesertPlants.vox" object="cactus"/>
		<voxbox id_="1034876608" name="Cactus2" pos="-43.2 0.0 40.9" strength="2.0" size="16 32 16" brush="MOD/Parts/DesertPlants.vox" object="cactus" offset="0 16 0"/>
		<voxbox id_="1656589056" name="Cactus3" pos="-68.8 0.0 52.1" strength="2.0" size="16 48 16" brush="MOD/Parts/DesertPlants.vox" object="cactus"/>
		<voxbox id_="1908852480" name="Cactus2" pos="-76.8 0.0 39.3" strength="2.0" size="16 32 16" brush="MOD/Parts/DesertPlants.vox" object="cactus" offset="0 16 0"/>
		<voxbox id_="1216094720" name="Cactus2" pos="-80.0 0.0 -37.5" strength="2.0" size="16 32 16" brush="MOD/Parts/DesertPlants.vox" object="cactus" offset="0 16 0"/>
		<voxbox id_="352539648" name="Cactus3" pos="-44.8 0.0 -31.1" strength="2.0" size="16 48 16" brush="MOD/Parts/DesertPlants.vox" object="cactus"/>
		<voxbox id_="1156649984" name="Cactus2" pos="-65.60001 0.0 -21.5" strength="2.0" size="16 32 16" brush="MOD/Parts/DesertPlants.vox" object="cactus" offset="0 16 0"/>
		<voxbox id_="1569420800" name="Cactus3" pos="-84.8 0.0 -2.3" strength="2.0" size="16 48 16" brush="MOD/Parts/DesertPlants.vox" object="cactus"/>
		<voxbox id_="131932016" name="Cactus3" pos="8.0 1.6 55.3" strength="2.0" size="16 48 16" brush="MOD/Parts/DesertPlants.vox" object="cactus"/>
		<voxbox id_="18089040" name="Cactus3" pos="-62.4 0.0 0.9" strength="2.0" size="16 48 16" brush="MOD/Parts/DesertPlants.vox" object="cactus"/>
	</group>
	<group id_="261045824" open_="true" name="Dead Bushes" pos="22.4 22.4 19.9">
		<vox id_="756462656" name="DeadBush" pos="-44.0 0.0 -12.7" rot="0.0 -45.0 0.0" file="MOD/Parts/DesertPlants.vox" object="deadbush"/>
		<vox id_="1042675840" name="DeadBush" pos="-36.0 0.0 -33.5" rot="0.0 -45.0 0.0" file="MOD/Parts/DesertPlants.vox" object="deadbush"/>
		<vox id_="493647296" name="DeadBush" pos="-5.6 0.0 -39.9" rot="0.0 -45.0 0.0" file="MOD/Parts/DesertPlants.vox" object="deadbush"/>
		<vox id_="1723243264" name="DeadBush" pos="-7.2 0.0 -22.3" rot="0.0 -45.0 0.0" file="MOD/Parts/DesertPlants.vox" object="deadbush"/>
		<vox id_="228013664" name="DeadBush" pos="0.8 0.0 -30.3" rot="0.0 -45.0 0.0" file="MOD/Parts/DesertPlants.vox" object="deadbush"/>
		<vox id_="1193352320" name="DeadBush" pos="7.2 1.6 -27.1" rot="0.0 -45.0 0.0" file="MOD/Parts/DesertPlants.vox" object="deadbush"/>
		<vox id_="852019968" name="DeadBush" pos="2.4 1.6 -12.7" rot="0.0 -45.0 0.0" file="MOD/Parts/DesertPlants.vox" object="deadbush"/>
		<vox id_="262422160" name="DeadBush" pos="-0.8 1.6 12.9" rot="0.0 -45.0 0.0" file="MOD/Parts/DesertPlants.vox" object="deadbush"/>
		<vox id_="1373456256" name="DeadBush" pos="20.0 1.6 14.5" rot="0.0 -45.0 0.0" file="MOD/Parts/DesertPlants.vox" object="deadbush"/>
		<vox id_="744468864" name="DeadBush" pos="26.4 1.6 -1.5" rot="0.0 -45.0 0.0" file="MOD/Parts/DesertPlants.vox" object="deadbush"/>
		<vox id_="965338688" name="DeadBush" pos="23.2 1.6 -33.5" rot="0.0 -45.0 0.0" file="MOD/Parts/DesertPlants.vox" object="deadbush"/>
		<vox id_="1950470400" name="DeadBush" pos="16.8 0.0 -44.7" rot="0.0 -45.0 0.0" file="MOD/Parts/DesertPlants.vox" object="deadbush"/>
		<vox id_="501053312" name="DeadBush" pos="-20.0 0.0 -14.3" rot="0.0 -45.0 0.0" file="MOD/Parts/DesertPlants.vox" object="deadbush"/>
		<vox id_="1911080832" name="DeadBush" pos="-23.2 1.6 16.1" rot="0.0 -45.0 0.0" file="MOD/Parts/DesertPlants.vox" object="deadbush"/>
		<vox id_="524516608" name="DeadBush" pos="-10.4 1.6 20.9" rot="0.0 -45.0 0.0" file="MOD/Parts/DesertPlants.vox" object="deadbush"/>
		<vox id_="961930560" name="DeadBush" pos="-2.4 1.6 19.3" rot="0.0 -45.0 0.0" file="MOD/Parts/DesertPlants.vox" object="deadbush"/>
		<vox id_="1147736448" name="DeadBush" pos="15.2 1.6 27.3" rot="0.0 -45.0 0.0" file="MOD/Parts/DesertPlants.vox" object="deadbush"/>
		<vox id_="1632732416" name="DeadBush" pos="4.0 1.6 40.1" rot="0.0 -45.0 0.0" file="MOD/Parts/DesertPlants.vox" object="deadbush"/>
		<vox id_="1548644608" name="DeadBush" pos="-15.2 1.6 49.7" rot="0.0 -45.0 0.0" file="MOD/Parts/DesertPlants.vox" object="deadbush"/>
		<vox id_="590580928" name="DeadBush" pos="-39.2 1.6 43.3" rot="0.0 -45.0 0.0" file="MOD/Parts/DesertPlants.vox" object="deadbush"/>
		<vox id_="369645600" name="DeadBush" pos="29.6 1.6 43.3" rot="0.0 -45.0 0.0" file="MOD/Parts/DesertPlants.vox" object="deadbush"/>
		<vox id_="1886306688" name="DeadBush" pos="34.4 1.6 30.5" rot="0.0 -45.0 0.0" file="MOD/Parts/DesertPlants.vox" object="deadbush"/>
		<vox id_="1826599808" name="DeadBush" pos="40.8 1.6 17.7" rot="0.0 -45.0 0.0" file="MOD/Parts/DesertPlants.vox" object="deadbush"/>
		<vox id_="1292055552" name="DeadBush" pos="32.8 1.6 9.7" rot="0.0 -45.0 0.0" file="MOD/Parts/DesertPlants.vox" object="deadbush"/>
		<vox id_="158344640" name="DeadBush" pos="36.0 1.6 -30.3" rot="0.0 -45.0 0.0" file="MOD/Parts/DesertPlants.vox" object="deadbush"/>
		<vox id_="1777903616" name="DeadBush" pos="34.4 1.6 -9.5" rot="0.0 -45.0 0.0" file="MOD/Parts/DesertPlants.vox" object="deadbush"/>
		<vox id_="1887355392" name="DeadBush" pos="40.8 1.6 -4.7" rot="0.0 -45.0 0.0" file="MOD/Parts/DesertPlants.vox" object="deadbush"/>
		<vox id_="101652544" name="DeadBush" pos="44.00001 1.6 -22.3" rot="0.0 -45.0 0.0" file="MOD/Parts/DesertPlants.vox" object="deadbush"/>
		<vox id_="1275736064" name="DeadBush" pos="31.2 0.0 -49.5" rot="0.0 -45.0 0.0" file="MOD/Parts/DesertPlants.vox" object="deadbush"/>
		<vox id_="1060043968" name="DeadBush" pos="39.20001 0.0 -41.5" rot="0.0 -45.0 0.0" file="MOD/Parts/DesertPlants.vox" object="deadbush"/>
		<vox id_="1582659968" name="DeadBush" pos="-92.00001 0.0 -30.3" rot="0.0 -45.0 0.0" file="MOD/Parts/DesertPlants.vox" object="deadbush"/>
		<vox id_="2027479936" name="DeadBush" pos="-83.99999 0.0 -22.3" rot="0.0 -45.0 0.0" file="MOD/Parts/DesertPlants.vox" object="deadbush"/>
		<vox id_="911792512" name="DeadBush" pos="-93.60001 0.0 -6.3" rot="0.0 -45.0 0.0" file="MOD/Parts/DesertPlants.vox" object="deadbush"/>
		<vox id_="195702432" name="DeadBush" pos="-87.20001 0.0 3.3" rot="0.0 -45.0 0.0" file="MOD/Parts/DesertPlants.vox" object="deadbush"/>
		<vox id_="56692100" name="DeadBush" pos="-96.80001 0.0 9.7" rot="0.0 -45.0 0.0" file="MOD/Parts/DesertPlants.vox" object="deadbush"/>
		<vox id_="296240800" name="DeadBush" pos="-79.20001 0.0 17.7" rot="0.0 -45.0 0.0" file="MOD/Parts/DesertPlants.vox" object="deadbush"/>
		<vox id_="439511232" name="DeadBush" pos="-60.00001 0.0 36.9" rot="0.0 -45.0 0.0" file="MOD/Parts/DesertPlants.vox" object="deadbush"/>
		<vox id_="537952320" name="DeadBush" pos="-66.40001 0.0 27.3" rot="0.0 -45.0 0.0" file="MOD/Parts/DesertPlants.vox" object="deadbush"/>
		<vox id_="1799531776" name="DeadBush" pos="-69.60002 0.0 43.3" rot="0.0 -45.0 0.0" file="MOD/Parts/DesertPlants.vox" object="deadbush"/>
		<vox id_="883020416" name="DeadBush" pos="-50.40001 0.0 19.3" rot="0.0 -45.0 0.0" file="MOD/Parts/DesertPlants.vox" object="deadbush"/>
		<vox id_="1634502016" name="DeadBush" pos="-37.60001 0.0 1.7" rot="0.0 -45.0 0.0" file="MOD/Parts/DesertPlants.vox" object="deadbush"/>
		<vox id_="1472683776" name="DeadBush" pos="-92.00002 0.0 36.9" rot="0.0 -45.0 0.0" file="MOD/Parts/DesertPlants.vox" object="deadbush"/>
		<vox id_="1672908544" name="DeadBush" pos="-61.60001 0.0 -38.3" rot="0.0 -45.0 0.0" file="MOD/Parts/DesertPlants.vox" object="deadbush"/>
		<vox id_="2066017408" name="DeadBush" pos="-71.20001 0.0 -31.9" rot="0.0 -45.0 0.0" file="MOD/Parts/DesertPlants.vox" object="deadbush"/>
		<vox id_="1378437248" name="DeadBush" pos="-68.00002 0.0 -47.9" rot="0.0 -45.0 0.0" file="MOD/Parts/DesertPlants.vox" object="deadbush"/>
		<vox id_="1109198976" name="DeadBush" pos="-53.60001 0.0 -23.9" rot="0.0 -45.0 0.0" file="MOD/Parts/DesertPlants.vox" object="deadbush"/>
		<vox id_="602181504" name="DeadBush" pos="-44.00001 0.0 -46.3" rot="0.0 -45.0 0.0" file="MOD/Parts/DesertPlants.vox" object="deadbush"/>
		<vox id_="2116810880" name="DeadBush" pos="-61.60001 0.0 -12.7" rot="0.0 -45.0 0.0" file="MOD/Parts/DesertPlants.vox" object="deadbush"/>
		<vox id_="1159271552" name="DeadBush" pos="-53.60001 0.0 6.5" rot="0.0 -45.0 0.0" file="MOD/Parts/DesertPlants.vox" object="deadbush"/>
		<vox id_="1579186304" name="DeadBush" pos="-71.20003 0.0 -1.5" rot="0.0 -45.0 0.0" file="MOD/Parts/DesertPlants.vox" object="deadbush"/>
	</group>
	<group id_="617583424" name="RiverBedrock" pos="11.2 17.6 -32.0">
		<voxbox id_="1382304128" name="Bedrock" pos="14.4 1.6 -1.6" rot="0.0 0.0 0.0" size="64 16 32" brush="MOD/brush/Solid.vox" object="Bedrock"/>
		<voxbox id_="1242638336" name="Bedrock" pos="24.0 0.0 0.0" rot="0.0 0.0 0.0" size="336 16 16" brush="MOD/brush/Solid.vox" object="Bedrock"/>
		<voxbox id_="91362760" name="Bedrock" pos="24.0 1.6 1.6" rot="0.0 0.0 0.0" size="336 16 16" brush="MOD/brush/Solid.vox" object="Bedrock"/>
		<voxbox id_="1543729152" name="Bedrock" pos="19.2 1.6 0.0" rot="0.0 0.0 0.0" size="64 16 16" brush="MOD/brush/Solid.vox" object="Bedrock"/>
		<voxbox id_="681747072" name="Bedrock" pos="19.2 0.0 -1.6" rot="0.0 0.0 0.0" size="64 16 16" brush="MOD/brush/Solid.vox" object="Bedrock"/>
		<voxbox id_="1312897280" name="Bedrock" pos="12.8 0.0 -3.2" rot="0.0 0.0 0.0" size="80 16 16" brush="MOD/brush/Solid.vox" object="Bedrock"/>
		<voxbox id_="348214016" name="Bedrock" pos="-1.6 1.6 -3.2" rot="0.0 0.0 0.0" size="160 16 48" brush="MOD/brush/Solid.vox" object="Bedrock"/>
		<voxbox id_="74387904" name="Bedrock" pos="-3.2 0.0 -4.8" rot="0.0 0.0 0.0" size="192 16 16" brush="MOD/brush/Solid.vox" object="Bedrock"/>
		<voxbox id_="36047000" name="Bedrock" pos="-6.4 0.0 -3.2" rot="0.0 0.0 0.0" size="64 16 16" brush="MOD/brush/Solid.vox" object="Bedrock"/>
		<voxbox id_="885576448" name="Bedrock" pos="-6.4 1.6 -1.6" rot="0.0 0.0 0.0" size="64 16 32" brush="MOD/brush/Solid.vox" object="Bedrock"/>
		<voxbox id_="1141051392" name="Bedrock" pos="-24.0 0.0 -1.6" rot="0.0 0.0 0.0" size="176 16 16" brush="MOD/brush/Solid.vox" object="Bedrock"/>
		<voxbox id_="911006016" name="Bedrock" pos="-25.6 1.6 0.0" rot="0.0 0.0 0.0" size="192 16 16" brush="MOD/brush/Solid.vox" object="Bedrock"/>
		<voxbox id_="563512896" name="Bedrock" pos="-41.6 0.0 0.0" rot="0.0 0.0 0.0" size="176 16 16" brush="MOD/brush/Solid.vox" object="Bedrock"/>
		<voxbox id_="39324000" name="Bedrock" pos="-43.2 1.6 1.6" rot="0.0 0.0 0.0" size="176 16 16" brush="MOD/brush/Solid.vox" object="Bedrock"/>
		<voxbox id_="1548579072" name="Bedrock" pos="-56.0 0.0 1.6" rot="0.0 0.0 0.0" size="144 16 16" brush="MOD/brush/Solid.vox" object="Bedrock"/>
		<voxbox id_="1016722048" name="Bedrock" pos="-57.6 1.6 3.2" rot="0.0 0.0 0.0" size="144 16 16" brush="MOD/brush/Solid.vox" object="Bedrock"/>
		<voxbox id_="1393708160" name="Bedrock" pos="-88.00001 0.0 3.2" rot="0.0 0.0 0.0" size="320 16 16" brush="MOD/brush/Solid.vox" object="Bedrock"/>
		<voxbox id_="796573184" name="Bedrock" pos="-88.00001 1.6 4.8" rot="0.0 0.0 0.0" size="304 16 16" brush="MOD/brush/Solid.vox" object="Bedrock"/>
		<voxbox id_="1418285568" name="Bedrock" pos="24.0 -1.6 -1.6" rot="0.0 0.0 0.0" size="336 16 16" brush="MOD/brush/Solid.vox" object="Bedrock"/>
		<voxbox id_="510556608" name="Bedrock" pos="19.2 0.0 -1.6" rot="0.0 0.0 0.0" size="64 16 16" brush="MOD/brush/Solid.vox" object="Bedrock"/>
		<voxbox id_="1870315008" name="Bedrock" pos="17.6 -1.6 -4.8" rot="0.0 0.0 0.0" size="112 16 32" brush="MOD/brush/Solid.vox" object="Bedrock"/>
		<voxbox id_="1171265280" name="Bedrock" pos="-8.0 -1.6 -6.4" rot="0.0 0.0 0.0" size="256 16 32" brush="MOD/brush/Solid.vox" object="Bedrock"/>
		<voxbox id_="563381824" name="Bedrock" pos="-25.6 -1.6 -3.2" rot="0.0 0.0 0.0" size="192 16 16" brush="MOD/brush/Solid.vox" object="Bedrock"/>
		<voxbox id_="1498375424" name="Bedrock" pos="-43.2 -1.6 -1.6" rot="0.0 0.0 0.0" size="192 16 16" brush="MOD/brush/Solid.vox" object="Bedrock"/>
		<voxbox id_="720481216" name="Bedrock" pos="-57.6 -1.6 0.0" rot="0.0 0.0 0.0" size="160 16 16" brush="MOD/brush/Solid.vox" object="Bedrock"/>
		<voxbox id_="60427880" name="Bedrock" pos="-88.00001 -1.6 1.6" rot="0.0 0.0 0.0" size="320 16 16" brush="MOD/brush/Solid.vox" object="Bedrock"/>
	</group>
	<group id_="1904002560" name="SugarCane" pos="7.1 19.2 -36.9">
		<voxbox id_="1951650176" name="Sugarcane 3" pos="-2.1 0.0 -2.9" rot="0.0 -45.0 0.0" strength="2.0" size="16 48 1" brush="MOD/brush/blocksExtended.vox" object="sugarcane" offset="0 16 0">
			<voxbox id_="1689293440" name="Sugarcane" pos="0.9 0.0 -0.8" rot="0.0 -90.0 0.0" strength="2.0" size="16 48 1" brush="MOD/brush/blocksExtended.vox" object="sugarcane" offset="0 16 0"/>
		</voxbox>
		<voxbox id_="939712512" name="Sugarcane 3" pos="-22.9 0.0 0.3" rot="0.0 -45.0 0.0" strength="2.0" size="16 48 1" brush="MOD/brush/blocksExtended.vox" object="sugarcane" offset="0 16 0">
			<voxbox id_="1800580480" name="Sugarcane" pos="0.9 0.0 -0.8" rot="0.0 -90.0 0.0" strength="2.0" size="16 48 1" brush="MOD/brush/blocksExtended.vox" object="sugarcane" offset="0 16 0"/>
		</voxbox>
		<voxbox id_="1368999552" name="Sugarcane 2" pos="-21.3 0.0 0.3" rot="0.0 -45.0 0.0" strength="2.0" size="16 32 1" brush="MOD/brush/blocksExtended.vox" object="sugarcane" offset="0 16 0">
			<voxbox id_="233715648" name="Sugarcane" pos="0.9 0.0 -0.8" rot="0.0 -90.0 0.0" strength="2.0" size="16 32 1" brush="MOD/brush/blocksExtended.vox" object="sugarcane" offset="0 16 0"/>
		</voxbox>
		<voxbox id_="594775488" name="Sugarcane 2" pos="52.29999 0.0 1.9" rot="0.0 -45.0 0.0" strength="2.0" size="16 32 1" brush="MOD/brush/blocksExtended.vox" object="sugarcane" offset="0 16 0">
			<voxbox id_="1701483904" name="Sugarcane" pos="0.9 0.0 -0.8" rot="0.0 -90.0 0.0" strength="2.0" size="16 32 1" brush="MOD/brush/blocksExtended.vox" object="sugarcane" offset="0 16 0"/>
		</voxbox>
		<voxbox id_="30869340" name="Sugarcane 2" pos="-53.3 0.0 3.5" rot="0.0 -45.0 0.0" strength="2.0" size="16 32 1" brush="MOD/brush/blocksExtended.vox" object="sugarcane" offset="0 16 0">
			<voxbox id_="2054679040" name="Sugarcane" pos="0.9 0.0 -0.8" rot="0.0 -90.0 0.0" strength="2.0" size="16 32 1" brush="MOD/brush/blocksExtended.vox" object="sugarcane" offset="0 16 0"/>
		</voxbox>
		<voxbox id_="107157904" name="Sugarcane 2" pos="15.49999 0.0 -4.5" rot="0.0 -45.0 0.0" strength="2.0" size="16 32 1" brush="MOD/brush/blocksExtended.vox" object="sugarcane" offset="0 16 0">
			<voxbox id_="21824820" name="Sugarcane" pos="0.9 0.0 -0.8" rot="0.0 -90.0 0.0" strength="2.0" size="16 32 1" brush="MOD/brush/blocksExtended.vox" object="sugarcane" offset="0 16 0"/>
		</voxbox>
		<voxbox id_="1299330560" name="Sugarcane 3" pos="18.7 0.0 -4.5" rot="0.0 -45.0 0.0" strength="2.0" size="16 48 1" brush="MOD/brush/blocksExtended.vox" object="sugarcane" offset="0 16 0">
			<voxbox id_="2029577216" name="Sugarcane" pos="0.9 0.0 -0.8" rot="0.0 -90.0 0.0" strength="2.0" size="16 48 1" brush="MOD/brush/blocksExtended.vox" object="sugarcane" offset="0 16 0"/>
		</voxbox>
		<voxbox id_="270483584" name="Sugarcane 3" pos="-96.5 0.0 5.1" rot="0.0 -45.0 0.0" strength="2.0" size="16 48 1" brush="MOD/brush/blocksExtended.vox" object="sugarcane" offset="0 16 0">
			<voxbox id_="15532980" name="Sugarcane" pos="0.9 0.0 -0.8" rot="0.0 -90.0 0.0" strength="2.0" size="16 48 1" brush="MOD/brush/blocksExtended.vox" object="sugarcane" offset="0 16 0"/>
		</voxbox>
		<voxbox id_="1549234560" name="Sugarcane 2" pos="-94.89999 0.0 5.1" rot="0.0 -45.0 0.0" strength="2.0" size="16 32 1" brush="MOD/brush/blocksExtended.vox" object="sugarcane" offset="0 16 0">
			<voxbox id_="453995584" name="Sugarcane" pos="0.9 0.0 -0.8" rot="0.0 -90.0 0.0" strength="2.0" size="16 32 1" brush="MOD/brush/blocksExtended.vox" object="sugarcane" offset="0 16 0"/>
		</voxbox>
		<voxbox id_="1107494912" name="Sugarcane 3" pos="111.5 0.0 1.9" rot="0.0 -45.0 0.0" strength="2.0" size="16 48 1" brush="MOD/brush/blocksExtended.vox" object="sugarcane" offset="0 16 0">
			<voxbox id_="758953216" name="Sugarcane" pos="0.9 0.0 -0.8" rot="0.0 -90.0 0.0" strength="2.0" size="16 48 1" brush="MOD/brush/blocksExtended.vox" object="sugarcane" offset="0 16 0"/>
		</voxbox>
		<voxbox id_="854444992" name="Sugarcane 2" pos="113.10001 0.0 1.9" rot="0.0 -45.0 0.0" strength="2.0" size="16 32 1" brush="MOD/brush/blocksExtended.vox" object="sugarcane" offset="0 16 0">
			<voxbox id_="1618182656" name="Sugarcane" pos="0.9 0.0 -0.8" rot="0.0 -90.0 0.0" strength="2.0" size="16 32 1" brush="MOD/brush/blocksExtended.vox" object="sugarcane" offset="0 16 0"/>
		</voxbox>
		<voxbox id_="423126240" name="Sugarcane 2" pos="-26.10001 0.0 1.9" rot="0.0 -45.0 0.0" strength="2.0" size="16 32 1" brush="MOD/brush/blocksExtended.vox" object="sugarcane" offset="0 16 0">
			<voxbox id_="1314929024" name="Sugarcane" pos="0.9 0.0 -0.8" rot="0.0 -90.0 0.0" strength="2.0" size="16 32 1" brush="MOD/brush/blocksExtended.vox" object="sugarcane" offset="0 16 0"/>
		</voxbox>
		<voxbox id_="281559840" name="Sugarcane 3" pos="-134.89999 0.0 5.1" rot="0.0 -45.0 0.0" strength="2.0" size="16 48 1" brush="MOD/brush/blocksExtended.vox" object="sugarcane" offset="0 16 0">
			<voxbox id_="1733270784" name="Sugarcane" pos="0.9 0.0 -0.8" rot="0.0 -90.0 0.0" strength="2.0" size="16 48 1" brush="MOD/brush/blocksExtended.vox" object="sugarcane" offset="0 16 0"/>
		</voxbox>
	</group>
	<water id_="1058339904" pos="14.4 19.0 -254.40001" size="310 500"/>
	<group id_="1342193664" name="Entitys" pos="15.1 22.4 5.0">
		<instance id_="462909024" pos="-1.5 0.3 13.4" rot="0.0 90.0 0.0" file="MOD/Entitys/Villager.xml"/>
		<instance id_="49482700" pos="13.5 2.7 32.4" rot="0.0 140.0 0.0" file="MOD/Entitys/Cow.xml"/>
		<instance id_="797556288" pos="-4.2 2.1 -30.0" rot="0.0 70.0 0.0" file="MOD/Entitys/Pig.xml"/>
		<instance id_="793361728" pos="-13.9 2.1 -32.6" rot="0.0 125.0 0.0" file="MOD/Entitys/Pig.xml"/>
		<instance id_="2053433728" pos="13.5 2.7 28.0" rot="0.0 -75.0 0.0" file="MOD/Entitys/Cow.xml"/>
		<instance id_="52759700" pos="-2.0 1.5 19.8" rot="-90.0 -90.0 -90" file="MOD/Entitys/Villager.xml"/>
		<instance id_="1598192896" pos="-20.9 0.3 14.5" rot="0.0 -110.0 0.0" file="MOD/Entitys/Villager.xml"/>
		<instance id_="1812180992" pos="-20.6 0.3 12.2" rot="0.0 80.0 0.0" file="MOD/Entitys/Villager.xml"/>
		<instance id_="142483968" pos="-1.5 0.3 -16.2" rot="0.0 90.0 0.0" file="MOD/Entitys/Villager.xml"/>
		<instance id_="1949159552" pos="-22.1 -2.9 -11.4" rot="0.0 -40.0 0.0" file="MOD/Entitys/Villager.xml"/>
		<instance id_="1408389120" pos="2.2 5.1 -17.3" rot="0.0 -70.0 0.0" file="MOD/Entitys/Villager.xml"/>
		<instance id_="698525312" pos="20.1 1.9 -16.2" rot="0.0 70.0 0.0" file="MOD/Entitys/Villager.xml"/>
		<instance id_="1149506048" pos="11.3 1.5 -29.3" rot="0.0 90.0 -90.0" file="MOD/Entitys/Villager.xml"/>
		<instance id_="1848096896" pos="13.6 1.9 21.0" rot="0.0 -90.0 0.0" file="MOD/Entitys/Villager.xml"/>
		<instance id_="48958380" pos="28.4 1.9 6.6" rot="0.0 -30.0 0.0" file="MOD/Entitys/Villager.xml"/>
		<instance id_="1612087424" pos="13.5 25.9 10.1" rot="0.0 40.0 0.0" file="MOD/Entitys/Villager.xml"/>
		<instance id_="700557056" pos="-3.5 6.7 44.0" rot="0.0 20.0 0.0" file="MOD/Entitys/Villager.xml"/>
		<instance id_="1933954304" pos="-8.8 1.9 32.6" rot="0.0 -80.0 0.0" file="MOD/Entitys/Villager.xml"/>
		<instance id_="2056251904" pos="-8.8 0.3 -7.4" rot="0.0 70.0 0.0" file="MOD/Entitys/Villager.xml"/>
	</group>
	<layers/>
</scene>

