<scene id_="560039296" open_="true" version="0.8.0" shadowVolume="200 50 200">
	<group id_="1555067648" open_="true" name="Scene" pos="0.0 -0.2 2.1">
		<environment id_="1711577088" template="night" pos="0.0 0.2 -2.1" ambience=" "/>
		<voxbox id_="1546088576" pos="-30.0 0.2 -27.8" rot="0.0 0.0 0.0" size="600 1 500" brush="MOD/brush/blocksExtended.vox" object="sand"/>
		<voxbox id_="1434932736" pos="-0.2 0.3 -1.1" size="16 16 16" brush="MOD/brush/blocksExtended.vox" object="chiseledsandstone"/>
		<spawnpoint id_="380590784" pos="0.6 2.3 -0.3" rot="0 180 0"/>
		<instance id_="1638106752" pos="0.0 0.3 -15.5" rot="0.0 180.0 0.0" file="MOD/DesertBuildings/CactusGarden.xml"/>
		<voxbox id_="177089088" pos="-13.6 0.3 -19.5" size="16 48 16" brush="MOD/Parts/DesertPlants.vox" object="cactus"/>
		<voxbox id_="792116416" pos="13.6 0.3 -13.1" size="16 48 16" brush="MOD/Parts/DesertPlants.vox" object="cactus"/>
		<vox id_="1039398848" pos="-9.7 0.3 -12.2" file="MOD/Parts/DesertPlants.vox" object="deadbush"/>
		<vox id_="1782622464" pos="7.9 0.3 -4.2" file="MOD/Parts/DesertPlants.vox" object="deadbush"/>
		<vox id_="1272065920" pos="11.1 0.3 -15.4" file="MOD/Parts/DesertPlants.vox" object="deadbush"/>
		<vox id_="386358304" pos="-20.9 0.3 -13.8" file="MOD/Parts/DesertPlants.vox" object="deadbush"/>
		<vox id_="660446592" pos="22.3 0.3 -13.8" file="MOD/Parts/DesertPlants.vox" object="deadbush"/>
		<voxbox id_="126426656" pos="-23.2 0.3 -9.9" size="16 48 16" brush="MOD/Parts/DesertPlants.vox" object="cactus"/>
		<instance id_="388652192" pos="-0.3 0.6 -7.0" rot="0.0 105.0 0.0" file="MOD/Entitys/Villager.xml"/>
	</group>
	<script id_="334516160" file="MOD/Scripts/menu.lua"/>
	<layers/>
</scene>

