<scene version="1.1.0" shadowVolume="200 50 200">
	<environment template="sunny">
		<instance pos="72.60001 0.2 -31.89998" rot="0.0 0.0 0.0" file="MOD/Vehicles/1992 Jeep Wrangler YJ Sahara/Jurassic Park (1992 JW YJ Sahara).xml"/>
		<instance pos="6.5 -9.9 0.0" rot="0.0 0.0 0.0" file="MOD/Vehicles/ford/suv3.xml"/>
	</environment>
	<script file="main.lua"/>
	<script file="sandbox.lua"/>
	<voxbox pos="-100.0 0.0 -100.0" texture="8 0.5" blendtexture="8 0.5" size="2000 1 2000" color="0.47 0.55 0.27">
		<group pos="152.0 0.1 80.40002">
			<group pos="-15.5 0.0 20.0">
				<group pos="0.4 0.0 -20.1">
					<vox pos="15.1 0.0 0.1" texture="8 0.5" strength="0.000000000000000000000000001" file="MOD/robot/mech-basic.vox" object="fence"/>
					<vox pos="5.0 0.0 0.1" texture="8 0.5" strength="0.000000000000000000000000001" file="MOD/robot/mech-basic.vox" object="fence"/>
					<vox pos="-5.1 0.0 0.1" texture="8 0.5" strength="0.000000000000000000000000001" file="MOD/robot/mech-basic.vox" object="fence"/>
					<vox pos="-15.2 0.0 0.1" texture="8 0.5" strength="0.000000000000000000000000001" file="MOD/robot/mech-basic.vox" object="fence"/>
				</group>
				<group pos="-20.10001 0.0 0.3" rot="0 90 0">
					<vox pos="15.1 0.0 0.1" texture="8 0.5" strength="0.000000000000000000000000001" file="MOD/robot/mech-basic.vox" object="fence"/>
					<vox pos="5.0 0.0 0.1" texture="8 0.5" strength="0.000000000000000000000000001" file="MOD/robot/mech-basic.vox" object="fence"/>
					<vox pos="-5.1 0.0 0.1" texture="8 0.5" strength="0.000000000000000000000000001" file="MOD/robot/mech-basic.vox" object="fence"/>
					<vox pos="-15.2 0.0 0.1" texture="8 0.5" strength="0.000000000000000000000000001" file="MOD/robot/mech-basic.vox" object="fence"/>
				</group>
			</group>
			<group pos="-14.9 0.0 20.7" rot="0 180 0">
				<group pos="0.4 0.0 -20.1">
					<vox pos="15.1 0.0 0.1" texture="8 0.5" strength="0.000000000000000000000000001" file="MOD/robot/mech-basic.vox" object="fence"/>
					<vox pos="5.0 0.0 0.1" texture="8 0.5" strength="0.000000000000000000000000001" file="MOD/robot/mech-basic.vox" object="fence"/>
					<vox pos="-5.1 0.0 0.1" texture="8 0.5" strength="0.000000000000000000000000001" file="MOD/robot/mech-basic.vox" object="fence"/>
					<vox pos="-15.2 0.0 0.1" texture="8 0.5" strength="0.000000000000000000000000001" file="MOD/robot/mech-basic.vox" object="fence"/>
				</group>
				<group pos="-20.10001 0.0 0.3" rot="0 90 0">
					<vox pos="15.1 0.0 0.1" texture="8 0.5" strength="0.000000000000000000000000001" file="MOD/robot/mech-basic.vox" object="fence"/>
					<vox pos="5.0 0.0 0.1" texture="8 0.5" strength="0.000000000000000000000000001" file="MOD/robot/mech-basic.vox" object="fence"/>
					<vox pos="-5.1 0.0 0.1" texture="8 0.5" strength="0.000000000000000000000000001" file="MOD/robot/mech-basic.vox" object="fence"/>
					<vox pos="-15.2 0.0 0.1" texture="8 0.5" strength="0.000000000000000000000000001" file="MOD/robot/mech-basic.vox" object="fence"/>
				</group>
			</group>
		</group>
	</voxbox>
	<voxbox pos="-1.0 -22.0 -17.5" size="100 100 100" material="wood" color="0.7 0.5 0.3"/>
	<voxbox pos="-1.0 -22.0 9.2" size="100 100 100" color="1.0 1.0 1.0"/>
	<spawnpoint pos="23.6 1.0 0.0" rot="0 90 0"/>
	<instance pos="-38.8 -12.9 0.7" rot="0.0 90.0 0.0" file="MOD/trex2.xml"/>
	<instance pos="43.0 -1.5 0.7" rot="0.0 0.0 0.0" file="MOD/trextest.xml"/>
</scene>

