<prefab version="1.1.0">
	<group name="instance=MOD/trextest.xml" pos="43.0 -1.5 0.7" rot="0.0 0.0 0.0">
		<script pos="0.2 0.1 -0.1" file="MOD/script/trextest.lua" param0="type=investigate chase" param1="speed=9" param2="turnspeed=0.5">
			<group name="atst2" pos="0.0 0.0 0.0" rot="0.0 0.0 0.0" prop0="texture=12 0.2">
				<script pos="0.1 4.9 6.4" file="MOD/script/trexbite.lua">
					<body name="body" tags="body" pos="-0.05 -0.6 -6.1" rot="0.0 0.0 0.0" dynamic="true">
						<vox tags="nocull" pos="0.05 0.6 1.6" rot="0.0 -180.0 0.0" texture="7 0.6" blendtexture="7 0.3" density="40" strength="999999999999999999999999999999999999999999999999999999" file="MOD/robot/mech-basic.vox" object="torso1">
							<vox pos="0.0 0.4 -3.3" texture="7 0.6" blendtexture="7 0.3" density="0.04" strength="999999999999999999999999999999999999999999999999999999" prop="true" file="MOD/robot/mech-basic.vox" object="tail">
								<joint pos="0.0 1.2 0.8" rot="0 -90 0" type="hinge" size="0.5" rotstrength="1"/>
							</vox>
							<vox pos="0.0 0.8 -5.4" texture="7 0.65" blendtexture="7 0.3" density="0.06" strength="999999999999999999999999999999999999999999999999999999" prop="true" file="MOD/robot/mech-basic.vox" object="tail2">
								<joint pos="0.0 0.9 1.1" rot="0 -90 0" type="hinge" size="0.5" rotstrength="0.6"/>
							</vox>
							<vox pos="0.0 1.1 -7.8" texture="7 0.7" blendtexture="7 0.2" density="0.08" strength="999999999999999999999999999999999999999999999999999999" prop="true" file="MOD/robot/mech-basic.vox" object="tail3">
								<joint pos="0.0 0.6 1.0" rot="0 -90 0" type="hinge" size="0.5" rotstrength="0.3"/>
							</vox>
							<vox pos="0.0 1.4 -10.1" texture="7 0.75" blendtexture="7 0.2" density="0.3" strength="999999999999999999999999999999999999999999999999999999" prop="true" file="MOD/robot/mech-basic.vox" object="tail4">
								<joint pos="0.0 0.3 1.1" rot="0 -90 0" type="hinge" size="0.5" rotstrength="0.1"/>
							</vox>
							<vox tags="target2" pos="-0.1 2.8 1.0" strength="999999999999999999999999999999999999999999999999999999" file="MOD/robot/mech-basic.vox" object="torsot2"/>
						</vox>
					</body>
				</script>
				<body tags="aim" pos="0.1 5.0 -1.0" dynamic="true">
					<vox pos="0.0 0.2 -0.3" rot="0.0 180.0 0.0" texture="7 0.6" blendtexture="7 0.3" density="0.05" strength="999999999999999999999999999999999999999999999999999999" file="MOD/robot/mech-basic.vox" object="torso2">
						<joint pos="0.0 2.8 -1.1" rot="0 -90 0" type="hinge" size="0.4" rotstrength="0.2" limits="-30 5"/>
					</vox>
					<vox pos="-0.9 0.1 -0.6" rot="25 -180.0 0.0" texture="7 0.6" blendtexture="7 0.2" density="1" strength="999999999999999999999999999999999999999999999999999999" prop="true" file="MOD/robot/mech-basic.vox" object="arm2">
						<joint pos="0.0 0.3 -0.5" rot="0 90 0" type="hinge" size="0.3" rotstrength="0.02" limits="-45 45"/>
					</vox>
					<vox pos="1.0 0.1 -0.6" rot="25 -180.0 0.0" texture="7 0.6" blendtexture="7 0.2" density="1" strength="999999999999999999999999999999999999999999999999999999" prop="true" file="MOD/robot/mech-basic.vox" object="arm1">
						<joint pos="0.1 0.3 -0.5" rot="0 90 0" type="hinge" size="0.3" rotstrength="0.02" limits="-45 45"/>
					</vox>
				</body>
				<body name="head" tags="aim" pos="0.1 5.4 -4.3" rot="0.0 0.0 0.0" dynamic="true">
					<vox tags="nocull" pos="0.0 1.0 0.7" rot="0.0 -180.0 0.0" texture="7 0.6" blendtexture="7 0.3" density="0.004" strength="999999999999999999999999999999999999999999999999999999" file="MOD/robot/mech-basic.vox" object="headfull">
						<vox tags="target1" pos="-0.1 1.7 -0.2" strength="999999999999999999999999999999999999999999999999999999" file="MOD/robot/mech-basic.vox" object="torsot2"/>
						<voxbox tags="target22" pos="-0.05 1.4 1.9" density="0.01" size="1 1 1" color="0.51 0.0 0.0"/>
						<voxbox tags="target33" pos="-0.15 1.4 1.9" density="0.01" size="1 1 1" color="0.51 0.0 0.0"/>
						<light name="eye_area" tags="eye" pos="0.0 1.25 2.3" rot="0 0 0.0" type="area" color="0.0 0.0 0.0" angle="60" size=".4 .1" reach="15" fogscale="1"/>
					</vox>
					<script pos="0.0 1.1 -0.3" file="MOD/script/trexroar.lua">
						<body name="guns" tags="springboard" pos="0.1 0.6 -1.8" rot="0.0 0.0 0.0" dynamic="true">
							<vox tags="board" pos="-0.1 -0.5 1.8" rot="0.0 180.0 0.0" texture="7 0.6" blendtexture="7 0.3" density="0.004" strength="999999999999999999999999999999999999999999999999999999" prop="true" file="MOD/robot/mech-basic.vox" object="headd">
								<voxbox tags="target11" pos="-0.05 0.2 0.5" density="0.01" size="1 1 1" color="0.56 0.34 0.28"/>
								<location name="r_guns_emitter" tags="weapon=fire strength=2" pos="0.0 0.5 1.0" rot="-60 180 0.0"/>
							</vox>
							<joint name="sniffer" tags="sniffer" pos="-0.6 0.2 2.5" rot="0.0 90.0 0.0" type="hinge" size="0.4" rotstrength="0.0015" rotspring="0.6" limits="-40 3"/>
							<joint name="sniffer" tags="rotate24 saber spring" pos="0.3 0.2 2.5" rot="0.0 90.0 0.0" type="hinge" size="0.4" rotstrength="0.0015" rotspring="0.6" limits="-40 3"/>
						</body>
					</script>
					<joint name="head_joint" pos="0.0 2.0 2.45" rot="-90 -90.0 0.0" type="hinge" size="0.8" rotspring="0" limits="-50 50"/>
				</body>
				<body name="head2" tags="aim" pos="2.3 5.4 -4.5" rot="0.0 0.0 0.0" dynamic="true"/>
				<group name="r_leg" pos="0.6 -0.1 -0.1">
					<body name="r_leg" tags="leg" pos="0.3 1.8 1.2" rot="0.0 0.0 0.0" dynamic="true">
						<vox tags="nocull" pos="0.6 2.9 1.4" rot="0.0 -180.0 0.0" texture="7 0.6" blendtexture="7 0.3" density="0.5" strength="999999999999999999999999999999999999999999999999999999" file="MOD/robot/mech-basic.vox" object="llegup">
							<joint name="r_leg_joint" pos="0.6 2.05 -0.05" rot="0 90 0" type="hinge" size="0.4" limits="-50 20"/>
							<vox tags="target4" pos="-0.1 1.4 0.4" rot="90 0 0" strength="999999999999999999999999999999999999999999999999999999" file="MOD/robot/mech-basic.vox" object="torsot2"/>
						</vox>
					</body>
					<body name="r_leg2" tags="leg force=100" pos="-1.0 0.8 2.0" rot="0.0 0.0 0.0" dynamic="true">
						<vox tags="nocull" pos="1.9 2.5 0.4" rot="0 -180.0 0.0" texture="7 0.65" blendtexture="7 0.2" density="0.5" strength="999999999999999999999999999999999999999999999999999999" file="MOD/robot/mech-basic.vox" object="llegmid">
							<joint name="r_leg_joint" pos="0.0 1.55 0.65" rot="0.0 90.0 -90" type="hinge" size="0.4" rotstrength="0.5" limits="-15 30"/>
							<vox tags="target5" pos="-0.1 0.9 -0.1" rot="90 0 0" strength="999999999999999999999999999999999999999999999999999999" file="MOD/robot/mech-basic.vox" object="torsot3"/>
						</vox>
					</body>
					<body name="r_foot" tags="foot force=50" pos="0.3 1.6 0.0" rot="0.0 0.0 0.0" dynamic="true">
						<vox tags="nocull" pos="0.7 0.0 2.3" rot="0 -180.0 0.0" texture="7 0.7" blendtexture="7 0.2" density="0.5" strength="999999999999999999999999999999999999999999999999999999" file="MOD/robot/mech-basic.vox" object="llegdown">
							<joint name="r_foot_joint" pos="0.1 1.85 -0.55" rot="0.0 90.0 -90" type="hinge" size="0.4" rotstrength="0" rotspring="0" limits="-25 75"/>
							<vox tags="target8" pos="0.0 0.8 -0.5" rot="90 0 0" strength="999999999999999999999999999999999999999999999999999999" file="MOD/robot/mech-basic.vox" object="torsot3"/>
						</vox>
					</body>
				</group>
				<group name="l_leg" pos="-0.5 -0.1 -0.2">
					<body name="l_leg" tags="leg" pos="-0.4 1.9 1.0" rot="0.0 0.0 0.0" dynamic="true">
						<vox tags="nocull" pos="-0.3 2.8 1.6" rot="0.0 -180.0 0.0" texture="7 0.6" blendtexture="7 0.3" density="0.5" strength="999999999999999999999999999999999999999999999999999999" file="MOD/robot/mech-basic.vox" object="rlegup">
							<joint name="l_leg_joint" pos="-0.5 2.05 -0.05" rot="0 90 0" type="hinge" size="0.4" limits="-50 20"/>
							<vox tags="target3" pos="0.1 1.5 0.4" rot="90 0 0" strength="999999999999999999999999999999999999999999999999999999" file="MOD/robot/mech-basic.vox" object="torsot2"/>
						</vox>
					</body>
					<body name="l_leg2" tags="leg force=100" pos="0.9 0.7 1.3" rot="0.0 0.0 0.0" dynamic="true">
						<vox tags="nocull" pos="-1.7 2.6 1.1" rot="0 -180 0" texture="7 0.65" blendtexture="7 0.2" density="0.5" strength="999999999999999999999999999999999999999999999999999999" file="MOD/robot/mech-basic.vox" object="rlegmid">
							<joint name="l_leg_joint" pos="0.0 1.55 0.65" rot="0.0 90.0 -90" type="hinge" size="0.4" rotstrength="0.5" limits="-15 30"/>
							<vox tags="target6" pos="0.0 0.8 -0.1" rot="90 0 0" strength="999999999999999999999999999999999999999999999999999999" file="MOD/robot/mech-basic.vox" object="torsot3"/>
						</vox>
					</body>
					<body name="l_foot" tags="foot force=50" pos="-0.2 1.6 -0.7" rot="0.0 0.0 0.0" dynamic="true">
						<vox tags="nocull" pos="-0.7 0.0 3.0" rot="0.0 -180.0 0.0" texture="7 0.7" blendtexture="7 0.2" density="0.5" strength="999999999999999999999999999999999999999999999999999999" file="MOD/robot/mech-basic.vox" object="rlegdown">
							<joint name="l_foot_joint" pos="0.0 1.85 -0.55" rot="0.0 90.0 -90.0" type="hinge" size="0.4" rotstrength="0" rotspring="0" limits="-25 75"/>
							<vox tags="target7" pos="-0.1 0.8 -0.5" rot="90 0 0" strength="999999999999999999999999999999999999999999999999999999" file="MOD/robot/mech-basic.vox" object="torsot3"/>
						</vox>
					</body>
				</group>
			</group>
		</script>
	</group>
</prefab>

