<prefab version="0.9.5">
	<group id_="1764467840" open_="true" pos="26.7 0.2 8.4">
		<vehicle id_="1468554752" name="1992 JW YJ Sahara" pos="0.1 0.1 -0.0" rot="0.0 0.0 0.0" driven="false" sound="classic2 1.0" spring="0.8" damping="0.8" topspeed="150" acceleration="0.53" strength="5" antiroll="0.2" difflock="0" steerassist="0.4" friction="1.1">
			<body id_="2042488576" open_="true" pos="0.0 0.4 -0.15" rot="0.0 0.0 0.0" dynamic="true">
				<vox id_="399466304" open_="true" pos="0.0 -0.2 0.15" rot="0 180 0" density="3.0" strength="4.0" file="MOD/Vehicles/1992 Jeep Wrangler YJ Sahara/1992 Jeep Wrangler YJ Sahara.vox" object="body">
					<vox id_="1039333312" open_="true" tags="nocull" pos="0.49 0.59 1.605" rot="0.0 0.0 0.0" density="3.0" strength="4.0" file="MOD/Vehicles/1992 Jeep Wrangler YJ Sahara/1992 Jeep Wrangler YJ Sahara.vox" object="Lights">
						<light id_="1596226688" pos="0.0 0.1 0.0" rot="0.0 0.0 0.0" type="cone" color="1 .9 .8" scale="10" angle="90" penumbra="30" size="0.2" unshadowed="0.2" glare="0.3"/>
					</vox>
					<vox id_="1119423232" tags="nocull" pos="-0.39 0.59 1.605" rot="0.0 0.0 0.0" density="3.0" strength="4.0" file="MOD/Vehicles/1992 Jeep Wrangler YJ Sahara/1992 Jeep Wrangler YJ Sahara.vox" object="Lights">
						<light id_="2091905664" pos="0.0 0.1 0.0" rot="0.0 0.0 0.0" type="cone" color="1 .9 .8" scale="10" angle="90" penumbra="30" size="0.2" unshadowed="0.2" glare="0.3"/>
					</vox>
					<location id_="840616064" tags="exhaust" pos="-0.3 0.15 -1.8" rot="180.0 0.0 180.0"/>
					<location id_="1939459712" tags="vital" pos="0.05 0.55 0.85" rot="180.0 0.0 180.0"/>
					<location id_="650615552" tags="player" pos="0.35 1.1 -0.35" rot="0.0 0.0 0.0"/>
					<vox id_="259079616" tags="nocull" pos="0.26 0.33 1.61" rot="0.0 0.0 0.0" density="3.0" strength="4.0" file="MOD/Vehicles/1992 Jeep Wrangler YJ Sahara/1992 Jeep Wrangler YJ Sahara.vox" object="front"/>
					<vox id_="1396919552" tags="nocull" pos="0.13 0.33 1.61" rot="0.0 0.0 0.0" density="3.0" strength="4.0" file="MOD/Vehicles/1992 Jeep Wrangler YJ Sahara/1992 Jeep Wrangler YJ Sahara.vox" object="front"/>
					<vox id_="1092158592" tags="nocull" pos="0.0 0.33 1.61" rot="0.0 0.0 0.0" density="3.0" strength="4.0" file="MOD/Vehicles/1992 Jeep Wrangler YJ Sahara/1992 Jeep Wrangler YJ Sahara.vox" object="front"/>
					<vox id_="1940573824" tags="nocull" pos="-0.13 0.33 1.61" rot="0.0 0.0 0.0" density="3.0" strength="4.0" file="MOD/Vehicles/1992 Jeep Wrangler YJ Sahara/1992 Jeep Wrangler YJ Sahara.vox" object="front"/>
					<vox id_="803913664" tags="nocull" pos="-0.26 0.33 1.61" rot="0.0 0.0 0.0" density="3.0" strength="4.0" file="MOD/Vehicles/1992 Jeep Wrangler YJ Sahara/1992 Jeep Wrangler YJ Sahara.vox" object="front"/>
					<vox id_="1723833088" tags="nocull" pos="0.5 0.3 1.65" rot="0.0 0.0 0.0" density="3.0" strength="4.0" prop="false" file="MOD/Vehicles/1992 Jeep Wrangler YJ Sahara/1992 Jeep Wrangler YJ Sahara.vox" object="front2"/>
					<vox id_="153953456" tags="nocull" pos="-0.5 0.3 1.65" rot="0.0 0.0 0.0" density="3.0" strength="4.0" prop="false" file="MOD/Vehicles/1992 Jeep Wrangler YJ Sahara/1992 Jeep Wrangler YJ Sahara.vox" object="front2"/>
					<vox id_="1880014848" tags="nocull" pos="0.0 0.2 -1.84" density="3.0" strength="4.0" file="MOD/Vehicles/1992 Jeep Wrangler YJ Sahara/1992 Jeep Wrangler YJ Sahara.vox" object="Rear_bumper"/>
					<vox id_="672702592" open_="true" tags="nocull" pos="0.6 0.55 -1.75" density="3.0" strength="4.0" file="MOD/Vehicles/1992 Jeep Wrangler YJ Sahara/1992 Jeep Wrangler YJ Sahara.vox" object="Rear_Lights">
						<light id_="1952698752" pos="0.0 0.1 -0.1" rot="0 180 0" type="area" color="1 .1 .1" scale="1" angle="90" penumbra="10" size="0.2 0.2" reach="2" unshadowed="0.3" glare="0.2"/>
					</vox>
					<vox id_="1123027968" open_="true" tags="nocull" pos="-0.5 0.55 -1.75" rot="0.0 0.0 0.0" density="3.0" strength="4.0" file="MOD/Vehicles/1992 Jeep Wrangler YJ Sahara/1992 Jeep Wrangler YJ Sahara.vox" object="Rear_Lights">
						<light id_="1257909248" pos="0.0 0.1 -0.1" rot="0 180 0" type="area" color="1 .1 .1" scale="1" angle="90" penumbra="10" size="0.2 0.2" reach="2" unshadowed="0.3" glare="0.2"/>
					</vox>
					<vox id_="1845344256" pos="0.0 0.2 1.8" density="3.0" strength="4.0" file="MOD/Vehicles/1992 Jeep Wrangler YJ Sahara/1992 Jeep Wrangler YJ Sahara.vox" object="front_bumper"/>
					<vox id_="1359037440" tags="nocull" pos="0.0 0.4 -1.9" density="3.0" strength="3.0" file="MOD/Vehicles/1992 Jeep Wrangler YJ Sahara/1992 Jeep Wrangler YJ Sahara.vox" object="Spare_wheel"/>
				</vox>
				<wheel id_="192556528" open_="true" name="bl" pos="-0.7 -0.15 1.3" drive="1" travel="-0.06 0.1">
					<vox id_="443247008" pos="-0.1 -0.35 -0.05" rot="0.0 180.0 0.0" file="MOD/Vehicles/1992 Jeep Wrangler YJ Sahara/1992 Jeep Wrangler YJ Sahara.vox" object="wheel_bl"/>
				</wheel>
				<wheel id_="933879488" open_="true" name="br" pos="0.6 -0.15 1.3" drive="1" travel="-0.06 0.1">
					<vox id_="841795776" pos="0.1 -0.35 -0.05" rot="0.0 -180.0 0.0" file="MOD/Vehicles/1992 Jeep Wrangler YJ Sahara/1992 Jeep Wrangler YJ Sahara.vox" object="wheel_br"/>
				</wheel>
				<wheel id_="2057366144" open_="true" name="fl" pos="-0.7 -0.15 -1.0" rot="0.0 0.0 0.0" drive="1" steer="1.1" travel="-0.06 0.1">
					<vox id_="759280896" pos="-0.1 -0.35 -0.05" rot="0.0 180.0 0.0" file="MOD/Vehicles/1992 Jeep Wrangler YJ Sahara/1992 Jeep Wrangler YJ Sahara.vox" object="wheel_fl"/>
				</wheel>
				<wheel id_="362501728" open_="true" name="fr" pos="0.6 -0.15 -1.0" drive="1" steer="1.1" travel="-0.06 0.1">
					<vox id_="792902912" pos="0.1 -0.35 -0.05" rot="0.0 -180.0 0.0" file="MOD/Vehicles/1992 Jeep Wrangler YJ Sahara/1992 Jeep Wrangler YJ Sahara.vox" object="wheel_fr"/>
				</wheel>
			</body>
		</vehicle>
	</group>
</prefab>

