<prefab version="1.1.0">
	<group name="instance=MOD/Vehicles/1992 Jeep Wrangler YJ Sahara/Jurassic Park (1992 JW YJ Sahara).xml" pos="56.0 0.2 -31.89998" rot="0.0 0.0 0.0">
		<vehicle name="Jurassic Park (1992 JW YJ Sahara)" pos="-62.4 0.0 32.1" rot="0.0 180.0 0.0" driven="false" sound="classic2 1.0" spring="0.8" damping="0.8" topspeed="100" acceleration="0.4" strength="5" antiroll="0.2" difflock="0" steerassist="0.4" friction="1.1">
			<body pos="0.0 0.4 -0.15" rot="0.0 0.0 0.0" dynamic="true">
				<vox pos="0.0 -0.2 0.15" rot="0 180 0" density="3.0" strength="4.0" file="MOD/Vehicles/1992 Jeep Wrangler YJ Sahara/Jurassic Park (1992 JW YJ Sahara).vox" object="body">
					<vox tags="nocull" pos="0.49 0.59 1.605" rot="0.0 0.0 0.0" density="3.0" strength="4.0" file="MOD/Vehicles/1992 Jeep Wrangler YJ Sahara/Jurassic Park (1992 JW YJ Sahara).vox" object="Lights">
						<light pos="0.0 0.1 0.0" rot="0.0 0.0 0.0" type="cone" color="1 .9 .8" scale="10" angle="90" penumbra="30" size="0.2" unshadowed="0.2" glare="0.3"/>
					</vox>
					<vox tags="nocull" pos="-0.39 0.59 1.605" rot="0.0 0.0 0.0" density="3.0" strength="4.0" file="MOD/Vehicles/1992 Jeep Wrangler YJ Sahara/Jurassic Park (1992 JW YJ Sahara).vox" object="Lights">
						<light pos="0.0 0.1 0.0" rot="0.0 0.0 0.0" type="cone" color="1 .9 .8" scale="10" angle="90" penumbra="30" size="0.2" unshadowed="0.2" glare="0.3"/>
					</vox>
					<location tags="vital" pos="0.05 0.55 0.85" rot="180.0 0.0 180.0"/>
					<location tags="player" pos="0.35 1.1 -0.35" rot="0.0 0.0 0.0"/>
					<vox tags="nocull" pos="0.26 0.33 1.61" rot="0.0 0.0 0.0" density="3.0" strength="4.0" file="MOD/Vehicles/1992 Jeep Wrangler YJ Sahara/Jurassic Park (1992 JW YJ Sahara).vox" object="front"/>
					<vox tags="nocull" pos="0.13 0.33 1.61" rot="0.0 0.0 0.0" density="3.0" strength="4.0" prop="false" file="MOD/Vehicles/1992 Jeep Wrangler YJ Sahara/Jurassic Park (1992 JW YJ Sahara).vox" object="front"/>
					<vox tags="nocull" pos="0.0 0.33 1.61" rot="0.0 0.0 0.0" density="3.0" strength="4.0" file="MOD/Vehicles/1992 Jeep Wrangler YJ Sahara/Jurassic Park (1992 JW YJ Sahara).vox" object="front"/>
					<vox tags="nocull" pos="-0.13 0.33 1.61" rot="0.0 0.0 0.0" density="3.0" strength="4.0" file="MOD/Vehicles/1992 Jeep Wrangler YJ Sahara/Jurassic Park (1992 JW YJ Sahara).vox" object="front"/>
					<vox tags="nocull" pos="-0.26 0.33 1.61" rot="0.0 0.0 0.0" density="3.0" strength="4.0" file="MOD/Vehicles/1992 Jeep Wrangler YJ Sahara/Jurassic Park (1992 JW YJ Sahara).vox" object="front"/>
					<vox tags="nocull" pos="0.5 0.3 1.65" rot="0.0 0.0 0.0" density="3.0" strength="4.0" prop="false" file="MOD/Vehicles/1992 Jeep Wrangler YJ Sahara/Jurassic Park (1992 JW YJ Sahara).vox" object="front2"/>
					<vox tags="nocull" pos="-0.5 0.3 1.65" rot="0.0 0.0 0.0" density="3.0" strength="4.0" prop="false" file="MOD/Vehicles/1992 Jeep Wrangler YJ Sahara/Jurassic Park (1992 JW YJ Sahara).vox" object="front2"/>
					<vox tags="nocull" pos="0.0 0.2 -1.84" density="3.0" strength="4.0" file="MOD/Vehicles/1992 Jeep Wrangler YJ Sahara/Jurassic Park (1992 JW YJ Sahara).vox" object="Rear_bumper"/>
					<vox tags="nocull" pos="0.6 0.55 -1.75" density="3.0" strength="4.0" file="MOD/Vehicles/1992 Jeep Wrangler YJ Sahara/Jurassic Park (1992 JW YJ Sahara).vox" object="Rear_Lights">
						<light pos="0.0 0.1 -0.1" rot="0 180 0" type="area" color="1 .1 .1" scale="1" angle="90" penumbra="10" size="0.2 0.2" reach="2" unshadowed="0.3" glare="0.2"/>
					</vox>
					<vox tags="nocull" pos="-0.5 0.55 -1.75" rot="0.0 0.0 0.0" density="3.0" strength="4.0" file="MOD/Vehicles/1992 Jeep Wrangler YJ Sahara/Jurassic Park (1992 JW YJ Sahara).vox" object="Rear_Lights">
						<light pos="0.0 0.1 -0.1" rot="0 180 0" type="area" color="1 .1 .1" scale="1" angle="90" penumbra="10" size="0.2 0.2" reach="2" unshadowed="0.3" glare="0.2"/>
					</vox>
					<vox pos="0.0 0.2 1.8" density="3.0" strength="4.0" file="MOD/Vehicles/1992 Jeep Wrangler YJ Sahara/Jurassic Park (1992 JW YJ Sahara).vox" object="front_bumper"/>
					<vox tags="nocull" pos="0.0 0.4 -1.9" density="3.0" strength="3.0" file="MOD/Vehicles/1992 Jeep Wrangler YJ Sahara/Jurassic Park (1992 JW YJ Sahara).vox" object="Spare_wheel"/>
					<vox tags="nocull" pos="0.0 0.3 1.75" density="3.0" strength="4.0" file="MOD/Vehicles/1992 Jeep Wrangler YJ Sahara/Jurassic Park (1992 JW YJ Sahara).vox" object="winch"/>
					<vox tags="nocull" pos="0.6 0.75 -1.75" density="3.0" strength="4.0" file="MOD/Vehicles/1992 Jeep Wrangler YJ Sahara/Jurassic Park (1992 JW YJ Sahara).vox" object="Rear_Lights2"/>
					<vox tags="nucull" pos="-0.5 0.75 -1.75" rot="0.0 0.0 0.0" density="3.0" strength="4.0" file="MOD/Vehicles/1992 Jeep Wrangler YJ Sahara/Jurassic Park (1992 JW YJ Sahara).vox" object="Rear_Lights2"/>
				</vox>
				<wheel name="bl" pos="-0.7 -0.15 1.3" drive="1" travel="-0.06 0.1">
					<vox pos="-0.1 -0.35 -0.05" rot="0.0 180.0 0.0" file="MOD/Vehicles/1992 Jeep Wrangler YJ Sahara/Jurassic Park (1992 JW YJ Sahara).vox" object="wheel_bl"/>
				</wheel>
				<wheel name="br" pos="0.6 -0.15 1.3" drive="1" travel="-0.06 0.1">
					<vox pos="0.1 -0.35 -0.05" rot="0.0 -180.0 0.0" file="MOD/Vehicles/1992 Jeep Wrangler YJ Sahara/Jurassic Park (1992 JW YJ Sahara).vox" object="wheel_br"/>
				</wheel>
				<wheel name="fl" pos="-0.7 -0.15 -1.0" rot="0.0 0.0 0.0" drive="1" steer="1.1" travel="-0.06 0.1">
					<vox pos="-0.1 -0.35 -0.05" rot="0.0 180.0 0.0" file="MOD/Vehicles/1992 Jeep Wrangler YJ Sahara/Jurassic Park (1992 JW YJ Sahara).vox" object="wheel_fl"/>
				</wheel>
				<wheel name="fr" pos="0.6 -0.15 -1.0" drive="1" steer="1.1" travel="-0.06 0.1">
					<vox pos="0.1 -0.35 -0.05" rot="0.0 -180.0 0.0" file="MOD/Vehicles/1992 Jeep Wrangler YJ Sahara/Jurassic Park (1992 JW YJ Sahara).vox" object="wheel_fr"/>
				</wheel>
			</body>
		</vehicle>
	</group>
</prefab>

