<prefab version="0.9.2">
	<group id_="1073807360" open_="true" name="instance=MOD/assets/vehicle/car/gaussseidel.xml" pos="-15.4 0.0 0.0" rot="0.0 0.0 0.0">
		<vehicle id_="989195200" pos="0.1 0.0 0.0" rot="0.0 0.0 0.0" driven="false" sound="classic2" spring="0.5" damping="0.7" topspeed="80" acceleration="4" strength="4" antispin="0" antiroll="0.0" steerassist="0.1">
			<body id_="1519217152" pos="0.0 0.35 -0.15" rot="0.0 0.0 0.0" dynamic="true">
				<vox id_="1358054400" pos="0.0 -0.15 0.15" rot="0.00001 180.0 -0.00001" density="1.5" strength="3" file="MOD/assets/vehicle/car/gaussseidel.vox" object="body">
					<location id_="154412240" tags="vital" pos="0.05 0.55 2.2" rot="0.0 0.0 0.0"/>
					<location id_="2101867776" tags="exhaust" pos="0.5 0.2 -2.7" rot="0.00001 180.0 -0.00001"/>
					<location id_="1022424000" tags="exhaust" pos="-0.5 0.2 -2.7" rot="0.00001 180.0 -0.00001"/>
					<light id_="313608896" pos="-0.65 0.55 -2.7" rot="-0.00001 180.0 0.00001" type="area" color="1 .1 .1" size="0.1 0.1" unshadowed="0.2" glare="0.2"/>
					<light id_="1989466752" pos="0.65 0.55 -2.7" rot="-0.00001 180.0 0.00001" type="area" color="0.9 0.85 0.74" size="0.1 0.1" unshadowed="0.2"/>
					<light id_="1419268736" pos="-0.55 0.55 -2.7" rot="-0.00001 180.0 0.00001" type="area" color="0.9 0.85 0.74" size="0.1 0.1" unshadowed="0.2"/>
					<light id_="463695488" pos="0.75 0.55 -2.7" rot="-0.00001 180.0 0.00001" type="area" color="1 .1 .1" size="0.1 0.1" unshadowed="0.2" glare="0.2"/>
					<light id_="1665371392" pos="-0.8 0.5 2.6" rot="0.0 0.0 0.0" type="cone" color="1 .9 .8" scale="20" angle="90" penumbra="30" size="0.1" unshadowed="0.2" glare="0.3"/>
					<light id_="1760600960" pos="0.9 0.5 2.6" rot="0.0 0.0 0.0" type="cone" color="1 .9 .8" scale="20" angle="90" penumbra="30" size="0.1" unshadowed="0.2" glare="0.3"/>
					<location id_="1665895680" tags="player" pos="0.35 1.1 0.2" rot="0.0 0.0 0.0"/>
				</vox>
				<wheel id_="2121202048" name="fl" pos="-0.6 0.1 -1.7" rot="0.0 0.0 0.0" steer="1" travel="-0.2 0.1">
					<vox id_="727231872" pos="-0.1 -0.35 -0.05" rot="0.00001 180.0 -0.00001" file="MOD/assets/vehicle/car/gaussseidel.vox" object="wheel_fl"/>
				</wheel>
				<wheel id_="2039998080" name="fr" pos="0.5 0.1 -1.7" rot="0.0 0.0 0.0" steer="1" travel="-0.2 0.1">
					<vox id_="2018500864" pos="0.2 -0.35 -0.05" rot="0.00001 180.0 -0.00001" file="MOD/assets/vehicle/car/gaussseidel.vox" object="wheel_fr"/>
				</wheel>
				<wheel id_="1182865920" name="bl" pos="-0.6 0.1 1.4" rot="0.0 0.0 0.0" drive="1" steer="0" travel="-0.2 0.1">
					<vox id_="684368704" pos="-0.1 -0.35 -0.05" rot="0.00001 180.0 -0.00001" file="MOD/assets/vehicle/car/gaussseidel.vox" object="wheel_bl"/>
				</wheel>
				<wheel id_="1467506176" name="br" pos="0.6 0.1 1.4" rot="0.0 0.0 0.0" drive="1" steer="0" travel="-0.2 0.1">
					<vox id_="1446861056" pos="0.2 -0.35 -0.05" rot="0.00001 180.0 -0.00001" file="MOD/assets/vehicle/car/gaussseidel.vox" object="wheel_br"/>
				</wheel>
			</body>
		</vehicle>
	</group>
</prefab>

