<prefab version="0.6.0">
	<group id_="1247029632" open_="true" name="instance=MOD/assets/vehicle/car/gordo-pathtracer-xtrm.xml" pos="13.9 0.1 -3.4" rot="0.0 0.0 0.0">
		<vehicle id_="1021309824" open_="true" rot="0.0 0.0 0.0" driven="false" sound="suv3 0.9" spring="0.8" damping="2" topspeed="90" acceleration="4" strength="4" antispin="1" antiroll="0.1" steerassist="0.6">
			<body id_="1493918720" open_="true" pos="-0.05 0.5 -0.35" rot="0.0 0.0 0.0" dynamic="true">
				<vox id_="1914423424" open_="true" pos="0.05 -0.3 0.35" rot="0 180 0" strength="2" file="MOD/assets/vehicle/car/suv1.vox" object="body">
					<light id_="333664128" pos="0.8 0.85 -2.3" rot="180.0 0.0 180.0" type="area" color="1 .1 .1" size="0.2 0.1" unshadowed="0.3" glare="0.2"/>
					<light id_="109517344" pos="0.75 0.75 -2.3" rot="180.0 0.0 180.0" type="area" size="0.1 0.1" unshadowed="0.3"/>
					<light id_="164505408" pos="-0.65 0.75 -2.3" rot="180.0 0.0 180.0" type="area" size="0.1 0.1" unshadowed="0.3"/>
					<light id_="80876360" pos="-0.7 0.85 -2.3" rot="180.0 0.0 180.0" type="area" color="1 .1 .1" size="0.2 0.1" unshadowed="0.3" glare="0.2"/>
					<light id_="32507840" pos="0.8 0.55 2.1" type="cone" color="1 .9 .8" scale="20" angle="90" penumbra="30" size="0.1" unshadowed="0.2" glare="0.3"/>
					<light id_="168241184" pos="-0.7 0.55 2.1" type="cone" color="1 .9 .8" scale="20" angle="90" penumbra="30" size="0.1" unshadowed="0.2" glare="0.3"/>
					<location id_="1436309120" tags="exhaust" pos="0.6 0.0 -2.4" rot="-180.0 360.0 -180.0"/>
					<location id_="1623819008" tags="vital" pos="0.05 0.55 1.4" rot="-180.0 360.0 -180.0"/>
					<location id_="723758208" tags="player" pos="0.35 1.25 -0.2" rot="0.0 0.0 0.0"/>
				</vox>
				<wheel id_="1765254400" open_="true" name="bl" pos="-0.75 -0.15 1.7" drive="1" travel="-0.1 0.1">
					<vox id_="922606592" pos="-0.1 -0.35 -0.05" rot="0 180 0" file="MOD/assets/vehicle/car/suv1.vox" object="wheel_bl"/>
				</wheel>
				<wheel id_="698525312" open_="true" name="br" pos="0.75 -0.15 1.7" drive="1" travel="-0.1 0.1">
					<vox id_="1245391104" pos="0.1 -0.35 -0.05" rot="0 180 0" file="MOD/assets/vehicle/car/suv1.vox" object="wheel_br"/>
				</wheel>
				<wheel id_="428566048" open_="true" name="fl" pos="-0.75 -0.15 -1.2" drive="1" steer="1" travel="-0.1 0.1">
					<vox id_="137765088" pos="-0.1 -0.35 -0.05" rot="0 180 0" file="MOD/assets/vehicle/car/suv1.vox" object="wheel_fl"/>
				</wheel>
				<wheel id_="378231328" open_="true" name="fr" pos="0.75 -0.15 -1.2" drive="1" steer="1" travel="-0.1 0.1">
					<vox id_="1275080704" pos="0.1 -0.35 -0.05" rot="0 180 0" file="MOD/assets/vehicle/car/suv1.vox" object="wheel_fr"/>
				</wheel>
			</body>
		</vehicle>
	</group>
</prefab>

