<prefab version="3">
	<group id_="239941936" open_="true" name="instance=MOD/assets/vehicle/car/suv3.xml" pos="-34.8 4.2 87.7" rot="0.0 0.0 0.0">
		<vehicle id_="1725209472" open_="true" pos="0.0 0.0 0.0" rot="0.0 0.0 0.0" driven="false" sound="pickup 1.1" spring="1.2" damping="0.9" topspeed="80" acceleration="8" strength="8" antispin="0" antiroll="0.2" difflock="1" steerassist="0.15" friction="1.5">
			<body id_="797097472" open_="true" pos="-0.05 0.5 -0.25" rot="0.0 0.0 0.0" dynamic="true">
				<vox id_="489977024" open_="true" pos="0.05 -0.2 0.25" rot="0 180 0" density="2" strength="3" file="MOD/assets/vehicle/car/suv3.vox" object="body">
					<light id_="76681800" pos="0.85 0.85 -2.1" rot="0.0 -180.0 0.0" type="area" size="0.1 0.1" unshadowed="0.3"/>
					<light id_="1711773696" pos="-0.75 0.85 -2.1" rot="0.0 -180.0 0.0" type="area" size="0.1 0.1" unshadowed="0.3"/>
					<light id_="1076756608" pos="0.85 1.0 -2.1" rot="0.0 180.0 0.0" type="area" color="1 .1 .1" size="0.1 0.2" unshadowed="0.2"/>
					<light id_="49023920" pos="-0.75 1.0 -2.1" rot="0.0 180.0 0.0" type="area" color="1 .1 .1" size="0.1 0.2" unshadowed="0.2"/>
					<light id_="648387200" pos="0.7 0.7 2.2" rot="0.0 0.0 0.0" type="cone" color="1 .9 .8" scale="50" angle="50" penumbra="15" size="0.1" unshadowed="0.2"/>
					<light id_="52956320" pos="-0.6 0.7 2.2" rot="0.0 0.0 0.0" type="cone" color="1 .9 .8" scale="50" angle="50" penumbra="15" size="0.1" unshadowed="0.2"/>
					<location id_="835307328" tags="exhaust" pos="0.5 0.2 -2.1" rot="-180.0 360.0 -180.0"/>
					<location id_="1033303616" tags="vital" pos="0.05 0.65 1.4" rot="-180.0 360.0 -180.0"/>
					<location id_="1089799168" tags="player" pos="0.45 1.3 0.2" rot="0.0 0.0 0.0"/>
				</vox>
				<wheel id_="1721145984" open_="true" name="bl" pos="-0.65 -0.05 1.6" drive="1" travel="-0.1 0.2">
					<vox id_="202715216" pos="-0.1 -0.45 -0.05" rot="0.0 -180.0 0.0" file="MOD/assets/vehicle/car/suv3.vox" object="wheeL_bl"/>
				</wheel>
				<wheel id_="1762305024" open_="true" name="br" pos="0.75 -0.05 1.6" drive="1" travel="-0.1 0.2">
					<vox id_="486896672" pos="0.1 -0.45 -0.05" rot="0 180 0" file="MOD/assets/vehicle/car/suv3.vox" object="wheel_br"/>
				</wheel>
				<wheel id_="1191058432" open_="true" name="fl" pos="-0.65 -0.05 -1.4" drive="1" steer="1" travel="-0.1 0.2">
					<vox id_="1141051392" pos="-0.1 -0.45 -0.05" rot="0 180 0" file="MOD/assets/vehicle/car/suv3.vox" object="wheel_fl"/>
				</wheel>
				<wheel id_="907597952" open_="true" name="fr" pos="0.75 -0.05 -1.4" drive="1" steer="1" travel="-0.1 0.2">
					<vox id_="1452497536" pos="0.1 -0.45 -0.05" rot="0.0 -180.0 0.0" file="MOD/assets/vehicle/car/suv3.vox" object="wheel_fr"/>
				</wheel>
			</body>
		</vehicle>
	</group>
</prefab>

