<prefab version="3">
	<group id_="1388595968" open_="true" name="instance=MOD/assets/vehicle/car/suv4.xml" pos="-38.8 4.2 99.7" rot="0.0 0.0 0.0">
		<vehicle id_="1800121600" open_="true" pos="0.1 -0.0 0.0" rot="0.0 0.0 0.0" driven="false" sound="suv4" spring="1.1" damping="0.9" topspeed="60" acceleration="1" strength="3" antispin="0" antiroll="0.3" difflock="1" steerassist="0.3" friction="1.4">
			<body id_="928701824" open_="true" pos="-0.05 0.4 -0.25" rot="0.0 0.0 0.0" dynamic="true">
				<vox id_="819184448" open_="true" pos="0.05 -0.1 0.25" rot="0 180 0" density="2.5" strength="3" file="MOD/assets/vehicle/car/suv4_red.vox" object="body">
					<light id_="127606384" pos="0.6 0.45 -1.4" rot="0.0 180.0 0.0" type="area" size="0.2 0.1" unshadowed="0.3"/>
					<light id_="1696240768" pos="-0.5 0.45 -1.4" rot="0.0 -180.0 0.0" type="area" size="0.2 0.1" unshadowed="0.3"/>
					<light id_="1691652992" pos="0.6 0.55 -1.4" rot="0.0 -180.0 0.0" type="area" color="1 .1 .1" size="0.2 0.1" unshadowed="0.2" glare="0.2"/>
					<light id_="603295680" pos="-0.5 0.55 -1.4" rot="0.0 180.0 0.0" type="area" color="1 .1 .1" size="0.2 0.1" unshadowed="0.2" glare="0.2"/>
					<light id_="1456298752" pos="0.4 0.6 1.3" rot="0.0 0.0 0.0" type="cone" color="1 .9 .8" scale="25" angle="90" penumbra="30" size="0.1" unshadowed="0.2" glare="0.3"/>
					<light id_="738242560" pos="-0.3 0.6 1.3" rot="0.0 0.0 0.0" type="cone" color="1 .9 .8" scale="25" angle="90" penumbra="30" size="0.1" unshadowed="0.2" glare="0.3"/>
					<location id_="1743495040" tags="exhaust" pos="0.45 0.15 -1.35" rot="0.0 -180.0 0.0"/>
					<location id_="865128000" tags="vital" pos="0.05 0.6 0.8" rot="-180.0 360.0 -180.0"/>
					<location id_="2079649792" tags="player" pos="0.35 1.15 -0.35" rot="0.0 0.0 0.0"/>
				</vox>
				<wheel id_="2090857088" open_="true" name="bl" pos="-0.55 -0.05 1.2" drive="1" travel="-0.2 0.2">
					<vox id_="1591769984" pos="-0.1 -0.35 -0.05" rot="0.0 -180.0 0.0" file="MOD/assets/vehicle/car/suv4_red.vox" object="wheel_bl"/>
				</wheel>
				<wheel id_="2072833536" open_="true" name="br" pos="0.55 -0.05 1.2" rot="0.0 0.0 0.0" drive="1" travel="-0.2 0.2">
					<vox id_="673947840" pos="0.1 -0.35 -0.05" rot="0 180 0" file="MOD/assets/vehicle/car/suv4_red.vox" object="wheel_br"/>
				</wheel>
				<wheel id_="1938869760" open_="true" name="fl" pos="-0.55 -0.05 -0.8" rot="0.0 0.0 0.0" drive="1" steer="1" travel="-0.2 0.2">
					<vox id_="1376536576" pos="-0.1 -0.35 -0.05" rot="0 180 0" file="MOD/assets/vehicle/car/suv4_red.vox" object="wheel_fl"/>
				</wheel>
				<wheel id_="390946112" open_="true" name="fr" pos="0.55 -0.05 -0.8" rot="0.0 0.0 0.0" drive="1" steer="1" travel="-0.2 0.2">
					<vox id_="2103047552" pos="0.1 -0.35 -0.05" rot="0.0 -180.0 0.0" file="MOD/assets/vehicle/car/suv4_red.vox" object="wheel_fr"/>
				</wheel>
			</body>
		</vehicle>
	</group>
</prefab>

