<prefab version="1.1.0">
	<group name="instance=MOD/prefab/path_racer.xml" pos="0.0 0.1 0.0" rot="0.0 0.0 0.0">
		<group prop0="texture=1 0.5">
			<vehicle name="Gordo Pathracer XTRM" pos="0.0 0.3 0.0" sound="pickup 1.1" spring="1.2" damping="0.9" topspeed="80" acceleration="0.2" strength="8" antiroll="0.2" difflock="1" steerassist="0.15" friction="1.5">
				<body dynamic="true">
					<vox pos="0.0 0.0 0.0" density="2" strength="3" file="MOD/vox/path_racer.vox" object="body">
						<light pos="0.7 0.7 -2.2" rot="0 180 0" type="cone" color="1 0.9 0.8" scale="50" angle="50" penumbra="15" unshadowed="0.2"/>
						<light pos="-0.6 0.7 -2.2" rot="0 180 0" type="cone" color="1 0.9 0.8" scale="50" angle="50" penumbra="15" unshadowed="0.2"/>
						<light pos="-0.75 1 2.1" type="area" color="1 0.1 0.1" size="0.1 0.2" unshadowed="0.2"/>
						<light pos="0.85 1 2.1" type="area" color="1 0.1 0.1" size="0.1 0.2" unshadowed="0.2"/>
						<light pos="-0.75 0.85 2.1" type="area" size="0.1 0.1" unshadowed="0.3"/>
						<light pos="0.85 0.85 2.1" type="area" size="0.1 0.1" unshadowed="0.3"/>
						<location tags="player" pos="-0.4 1.3 0.1"/>
						<location tags="vital" pos="0.05 0.9 -1.5"/>
						<location tags="exhaust" pos="0.7 0.2 2.1"/>
					</vox>
					<wheel name="bl" pos="-0.6 0.15 1.35" drive="1" travel="-0.1 0.2">
						<vox pos="-0.2 -0.45 0.05" file="MOD/vox/path_racer.vox" object="wheel_bl"/>
					</wheel>
					<wheel name="br" pos="0.7 0.15 1.35" drive="1" travel="-0.1 0.2">
						<vox pos="0.1 -0.45 0.05" file="MOD/vox/path_racer.vox" object="wheel_br"/>
					</wheel>
					<wheel name="fl" pos="-0.6 0.15 -1.65" drive="1" steer="1" travel="-0.1 0.2">
						<vox pos="-0.2 -0.45 0.05" file="MOD/vox/path_racer.vox" object="wheel_fl"/>
					</wheel>
					<wheel name="fr" pos="0.7 0.15 -1.65" drive="1" steer="1" travel="-0.1 0.2">
						<vox pos="0.1 -0.45 0.05" file="MOD/vox/path_racer.vox" object="wheel_fr"/>
					</wheel>
				</body>
			</vehicle>
		</group>
	</group>
</prefab>

