<scene id_="1314142592" version="0.9.3" shadowVolume="200 25 200">
	<group id_="638621760" name="vehicles" pos="-15.89999 5.0 35.00001" rot="0.0 0.0 0.0">
		<group id_="2057235072" name="land" pos="0.0 0.0 0.0">
			<group id_="1401835008" name="car" pos="5.69994 0.0 17.4">
				<instance id_="19334300" pos="-18.6 0.1 0.0" rot="0.0 0.0 0.0" file="MOD/assets/vehicle/car/castanet.xml"/>
				<instance id_="1286091392" pos="-15.4 0.0 0.0" rot="0.0 0.0 0.0" file="MOD/assets/vehicle/car/gaussseidel.xml"/>
				<instance id_="1969018240" pos="-12.1 0.1 0.0" rot="0.0 0.0 0.0" file="MOD/assets/vehicle/car/crownzygot.xml"/>
				<instance id_="301156288" pos="-9.10001 0.1 0.0" rot="0.0 0.0 0.0" file="MOD/assets/vehicle/car/musclecar.xml"/>
				<instance id_="1544581120" pos="-5.8 0.1 0.0" rot="0.0 0.0 0.0" file="MOD/assets/vehicle/car/pickup_monstertruck.xml"/>
				<instance id_="1101727360" pos="-2.3 0.1 0.0" rot="0.0 0.0 0.0" file="MOD/assets/vehicle/car/stationwagon.xml"/>
				<instance id_="1054866304" pos="0.6 0.1 0.0" rot="0.0 0.0 0.0" file="MOD/assets/vehicle/car/suv1.xml"/>
				<instance id_="1513121920" pos="3.69999 0.1 0.0" rot="0.0 0.0 0.0" file="MOD/assets/vehicle/car/suv2.xml"/>
				<instance id_="2020925952" pos="6.5 0.1 0.0" rot="0.0 0.0 0.0" file="MOD/assets/vehicle/car/suv3.xml"/>
				<instance id_="1877655424" pos="9.3 0.1 0.0" rot="0.0 0.0 0.0" file="MOD/assets/vehicle/car/suv4.xml"/>
				<instance id_="1456757632" pos="11.8 0.1 0.0" rot="0.0 0.0 0.0" file="MOD/assets/vehicle/car/taskmaster-4wd.xml"/>
				<instance id_="57740740" pos="14.8 0.1 0.0" rot="0.0 0.0 0.0" file="MOD/assets/vehicle/car/van.xml"/>
				<instance id_="201404416" pos="18.29999 0.1 0.0" rot="0.0 0.0 0.0" file="MOD/assets/vehicle/car/van_lts.xml"/>
			</group>
			<group id_="1205084032" name="truck" pos="-25.7 0.1 22.1">
				<instance id_="218706976" pos="-0.49999 0.0 -3.89999" file="MOD/assets/vehicle/truck/semitruck-us.xml"/>
				<instance id_="333336448" pos="-4.4 0.0 -3.9" rot="0.0 0.0 0.0" file="MOD/assets/vehicle/truck/semitruck-propane.xml"/>
				<instance id_="939581440" pos="3.1 0.0 -5.2" file="MOD/assets/vehicle/truck/semitruck-eu.xml"/>
				<instance id_="472084608" pos="7.2 0.0 -4.0" file="MOD/assets/vehicle/truck/truck1.xml"/>
			</group>
			<group id_="1489462016" name="military" pos="-10.0 0.0 17.5">
				<instance id_="838649856" pos="38.39999 0.1 -0.3" rot="0.0 0.0 0.0" file="MOD/assets/vehicle/military/mil-atv-launcher.xml"/>
				<instance id_="54201580" pos="42.5 0.1 1.2" rot="0.0 0.0 0.0" file="MOD/assets/vehicle/military/mil-tank.xml"/>
				<instance id_="1348026752" pos="50.3 0.1 0.6" rot="0.0 0.0 0.0" file="MOD/assets/vehicle/military/mil-truck.xml"/>
				<instance id_="2046486528" pos="46.5 0.0 4.7" rot="0.0 0.0 0.0" file="MOD/assets/vehicle/military/mil-tracked.xml"/>
			</group>
			<group id_="902682432" name="heavy machinery" pos="21.40007 0.0 16.7">
				<instance id_="271794368" pos="30.1 0.1 2.89999" file="MOD/assets/vehicle/heavymachinery/crane2.xml"/>
				<instance id_="852806464" pos="34.6 0.1 0.6" file="MOD/assets/vehicle/heavymachinery/dumptruck.xml"/>
				<instance id_="1532521856" pos="38.2 0.0 -2.89999" file="MOD/assets/vehicle/heavymachinery/excavator.xml"/>
				<instance id_="168437792" pos="42.8 0.1 0.6" file="MOD/assets/vehicle/heavymachinery/excavator_big.xml"/>
				<instance id_="115809184" pos="48.5 0.2 0.6" file="MOD/assets/vehicle/heavymachinery/forklift_big.xml"/>
				<instance id_="97326896" pos="51.9 0.1 -1.8" file="MOD/assets/vehicle/heavymachinery/forklift_small.xml"/>
				<instance id_="220345472" pos="55.2 0.1 0.8" file="MOD/assets/vehicle/heavymachinery/frontloader1.xml"/>
				<instance id_="181873504" pos="59.0 0.1 1.2" rot="0.0 0.0 0.0" file="MOD/assets/vehicle/heavymachinery/telehandler.xml"/>
				<instance id_="887411584" pos="61.8 0.1 -1.0" file="MOD/assets/vehicle/heavymachinery/tractor.xml"/>
				<instance id_="314198752" pos="25.69995 0.1 0.4" file="MOD/assets/vehicle/heavymachinery/crane.xml"/>
			</group>
		</group>
		<group id_="1861204864" name="boat" pos="26.3 -4.6 43.0">
			<instance id_="88085760" pos="-54.49992 1.2 2.7" file="MOD/assets/vehicle/boat/mediumboat.xml"/>
			<instance id_="1647216768" pos="-48.4 0.3 2.7" file="MOD/assets/vehicle/boat/mediumboat_caribbean.xml"/>
			<instance id_="938860480" pos="-42.9 1.4 2.7" rot="0.0 0.0 0.0" file="MOD/assets/vehicle/boat/mediumboat_fishing.xml"/>
			<instance id_="653237184" pos="-35.5 0.7 8.19999" file="MOD/assets/vehicle/boat/patrolboat.xml"/>
			<instance id_="887608192" pos="-29.4 1.2 -0.3" rot="0.0 0.0 0.0" file="MOD/assets/vehicle/boat/smallboat.xml"/>
			<instance id_="67899440" pos="-24.5 1.0 3.49999" rot="0.0 0.0 0.0" file="MOD/assets/vehicle/boat/speedboat.xml"/>
			<instance id_="508787008" pos="-18.0 1.8 3.5" rot="0.0 0.0 0.0" file="MOD/assets/vehicle/boat/woodboat.xml"/>
			<instance id_="568690560" pos="-10.7 1.3 8.09999" rot="0.0 0.0 0.0" file="MOD/assets/vehicle/boat/yacht_caribbean.xml"/>
		</group>
	</group>
	<group id_="88937776" name="ground" pos="10.39999 1.1 36.50001" rot="0.0 0.0 0.0">
		<voxbox id_="1119357696" pos="59.59988 0.0 35.6" rot="0.0 90.0 0.0" size="722 15 10"/>
		<voxbox id_="365057792" pos="59.59988 0.0 -35.5999" rot="0.0 180.0 0.0" size="1190 30 10"/>
		<voxbox id_="1638958720" pos="59.59988 1.5 30.9" rot="0.0 90.0 0.0" size="675 15 10"/>
		<voxbox id_="2131295232" pos="-60.4 3.0 -36.6" rot="0.0 0.0 0.0" size="1210 10 685"/>
		<voxbox id_="644848064" pos="-60.4 1.5 31.9" rot="0.0 0.0 0.0" size="1210 10 47"/>
		<voxbox id_="619549632" pos="-60.4 0.0 35.6" rot="0.0 90.0 0.0" size="722 15 10"/>
		<voxbox id_="1418678784" pos="-60.4 0.0 35.6" rot="0.0 0.0 0.0" size="1210 15 10"/>
		<voxbox id_="1850980736" pos="-60.4 1.5 30.9" rot="0.0 90.0 0.0" size="675 15 10"/>
		<voxbox id_="557024448" pos="-60.4 1.5 30.9" rot="0.0 0.0 0.0" size="1210 15 10"/>
	</group>
	<water id_="1442273280" pos="0.0 1.6 57.2" rot="0.0 0.0 0.0"/>
	<environment id_="623416448" template="sunset" pos="0.0 5.0 57.2" skyboxrot="135"/>
	<spawnpoint id_="1122438016" pos="61.2 5.1 32.8" rot="0.0 -40.0 0.0"/>
	<group id_="1858779904" name="script">
		<script id_="981985792" file="main.lua"/>
		<script id_="976349376" file="sandbox.lua"/>
	</group>
	<layers/>
</scene>

